:020000040800F2
:1000000000400020D914000861130008691300089B
:1000100000000000000000000000000000000000E0
:100020000000000000000000000000007113000844
:1000300000000000000000007B130008851300088A
:100040002915000829150008291500082915000898
:100050002915000829150008291500082915000888
:100060002915000829150008291500082915000878
:100070002915000829150008291500082915000868
:100080002915000829150008291500082915000858
:100090002915000829150008291500082915000848
:1000A0002915000829150008291500082915000838
:1000B000291500082915000895130008AD1300083C
:1000C00010B5064C2378002B07D1054B002B02D02E
:1000D000044800E000BF0123237010BDC8020020C7
:1000E0000000000008B40008044B10B5002B03D03A
:1000F0000349044800E000BF10BDC04600000000F6
:10010000CC02002008B400080023C25C0133002A9E
:10011000FBD1581E7047000003B4714649084000E7
:100120004900095E49008E4403BC70470022430821
:100130008B4274D303098B425FD3030A8B4244D3AF
:10014000030B8B4228D3030C8B420DD3FF220902F1
:1001500012BA030C8B4202D31212090265D0030BB0
:100160008B4219D300E0090AC30B8B4201D3CB03A6
:10017000C01A5241830B8B4201D38B03C01A5241E8
:10018000430B8B4201D34B03C01A5241030B8B42EA
:1001900001D30B03C01A5241C30A8B4201D3CB02D5
:1001A000C01A5241830A8B4201D38B02C01A5241BA
:1001B000430A8B4201D34B02C01A5241030A8B42BD
:1001C00001D30B02C01A5241CDD2C3098B4201D3D5
:1001D000CB01C01A524183098B4201D38B01C01A53
:1001E000524143098B4201D34B01C01A52410309CA
:1001F0008B4201D30B01C01A5241C3088B4201D379
:10020000CB00C01A524183088B4201D38B00C01A25
:10021000524143088B4201D34B00C01A5241411A4C
:1002200000D20146524110467047FFE701B5002059
:1002300000F006F802BDC0460029F7D076E7704707
:100240007047C04680B58AB000AF2B4B2B4A1A606E
:10025000294B24225A60284B00229A60264B002208
:10026000DA60254BC02212031A61234B802252030D
:100270005A61214B00221A761F4B01225A761E4BDF
:1002800000229A761C4B0122DA761B4B00221A7749
:10029000194B01225A77184B180001F0CFF9031EB1
:1002A00001D001F033F83B0000225A613B000122EB
:1002B0009A613B000122DA613B00114A1A603B005F
:1002C00000225A603B000E4A9A603B000022DA602E
:1002D0003B0000221A613B0001221A623A00064BE1
:1002E0001100180001F0A8FA031E01D001F00EF869
:1002F000C046BD460AB080BDE40200200064004054
:10030000808C000090B58BB000AF786014243B194E
:10031000180014231A0000210AF0ACFC7B681B684B
:10032000204A93423AD1204BDA691F4B802189043D
:100330000A43DA611C4BDA6980239B0413403B615A
:100340003B69194B5A69184B8021C9020A435A610B
:10035000154B5A698023DB021340FB60FB683B1995
:10036000C02292001A6021007B1802225A607B187A
:1003700000229A607B180322DA607B1804221A613B
:100380007B180A4A1900100002F0D8F80022002158
:100390001E2002F0A1F81E2002F0B3F8C046BD46B0
:1003A0000BB090BD00640040001002400004004803
:1003B00090B589B000AF0C243B19180014231A0023
:1003C00000210AF057FC1D4B5A691C4B8021890201
:1003D0000A435A61194B5A6980239B021340BB6040
:1003E000BB68164B5A69154B8021C9020A435A61F2
:1003F000124B5A698023DB0213407B607B68902399
:10040000DB0500220321180002F010FA21007B18FE
:1004100003221A607B1801225A607B1800229A601E
:100420007B180022DA607A189023DB05110018008F
:1004300002F084F8C046BD4609B090BD00100240ED
:1004400080B582B000AF78600E4B0F4A786800210B
:1004500001F034FC031E10D19023DB0501211800AC
:1004600002F001FA094B01221A70074B1B69012B9C
:1004700003D1044B1A78064B1A70C046BD4602B031
:1004800080BDC046C8030020A4030020D403002080
:10049000D603002080B582B000AF7860C046BD466C
:1004A00002B080BDB0B5A6B002AF01F03FF800F0D9
:1004B000D9FEFFF77DFFFFF7C5FE00F0BFFF06F096
:1004C000B7FE6F4B992292001A606D4B00225A6062
:1004D0006B4B0022DA606A4B00229A60684B08225C
:1004E0001A61674B00221A75664B180001F096FAE4
:1004F000644B0221180001F00CFD614B03221A61CC
:10050000614BE0221A70604B01225A705E4B002250
:100510009A70C0465B4B180001F098FB031EF9D09F
:100520005A4B594A5649574801F0BEFA031E05D1A5
:100530009023DB050221180002F095F9544B1B783B
:10054000012B00D08DE09023DB050221180002F082
:100550008AF9504B1B689AB24F4B1900002006F0E5
:10056000B7FF4C4B1B684D4A0021D154444B082225
:100570001A614B4B1B780F221340DAB2424B1A70B0
:10058000414B47225A70404BFF229A703E4BFF224C
:10059000DA70424B1A783C4B1A71404B5A783A4BFE
:1005A0005A713E4B9A78384B9A713C4BDA78364BFD
:1005B000DA71C046334B180001F048FB031EF9D036
:1005C000324B314A2E492F4801F06EFA031E0BD1EF
:1005D0009023DB050221180002F045F9304B1B780F
:1005E0000133DAB22E4B1A70254B06221A612C4BBE
:1005F0001B780F221340DBB21033DAB2224B1A7091
:10060000264B1A79204B5A70244B5A791E4B9A70FC
:10061000224B9A791C4BDA70204BDA791A4B1A71FB
:10062000194B00225A71C046164B180001F00EFB00
:10063000031EF9D0154B144A1149124801F034FA3F
:10064000031E0BD19023DB050221180002F00BF9E9
:10065000134B1B780133DAB2114B1A700C4B00228A
:100660001A70104B1B78002B00D167E700238C22F7
:10067000BA18136000238822BA18136041E0C046FC
:100680008C030020E4020020C0030020D0030020DF
:10069000E0090020E4090020F0090020E80900201A
:1006A000D6030020D40300208C243B191B683A1D7C
:1006B000D0183B191B688022D11AD74A88257B198C
:1006C0001B68D3181B78D54A0AF0A0FA03008421CE
:1006D0007A1813607B181B68002B19DB3B191A680A
:1006E0007B181B68D3187F2B12D83B191A687B180C
:1006F0001B68D3183A1913607B191B6801337A19E8
:100700001360C74B1A698823FB181B689A42CBD821
:10071000C34B1968C34AC4483B1D00930B0080219A
:100720000AF074FAC04B1800FFF7EEFC03009AB20F
:10073000BD4B1900002006F0CBFEBC4B1B78002BF4
:1007400035D1BB4B06221A61B84B1B780F221340E0
:10075000DBB21033DAB2B74B1A70B64B15225A70AF
:10076000B44B01229A70B34B0122DA70B14B0222D2
:100770001A71B04B02225A71C046AF4B180001F0FB
:1007800065FA031EF9D0AD4BAA4AA949AA4801F05F
:100790008BF9031E0BD19023DB050221180002F018
:1007A00062F8A24B1B780133DAB2A04B1A709C4B53
:1007B0001B69032B2FD1984B1B78E02B2BD1964B29
:1007C0005B78012B27D1944B9B78002B23D1974B3F
:1007D00000221A70964B03221A61964BE0221A707F
:1007E000944B01225A70934B00229A70C046924B50
:1007F000180001F02BFA031EF9D0904B8D4A8C495A
:100800008D4801F051F9031E05D19023DB0502212B
:10081000180002F028F8824B1B69022B25D17E4B71
:100820001B78A32B21D17C4B5B78002B1DD1804BF7
:1008300002221A617F4BE1221A707E4B01225A700C
:10084000C0467D4B180001F001FA031EF9D07B4B26
:10085000784A7749784801F027F9031E05D190239B
:10086000DB050221180001F0FEFF6D4B1B69012B17
:100870001ED9694B1B78312B1AD86D4B01221A6196
:10088000654B1B780133DBB20F221340DBB2503BC8
:10089000DAB2684B1A70C046674B180001F0D6F9FF
:1008A000031EF9D0654B634A6149634801F0FCF8C7
:1008B0005B4B1B69032B34D1574B5B78002B30D13A
:1008C000554B9B78012B2CD1594B03221A61574B66
:1008D0001B780F221340DBB21033DAB2554B1A707B
:1008E000544B01225A70534B01229A70C046524B0E
:1008F000180001F0ABF9031EF9D0504B4D4A4C499A
:100900004D4801F0D1F8031E0BD19023DB050221E5
:10091000180001F0A8FF454B1B780133DAB2434BB6
:100920001A703F4B1B69032B33D13B4B5B78262B53
:100930002FD13F4B04221A613C4B1B780F221340EE
:10094000DBB21033DAB23B4B1A703A4B27225A70A3
:10095000384B02229A70374B0122DA70C046364B70
:10096000180001F073F9031EF9D0344B314A3049B5
:10097000314801F099F8031E0BD19023DB050221C9
:10098000180001F070FF294B1B780133DAB2274BB6
:100990001A70234B1B69022B00D00CE11E4B5B78B5
:1009A000082B00D007E1224B08221A611F4B1B784D
:1009B0000F221340DAB21F4B1A701E4B09225A70D5
:1009C0001C4B01229A701B4B0122DA70194B20221A
:1009D0001A71184B44225A71164B33229A71154BD7
:1009E0003122DA71C046144B180001F02FF9031EB2
:1009F000F9D0124B0F4A0E490F4801F055F8031E6B
:100A000020D19023DB050221180001F02CFF074BB9
:100A10001B780133DAB213E0C803002020B40008C9
:100A2000A403002028B400080C030020D6030020F3
:100A30008C030020C0030020E4020020D00300202B
:100A4000CE4B1A70052000F0D5FDCD4B08221A615F
:100A5000CA4B1B780F221340DAB2CA4B1A70C94B2B
:100A600031225A70C74B31229A70C64B3122DA704C
:100A7000C44B31221A71C34B31225A71C14B3122FE
:100A80009A71C04B3122DA71C046BF4B180001F099
:100A9000DDF8031EF9D0BD4BBA4AB949BA4801F096
:100AA00003F8031E0BD19023DB050221180001F08F
:100AB000DAFEB24B1B780133DAB2B04B1A70052064
:100AC00000F098FDAE4B08221A61AC4B1B780F2248
:100AD0001340DAB2AB4B1A70AA4B00225A70A94BE2
:100AE00032229A70A74B3222DA70A64B32221A7148
:100AF000A44B32225A71A34B32229A71A14B32225B
:100B0000DA71C046A04B180001F0A0F8031EF9D01E
:100B10009E4B9C4A9A499C4800F0C6FF031E0BD18D
:100B20009023DB050221180001F09DFE934B1B78FA
:100B30000133DAB2914B1A70052000F05BFD904B47
:100B400008221A618D4B1B780F221340DBB2103341
:100B5000DAB28C4B1A708B4B32225A70894B32228C
:100B60009A70884B3222DA70864B32221A71854B8A
:100B700000225A71834B22229A71824B1122DA7120
:100B8000C046814B180001F061F8031EF9D07F4B7D
:100B90007C4A7B497C4800F087FF031E0BD19023E1
:100BA000DB050221180001F05EFE744B1B78013357
:100BB000DAB2724B1A70764B5B78462B6FD1704B62
:100BC00008221A616D4B1B780F221340DAB26D4B6D
:100BD0001A706C4B47225A706A4BFF229A70694B0D
:100BE000FF22DA70674B53221A71664B4D225A71FD
:100BF000644B20229A71634B4922DA71C046624BE2
:100C0000180001F023F8031EF9D0604B5D4A5C49DF
:100C10005D4800F049FF031E0BD19023DB05022144
:100C2000180001F020FE554B1B780133DAB2534B0C
:100C30001A70534B06221A61504B1B780F22134037
:100C4000DBB21033DAB24F4B1A704E4B6E225A7031
:100C50004C4B74229A704B4B6522DA70494B6722D9
:100C60001A71484B00225A71C046474B180000F0D9
:100C7000EDFF031EF9D0454B424A4149424800F07E
:100C800013FF031E0BD19023DB050221180001F096
:100C9000EAFD3A4B1B780133DAB2384B1A703D4B00
:100CA0001B69052B00D0C3E1394B5B78302B00D09A
:100CB000BEE1374B9B78012B00D0B9E1364B1B7856
:100CC0000133DAB2344B1A70314BDB78402B08D148
:100CD000324B62229A703149314B0822180008F0D9
:100CE0008FF82B4BDB78412B08D12C4B59229A7073
:100CF0002A492B4B0822180008F082F8244BDB7895
:100D0000422B19D1274B1B7801225340DBB2002B19
:100D100009D0224B52229A702049214B08221800F8
:100D200008F06EF808E01D4B5A229A701B491C4BC4
:100D30000822180008F064F8154BDB78432B08D123
:100D4000164B5B229A701549154B0822180008F0C3
:100D500057F80F4BDB78442B2FD1124B1B78012215
:100D60005340DBB2002B1FD00C4B50229A700B4922
:100D70000B4B0822180008F043F81EE0D6030020B1
:100D80008C030020C0030020E4020020D0030020D8
:100D9000C8030020A4030020D7030020D8030020AC
:100DA000C4060020D5030020974B5C229A70964918
:100DB000964B0822180008F023F8954BDB78452B5A
:100DC0002BD1944B1B78282B0DD1934B1B785A1E9B
:100DD0009341DBB201225340DBB21A1C01231340C2
:100DE000DAB28D4B1A708C4B1B7801225340DBB268
:100DF000002B09D0844B28229A708349834B082208
:100E0000180007F0FDFF08E07F4B5D229A707E49D5
:100E10007E4B0822180007F0F3FF7D4BDB78462B52
:100E200019D17D4B1B7801225340DBB2002B09D036
:100E3000754B4F229A707449744B0822180007F0C2
:100E4000DFFF08E0704B5E229A706F496F4B0822FB
:100E5000180007F0D5FF6E4BDB78472B08D16A4BA3
:100E60005F229A706849694B0822180007F0C8FF92
:100E7000674BDB78482B19D1674B1B780122534015
:100E8000DBB2002B09D0604B51229A705E495F4B58
:100E90000822180007F0B4FF08E05B4B60229A704C
:100EA00059495A4B0822180007F0AAFF584BDB7823
:100EB000492B08D1544B61229A705349534B082255
:100EC000180007F09DFF524BDB78502B40D1514B5F
:100ED0001B78012B08D14C4B55229A704A494B4B39
:100EE0000822180007F08CFF4A4B1B78282B2FD1C3
:100EF0004A4B04221A614A4B1B780F221340DBB283
:100F00001033DAB2474B1A70464B2D225A70454BBC
:100F100001229A70434B0122DA70C046424B1800FE
:100F200000F094FE031EF9D0404B3E4A3B493E4838
:100F300000F0BAFD031E0BD19023DB05022118003F
:100F400001F091FC364B1B780133DAB2344B1A7046
:100F50002F4BDB78512B08D12B4B63229A702A49F7
:100F60002A4B0822180007F04BFF294BDB78622B35
:100F700008D1254B05229A702349244B08221800DA
:100F800007F03EFF224BDB78632B08D11E4B11226A
:100F90009A701D491D4B0822180007F031FF1C4BA9
:100FA000DB78682B08D1184B11229A701649174B21
:100FB0000822180007F024FF154BDB78692B08D1B5
:100FC000114B05229A701049104B0822180007F0A7
:100FD00017FF0F4BDB78712B08D10B4B28229A702F
:100FE00009490A4B0822180007F00AFF084BDB7872
:100FF000802B35D1044B2A229A700349034B0822D7
:10100000180007F0FDFE2BE0D8030020C4060020E6
:10101000C8030020D7030020D50300208C03002044
:10102000D6030020C0030020E4020020D0030020EB
:10103000864B1B69052B13D1854B5B78302B0FD169
:10104000834B9B78022B0BD1824B00221A70824B70
:1010500000229A708049814B0822180007F0D0FEC8
:101060007A4B1B69052B35D1794B5B78342B31D109
:10107000774B9B78012B14D1774B4F229A7076498E
:10108000764B0822180007F0BBFE322000F0B2FABF
:10109000714B00229A707049704B0822180007F0BB
:1010A000AFFE6B4B9B78022B14D16B4B50229A7086
:1010B00069496A4B0822180007F0A2FE322000F0AE
:1010C00099FA654B00229A706349644B0822180014
:1010D00007F096FE5D4B1B69032B35D15C4B5B78AB
:1010E0002A2B31D15A4B9B78012B14D15A4B3A22DF
:1010F0009A705949594B0822180007F081FE322096
:1011000000F078FA544B00229A705349534B08224E
:10111000180007F075FE4E4B9B78022B14D14E4BF6
:101120003B229A704C494D4B0822180007F068FE8C
:10113000322000F05FFA484B00229A704649474B34
:101140000822180007F05CFE404B1B69032B1CD1E2
:101150003F4B5B782C2B18D13D4B9B78012B14D146
:101160003D4B3A229A703C493C4B0822180007F04C
:1011700047FE322000F03EFA374B00229A70364983
:10118000364B0822180007F03BFE304B1B69032B3F
:1011900035D12F4B5B783A2B31D12D4B9B78002BDF
:1011A00014D12D4B3A229A702B492C4B082218004F
:1011B00007F026FE322000F01DFA274B00229A701D
:1011C0002549264B0822180007F01AFE204B9B7871
:1011D000012B14D1204B3B229A701F491F4B082230
:1011E000180007F00DFE322000F004FA1A4B00221E
:1011F0009A701949194B0822180007F001FE134B89
:101200001B69032B1CD1124B5B78362B18D1104B6A
:101210009B78022B14D1104B3E229A700E490F4B33
:101220000822180007F0ECFD322000F0E3F90A4B29
:1012300000229A700849094B0822180007F0E0FDC7
:10124000074B00221A70FFF779F9C046A40300206B
:10125000C8030020D7030020D8030020C4060020C4
:10126000D403002090B599B000AF2C243B1918008E
:1012700034231A00002109F0FDFC1C23FB18180080
:1012800010231A00002109F0F5FC3B0018001C2374
:101290001A00002109F0EEFC3B1920221A603B19CC
:1012A00001221A623B1900225A623B19180003F00E
:1012B00037F9031E01D000F029F81C217B18072202
:1012C0001A607B1803225A607B1800229A607B18F0
:1012D0000022DA607B180121180003F0A7FC031E2E
:1012E00001D000F013F83B00802292021A603B000C
:1012F00000229A613B00180003F0E4FD031E01D0B8
:1013000000F004F8C046BD4619B090BD80B500AFEE
:1013100072B6C046C046FDE780B582B000AF0F4B45
:101320009A690E4B01210A439A610C4B9B69012279
:1013300013407B607B68094BDA69084B80214905C3
:101340000A43DA61054BDA6980235B0513403B6091
:101350003B68C046BD4602B080BDC046001002409A
:1013600080B500AFC046FDE780B500AFC046FDE7E1
:1013700080B500AFC046BD4680BD80B500AFC04659
:10138000BD4680BD80B500AF00F018F9C046BD462F
:1013900080BD000080B500AF034B180000F0E3FDF6
:1013A000C046BD4680BDC046E402002080B500AF07
:1013B000034B180001F08CFBC046BD4680BDC04603
:1013C000E403002080B586B000AF7860144A154B66
:1013D000D31A7B617B693B61134B1B68002B02D1E5
:1013E000114B124A1A60104B1A687B68D3183A697D
:1013F0009A4207D209F058FC03000C221A6001231C
:101400005B4209E0084B1B68FB60074B1A687B686E
:10141000D218054B1A60FB681800BD4606B080BDA7
:101420000040002000040000E0030020181100200C
:1014300080B500AFC046BD4680BD000080B500AF9E
:101440000F4B104A1A600E4B08221A710C4B0222E5
:101450005A710B4B0222DA71094B00225A72084B67
:1014600000229A72064B0022DA72054B180001F036
:1014700015FA031E01D0FFF749FFC046BD4680BDE7
:10148000E4030020005C004080B584B000AF7860C9
:101490007B681B680E4A934215D10E4BDA690D4BDF
:1014A000802109040A43DA610A4BDA6980231B04AC
:1014B0001340FB60FB68002200211F2001F00CF8A4
:1014C0001F2001F01EF8C046BD4604B080BDC046D6
:1014D000005C0040001002400D488546FFF7A8FF61
:1014E0000C480D490D4A002302E0D458C45004337F
:1014F000C4188C42F9D30A4A0A4C002301E0136055
:101500000432A242FBD309F0D5FBFEF7CBFFFEE786
:101510000040002000000020C80200203CB6000867
:10152000C802002018110020FEE7000080B500AFBF
:10153000074B1A68064B10210A431A60032000F07B
:1015400009F8FFF7E9FE00231800BD4680BDC0463C
:101550000020024090B583B000AF7860144B1C6847
:10156000144B1B781900FA239800FEF7DFFD0300E7
:1015700019002000FEF7DAFD0300180000F0D1FF8B
:10158000031E01D001230FE07B68032B0BD8796881
:1015900001235B420022180000F09EFF064B7A6890
:1015A0001A60002300E001231800BD4603B090BD7F
:1015B00000000020080000200400002080B500AFDB
:1015C000054B1B781A00054B1B68D218034B1A6099
:1015D000C046BD4680BDC04608000020C0060020B1
:1015E00080B500AF024B1B681800BD4680BDC046E9
:1015F000C006002080B584B000AF7860FFF7F0FF30
:101600000300BB607B68FB60FB68013305D00A4BBD
:101610001B781A00FB689B18FB60C046FFF7E0FFD1
:101620000200BB68D31AFA689A42F7D8C046C0468F
:10163000BD4604B080BDC0460800002080B584B01F
:1016400000AF78607B68002B01D10123F0E07B685C
:1016500020229B5CDBB2002B03D17B681800FEF7D5
:1016600051FE7B681B681A687B681B6801210A436E
:101670001A60FFF7B5FF0300FB6013E0FFF7B0FF50
:101680000200FB68D31A0A2B0CD97B685B6A8022A4
:1016900092021A437B685A627B6820220521995482
:1016A0000123C5E07B681B685B6801221340E5D01D
:1016B0007B681B681A687B681B6802218A431A6072
:1016C000FFF78EFF0300FB6013E0FFF789FF0200C6
:1016D000FB68D31A0A2B0CD97B685B6A80229202C2
:1016E0001A437B685A627B682022052199540123A2
:1016F0009EE07B681B685B6802221340E5D17B6833
:101700001B7E012B08D17B681B681A687B681B68ED
:1017100080210A431A6007E07B681B681A687B68AF
:101720001B6880218A431A607B685B7E012B08D18D
:101730007B681B681A687B681B6840210A431A6033
:1017400007E07B681B681A687B681B6840218A4336
:101750001A607B689B7E012B08D17B681B681A6826
:101760007B681B6820210A431A6007E07B681B68BE
:101770001A687B681B6820218A431A607B68DB7EBD
:10178000012B08D17B681B681A687B681B681021D5
:101790008A431A6007E07B681B681A687B681B68CD
:1017A00010210A431A607B681B7F012B08D17B68DC
:1017B0001B681A687B681B6808210A431A6007E0E7
:1017C0007B681B681A687B681B6808218A431A605B
:1017D0007B685B7F012B08D17B681B681A687B687C
:1017E0001B6804210A431A6007E07B681B681A68BB
:1017F0007B681B6804218A431A607B689A687B684F
:10180000DB681A437B681B691A437B685B691A4370
:1018100011007B685B685A1E7B681B680A43DA61AB
:101820007B6800225A627B682022012199540023A0
:101830001800BD4604B080BD80B586B000AF7860AA
:1018400039607B681B687B6113203B187A68202114
:10185000525C1A700200BB181B78012B04D0BB1815
:101860001B78022B00D0CDE07A6980239B00D358EF
:1018700001221A4311007A6980239B00D1503B68F2
:101880005B691F22134001229A401300FB607A69B2
:1018900087239B00D358FA68D2431A4011007A6913
:1018A00087239B00D1503B68DB69002B29D17A69E3
:1018B00083239B00D358FA68D2431A4011007A69F7
:1018C00083239B00D1503B68DB6818043B685B684E
:1018D0001B04190C3B685A6901437B694832D200EA
:1018E000D1503B689B6819043B681B681B041A0CA9
:1018F0003B685B690A4379694833DB00CB180433E2
:101900001A603B68DB69012B28D17A6983239B002D
:10191000D258FB681A4311007A6983239B00D15087
:101920003B681B6818043B685B681B04190C3B6828
:101930005A6901437B694832D200D1503B689B68A9
:1019400019043B68DB681B041A0C3B685B690A439B
:1019500079694833DB00CB1804331A603B689B6914
:10196000002B0CD17A6981239B00D358FA68D243AB
:101970001A4011007A6981239B00D1500AE07A69EC
:1019800081239B00D258FB681A4311007A69812396
:101990009B00D1503B681B69002B0CD17A698523D1
:1019A0009B00D358FA68D2431A4011007A69852304
:1019B0009B00D1500AE07A6985239B00D258FB68CE
:1019C0001A4311007A6985239B00D1503B681B6A3A
:1019D000012B0AD17A6987239B00D258FB681A43EE
:1019E00011007A6987239B00D1507A6980239B007C
:1019F000D3580122934319007A6980239B00D15068
:101A0000002307E07B685B6A8022D2021A437B686E
:101A10005A6201231800BD4606B080BD80B584B06F
:101A200000AF78607B6820229B5CDBB2012B2FD15A
:101A30007B682022022199547B681B681A687B68A6
:101A40001B6801218A431A60FFF7CAFD0300FB608F
:101A500013E0FFF7C5FD0200FB68D31A0A2B0CD96F
:101A60007B685B6A802292021A437B685A627B68B9
:101A7000202205219954012312E07B681B685B68D2
:101A800001221340E5D17B6800225A62002307E05F
:101A90007B685B6A802212031A437B685A620123C7
:101AA0001800BD4604B080BD80B588B000AFF860B6
:101AB000B9607A603B601F203B18FA682021525CB5
:101AC0001A70FB681B689B68BB613B181B78012B75
:101AD00004D03B181B78022B00D0ABE0BA698023FE
:101AE000DB0413400AD1BA6980231B05134005D1DA
:101AF000BA6980235B05134000D192E0BB691B0EDD
:101B0000032213407B6101227B699A403B681A6083
:101B1000BB689B68002B0CD1BB681B685905BB6870
:101B2000DA68FB681B6811437A6918321201D150D8
:101B30000FE0BB685B68DA00BB689B681A43110062
:101B4000BB68DA68FB681B6811437A6918321201B6
:101B5000D150FB681968BB681A697B6918331B018F
:101B6000CB1804331A60BB681B7D012B12D1FB68B4
:101B70001A687B6918331B01D31804331A68FB6891
:101B8000196880235B001A437B6918331B01CB184B
:101B900004331A607B6807331B781A067B680633A8
:101BA0001B781B041A437B6805331B781B021A43FE
:101BB0007B6804331B781900FB6818680A4379694D
:101BC000C6235B0009014118CB181A607B680333F8
:101BD0001B781A067B6802331B781B041A437B6848
:101BE00001331B781B021A437B681B781900FB68C2
:101BF00018680A437969C4235B0009014118CB18AE
:101C00001A60FB681B687A6918321201D258FB68A7
:101C10001B68012111437A6918321201D150002347
:101C200010E0FB685B6A802292031A43FB685A62E9
:101C3000012307E0FB685B6A8022D2021A43FB683B
:101C40005A6201231800BD4608B080BD80B584B03B
:101C500000AF78600023FB600B203B187A682021DE
:101C6000525C1A700200BB181B78012B03D0BB1802
:101C70001B78022B1DD17B681B689A688023DB04CC
:101C8000134002D0FB680133FB607B681B689A68D5
:101C900080231B05134002D0FB680133FB607B6887
:101CA0001B689A6880235B05134002D0FB680133F0
:101CB000FB60FB681800BD4604B080BD80B586B0EF
:101CC00000AFF860B9607A603B6017203B18FA6893
:101CD0002021525C1A700200BB181B78012B04D023
:101CE000BB181B78022B00D007E1BB68002B0ED17C
:101CF000FB681B68DB680322134017D1FB685B6A33
:101D0000802292031A43FB685A620123FDE0FB68BC
:101D10001B681B690322134008D1FB685B6A8022A1
:101D200092031A43FB685A620123EEE0FB681B68CA
:101D3000BA681B321201D35804221A407B689A6099
:101D40007B689B68002B0BD1FB681B68BA681B3251
:101D50001201D3585B0D5B055A0D7B681A600AE0CF
:101D6000FB681B68BA681B321201D358DB08DB0022
:101D7000DA087B685A60FB681B68BA681B3212017C
:101D8000D35802221A407B68DA60FB681A68BB6885
:101D90001B331B01D31804331B680822134003D0E4
:101DA0007B6808221A610BE0FB681A68BB681B336A
:101DB0001B01D31804331B680F221A407B681A6179
:101DC000FB681A68BB681B331B01D31804331B68FC
:101DD0001B0AFF221A407B689A61FB681A68BB687D
:101DE0001B331B01D31804331B681B0C1B041A0C78
:101DF0007B685A61FB681968BA68DC235B001201D2
:101E00008A18D3181B68DAB23B681A70FB68196825
:101E1000BA68DC235B0012018A18D3181B681A0AFF
:101E20003B680133D2B21A70FB681968BA68DC23C8
:101E30005B0012018A18D3181B681A0C3B68023326
:101E4000D2B21A70FB681968BA68DC235B00120111
:101E50008A18D3181B681A0E3B680333D2B21A7063
:101E6000FB681968BA68DE235B0012018A18D31870
:101E70001A683B680433D2B21A70FB681968BA68F2
:101E8000DE235B0012018A18D3181B681A0A3B680C
:101E90000533D2B21A70FB681968BA68DE235B009A
:101EA00012018A18D3181B681A0C3B680633D2B289
:101EB0001A70FB681968BA68DE235B0012018A1881
:101EC000D3181B681A0E3B680733D2B21A70BB686E
:101ED000002B08D1FB681B68DA68FB681B682021AF
:101EE0000A43DA6007E0FB681B681A69FB681B6835
:101EF00020210A431A61002307E0FB685B6A802205
:101F0000D2021A43FB685A6201231800BD4606B08C
:101F100080BD80B584B000AF786039600F203B1879
:101F20007A682021525C1A700200BB181B78012BC2
:101F300003D0BB181B78022B09D17B681B68596939
:101F40007B681B683A680A435A61002307E07B6894
:101F50005B6A8022D2021A437B685A62012318000E
:101F6000BD4604B080BD80B58AB000AF7860002364
:101F70007B627B681B685B693B627B681B685B6894
:101F8000FB617B681B689B68BB617B681B68DB68C7
:101F90007B617B681B681B693B617B681B689B6975
:101FA000FB603B6A0122134000D184E0BB6901223F
:101FB000134024D07B681B6801229A60BB6902220F
:101FC000134004D07B68180000F081F917E0BB696A
:101FD0000422134005D07B6A8022120113437B62E6
:101FE0000DE0BB690822134005D07B6A80225201B4
:101FF00013437B6203E07B68180000F080F9BA6944
:1020000080235B00134028D07B681B68802252002D
:102010009A60BA6980239B00134004D07B68180043
:1020200000F05DF919E0BA698023DB00134005D0A8
:102030007B6A8022920113437B620EE0BA6980239F
:102040001B01134005D07B6A8022D20113437B62BF
:1020500003E07B68180000F05AF9BA6980235B023C
:10206000134028D07B681B68802252029A60BA69AC
:1020700080239B02134004D07B68180000F037F9DE
:1020800019E0BA698023DB02134005D07B6A802205
:10209000120213437B620EE0BA6980231B031340D4
:1020A00005D07B6A8022520213437B6203E07B6887
:1020B000180000F034F93B6A082213400CD07B6909
:1020C0001022134008D07B6A8022920013437B6267
:1020D0007B681B681022DA603B6A042213400BD035
:1020E0007B690822134007D07B681B680822DA60EE
:1020F0007B68180000F01BF93B6A0222134009D0EC
:102100007B681B68DB680322134003D07B681800E0
:10211000FEF796F93B6A402213400CD03B6910222F
:10212000134008D07B6A8022D20013437B627B6815
:102130001B6810221A613B6A202213400BD03B69B6
:102140000822134007D07B681B6808221A617B684D
:10215000180000F0FCF83B6A1022134009D07B689D
:102160001B681B690322134003D07B68180000F032
:10217000E6F83A6A80239B0213400BD0FB691022D9
:10218000134007D07B681B6810225A607B681800D8
:1021900000F0E5F83A6A80235B0213400BD0FB693C
:1021A0000822134007D07B681B6808225A607B68AE
:1021B000180000F0DCF83A6A80231B02134000D1BB
:1021C00074E0FB690422134000D16BE03A6A80237B
:1021D0005B00134007D0FB680122134003D07B6AE9
:1021E000012213437B623A6A80239B00134007D08D
:1021F000FB680222134003D07B6A022213437B62F6
:102200003A6A8023DB00134007D0FB6804221340A6
:1022100003D07B6A042213437B623A6A80231B014A
:1022200013403FD0FB68702213403BD0FB68702204
:102230001340602B27D02CD8502B1FD029D8402BEF
:1022400017D026D8302B0FD023D8102B02D0202B1C
:1022500005D01EE07B6A082213437B621AE07B6A8A
:10226000102213437B6215E07B6A202213437B62BA
:1022700010E07B6A402213437B620BE07B6A802282
:1022800013437B6206E07B6A8022520013437B6229
:1022900000E0C0467B681B689A697B681B687021F8
:1022A0008A439A617B681B6804225A607B6A002B10
:1022B00009D07B685A6A7B6A1A437B685A627B68DA
:1022C0001800FEF7E7F8C046BD460AB080BD80B5ED
:1022D00082B000AF7860C046BD4602B080BD80B518
:1022E00082B000AF7860C046BD4602B080BD80B508
:1022F00082B000AF7860C046BD4602B080BD80B5F8
:1023000082B000AF7860C046BD4602B080BD80B5E7
:1023100082B000AF7860C046BD4602B080BD80B5D7
:1023200082B000AF7860C046BD4602B080BD80B5C7
:1023300082B000AF7860C046BD4602B080BD80B5B7
:1023400082B000AF7860C046BD4602B080BD80B5A7
:1023500082B000AF7860C046BD4602B080BD80B597
:1023600082B000AF7860C046BD4602B080BD80B587
:1023700082B000AF7860C046BD4602B080BD0000AC
:1023800080B582B000AF0200FB1D1A70FB1D1B78E8
:102390007F2B09D8FB1D1B781A001F231A40044B02
:1023A000012191400A001A60C046BD4602B080BDBE
:1023B00000E100E090B583B000AF02003960FB1D82
:1023C0001A70FB1D1B787F2B28D82F4AFB1D1B780A
:1023D0005BB29B08C0339B009B58FA1D127811001A
:1023E00003220A40D200FF2191400A00D2431A4042
:1023F00011003B689B01FF221A40FB1D1B7818004F
:1024000003230340DB009A401F48FB1D1B785BB28F
:102410009B080A43C0339B001A5031E01B4AFB1D46
:102420001B7819000F230B40083B9B0806339B00C9
:10243000D31804331B68FA1D1278110003220A40D6
:10244000D200FF2191400A00D2431A4011003B689C
:102450009B01FF221A40FB1D1B7818000323034039
:10246000DB009A400948FB1D1B781C000F2323400A
:10247000083B9B080A4306339B00C31804331A60C9
:10248000C046BD4603B090BD00E100E000ED00E0B5
:1024900080B582B000AF78607B685A1E80235B04F1
:1024A0009A4201D3012310E00A4B7A68013A5A603C
:1024B00001235B4203211800FFF77CFF054B00223C
:1024C0009A60044B07221A6000231800BD4602B030
:1024D00080BDC04610E000E080B584B000AFB960B8
:1024E0007A600F217B18021C1A70BA687B181B785F
:1024F0005BB211001800FFF75DFFC046BD4604B097
:1025000080BD80B582B000AF0200FB1D1A70FB1DBC
:102510001B785BB21800FFF733FFC046BD4602B020
:1025200080BD80B582B000AF78607B681800FFF78F
:10253000AFFF03001800BD4602B080BD80B586B075
:1025400000AF7860396000237B6155E13B681B6810
:1025500001217A6991400A001340FB60FB68002B5F
:1025600000D146E13B685B6803221340012B05D094
:102570003B685B6803221340022B30D17B689B6869
:102580003B617B695B0003229A401300DA433B699D
:1025900013403B613B68DA687B695B009A4013003B
:1025A0003A6913433B617B683A699A607B685B6870
:1025B0003B6101227B699A401300DA433B69134077
:1025C0003B613B685B681B0901221A407B699A40AA
:1025D00013003A6913433B617B683A695A603B6870
:1025E0005B6803221340032B17D07B68DB683B61D9
:1025F0007B695B0003229A401300DA433B69134076
:102600003B613B689A687B695B009A4013003A69BA
:1026100013433B617B683A69DA603B685B6803227D
:102620001340022B23D17B69DA087B6808329200C1
:10263000D3583B617B69072213409B000F229A40CD
:102640001300DA433B6913403B613B681A697B69BD
:1026500007210B409B009A4013003A6913433B61EA
:102660007B69DA087B68083292003969D1507B684F
:102670001B683B617B695B0003229A401300DA43CD
:102680003B6913403B613B685B6803221A407B69EE
:102690005B009A4013003A6913433B617B683A69D7
:1026A0001A603B685A68C0239B02134000D1A0E027
:1026B000574B9A69564B01210A439A61544B9B69C7
:1026C00001221340BB60BB68524A7B699B080233FE
:1026D0009B009B583B617B69032213409B000F22A8
:1026E0009A401300DA433B6913403B617A689023B8
:1026F000DB059A4219D07B68474A934213D07B6826
:10270000464A93420DD07B68454A934207D07B6886
:10271000444A934201D1042308E0052306E0032341
:1027200004E0022302E0012300E000237A69032190
:102730000A40920093403A6913433B6135497B69F3
:102740009B0802339B003A695A50374B9B683B61A8
:10275000FB68DA433B6913403B613B685A6880235E
:102760005B03134003D03A69FB6813433B612E4B74
:102770003A699A602C4BDB683B61FB68DA433B6942
:1027800013403B613B685A6880239B03134003D08E
:102790003A69FB6813433B61234B3A69DA60224B89
:1027A0005B683B61FB68DA433B6913403B613B6814
:1027B0005A6880239B02134003D03A69FB68134395
:1027C0003B61194B3A695A60174B1B683B61FB68C8
:1027D000DA433B6913403B613B685A6880235B02E4
:1027E000134003D03A69FB6813433B610E4B3A69CF
:1027F0001A607B6901337B613B681A687B69DA4048
:10280000131E00D0A2E6C046C046BD4606B080BD3D
:102810000010024000000140000400480008004889
:10282000000C0048001000480004014080B582B050
:1028300000AF786008001100BB1C021C1A807B1CD2
:102840000A1C1A707B1C1B78002B04D0BB1C1A8836
:102850007B689A6103E0BB1C1A887B689A62C04659
:10286000BD4602B080BD80B584B000AF78600A007C
:10287000BB1C1A807B685B69FB60BB1C1B88FA6809
:1028800013401A04FB68DB43B91C09880B401A4348
:102890007B689A61C046BD4604B080BD90B585B0E6
:1028A00000AF78607B68002B01D10123E4E07B68F6
:1028B000734A9B5CDBB2002B08D17A68A4239B008F
:1028C0000021D1547B681800FEF7DEFD7B686C4A5E
:1028D000032199547B681B68180002F007FC0F2342
:1028E000FB1800221A7047E00F203B181A7879680D
:1028F00013009B009B18DB00CB18113301221A70C8
:102900003B181A78796813009B009B18DB00CB18E2
:1029100010333A1812781A703B181A787968130035
:102920009B009B18DB00CB18133300221A703B1856
:102930001A78796813009B009B18DB00CB182033B2
:1029400000221A603B181A78796813009B009B18C4
:10295000DB00CB18243300221A603B181B787968FF
:102960005A1C13009B009B18DB0000225A503B1896
:102970001A783B1801321A707B681B790F217A187C
:1029800012789A42B0D37B1800221A7056E00F24B6
:102990003B191A7878685223FF33190013009B0003
:1029A0009B18DB00C3185B1800221A703B191A78B9
:1029B0007868A823590013009B009B18DB00C318FC
:1029C0005B183A1912781A703B191A7878685423F0
:1029D000FF33190013009B009B18DB00C3185B1822
:1029E00000221A703B191A787868B0235900130036
:1029F0009B009B18DB00C3185B1800221A603B1970
:102A00001A787868B223590013009B009B18DB00EA
:102A1000C3185B1800221A603B191A787868B4232F
:102A2000590013009B009B18DB00C3185B180022A1
:102A30001A603B191A783B1901321A707B681B79AE
:102A40000F22BA1812789A42A1D37B6818687B6863
:102A500059689A6802F064FB7B6800221A737B68ED
:102A6000074A012199547B689B7A012B03D17B682B
:102A7000180001F01FFD00231800BD4605B090BDF1
:102A80009102000080B582B000AF78607A68A4231C
:102A90009B00D35C012B01D1022314E07A68A423AC
:102AA0009B000121D1547B681B68180002F008FBD1
:102AB0007B681B68180004F0FDFA7A68A4239B0069
:102AC0000021D15400231800BD4602B080BD000093
:102AD00080B584B000AF78607B681B68180004F094
:102AE000FFFA0300FB60FA6880231B02134004D046
:102AF0007B68180000F060FB1DE1FA688023DB00B2
:102B0000134015D07B681B6844229B5A9AB27B689D
:102B10001B688A490A4091B2442299527B68180086
:102B200007F0F0FC7B680021180000F015F902E1C5
:102B3000FA688023DB0113400CD07B681B684422B9
:102B40009B5A9AB27B681B687D490A4091B2442225
:102B50009952F0E0FA6880239B0113400CD07B6807
:102B60001B6844229B5A9AB27B681B6875490A40CD
:102B700091B244229952DEE0FA6880235B0113404F
:102B800038D07B681B6840229B5A9AB27B681B68CE
:102B900004218A4391B2402299527B681B684022EB
:102BA0009B5A9AB27B681B6808218A4391B24022E3
:102BB00099527A68B2239B00D35C012B09D17A68C1
:102BC000B2239B000021D1547B680021180001F042
:102BD0009BFC7B68180007F0CCFC7B681B684422D8
:102BE0009B5A9AB27B681B6857490A4091B24422AB
:102BF0009952A0E0FA6880231B01134028D07B681B
:102C00001B6840229B5A9AB27B681B6808210A43C2
:102C100091B2402299527B681B6844229B5A9AB217
:102C20007B681B6849490A4091B2442299527B68EB
:102C30001B6840229B5A9AB27B681B6804210A4396
:102C400091B2402299527B68180007F083FC72E031
:102C5000FB688022134046D07B681B6844229B5A45
:102C60009AB27B681B6880218A4391B244229952B0
:102C70007A68B2239B00D35C002B2FD17B681B6842
:102C800040229B5A9AB27B681B6804210A4391B286
:102C9000402299527B681B6840229B5A9AB27B68FB
:102CA0001B6808210A4391B2402299527A68B223E4
:102CB0009B000121D1547B681B6854229B5A9BB214
:102CC0009B083C22134019007A68B3239B00D15023
:102CD0007B680121180001F017FC2CE07B681800CC
:102CE00007F038FC27E0FA6880239B00134010D0DF
:102CF0007B681B6844229B5A9AB27B681B68144904
:102D00000A4091B2442299527B68180007F0EBFB0D
:102D100011E0FA6880235B0013400CD07B681B68CD
:102D200044229B5A9AB27B681B680A490A4091B2B6
:102D300044229952C046BD4604B080BDFFFBFFFF50
:102D4000FFBFFFFFFFDFFFFFFFEFFFFFFFF7FFFF0B
:102D5000FFFDFFFFFFFEFFFF80B582B000AF786090
:102D60000A00FB1C1A707A68A4239B00D35C012B19
:102D700001D1022316E07A68A4239B000121D154DB
:102D80007B68FA1C12781A737B681A68FB1C1B7824
:102D90001900100004F07AF97A68A4239B0000213E
:102DA000D15400231800BD4602B080BD90B585B057
:102DB00000AF78600C0010001900FB1C221C1A7078
:102DC0003B00021C1A80BB1C0A1C1A700B23FB1848
:102DD00000221A70FB1C1B785BB2002B0FDAFB1C65
:102DE0001B7807221A4013009B009B18DB0010334E
:102DF0007A68D318FB60FB6801225A700FE0FB1C55
:102E00001B7807221A4013009B009B18DB005133EC
:102E1000FF337A68D318FB60FB6800225A70FB1CF2
:102E20001B7807221340DAB2FB681A703B001A883D
:102E3000FB681A61FB68BA1C1278DA70BB1C1B783D
:102E4000022B02D1FB6800221A717A68A4239B002E
:102E5000D35C012B01D1022313E07A68A4239B00E9
:102E60000121D1547B681B68FA681100180002F038
:102E700073F97A68A4239B000021D1540B23FB181B
:102E80001B781800BD4605B090BD80B584B000AF7A
:102E900078600A00FB1C1A70FB1C1B785BB2002BCD
:102EA0000FDAFB1C1B7807221A4013009B009B18AB
:102EB000DB0010337A68D318FB60FB6801225A707C
:102EC0000FE0FB1C1B7807221A4013009B009B1885
:102ED000DB005133FF337A68D318FB60FB680022B4
:102EE0005A70FB1C1B7807221340DAB2FB681A7079
:102EF0007A68A4239B00D35C012B01D1022311E04B
:102F00007A68A4239B000121D1547B681B68FA686E
:102F10001100180002F0C8FC7A68A4239B0000216D
:102F2000D15400231800BD4604B080BD80B586B0E2
:102F300000AFF8607A603B600B203B180A1C1A70E7
:102F400001007B181B7807221A4013009B009B1876
:102F5000DB005133FF33FA68D3187B617B697A68F1
:102F60005A617B693A689A617B690022DA617B6900
:102F700000225A707B181B7807221340DAB27B6953
:102F80001A70FB681B687A691100180002F04CFE89
:102F900000231800BD4606B080BD80B582B000AFEA
:102FA00078600A00FB1C1A70FB1C1B7807221A4071
:102FB0007868B623590013009B009B18DB00C318E8
:102FC0005B181B681800BD4602B080BD80B586B096
:102FD00000AFF8607A603B600B203B180A1C1A7047
:102FE0003B181B7807221A4013009B009B18DB003C
:102FF0001033FA68D3187B617B697A685A617B6900
:103000003A689A617B692422012199547B693A6864
:103010001A627B690022DA617B6901225A703B18CF
:103020001B7807221340DAB27B691A70FB681B68B1
:103030007A691100180002F0F7FD00231800BD4660
:1030400006B080BD80B584B000AF78600A00FB1C7C
:103050001A70FB1C1B78072213407A68127993427E
:1030600001D9012346E0FB1C1B785BB2002B0FDA71
:10307000FB1C1B7807221A4013009B009B18DB00E7
:1030800010337A68D318FB60FB6801225A700DE098
:10309000FB1C1A7813009B009B18DB005133FF3395
:1030A0007A68D318FB60FB6800225A70FB68012223
:1030B0009A70FB1C1B7807221340DAB2FB681A7067
:1030C0007A68A4239B00D35C012B01D1022311E079
:1030D0007A68A4239B000121D1547B681B68FA689D
:1030E0001100180003F0D0FE7A68A4239B00002191
:1030F000D15400231800BD4604B080BD80B584B013
:1031000000AF78600A00FB1C1A70FB1C1B780F22B2
:1031100013407A681279934201D9012348E0FB1CDD
:103120001B785BB2002B0FDAFB1C1B7807221A40BE
:1031300013009B009B18DB0010337A68D318FB60E8
:10314000FB6801225A700FE0FB1C1B7807221A4013
:1031500013009B009B18DB005133FF337A68D318B0
:10316000FB60FB6800225A70FB6800229A70FB1C0F
:103170001B7807221340DAB2FB681A707A68A4231E
:103180009B00D35C012B01D1022311E07A68A423B8
:103190009B000121D1547B681B68FA68110018005C
:1031A00003F0C2FE7A68A4239B000021D1540023BF
:1031B0001800BD4604B080BDB0B596B000AF7860D1
:1031C00000F0EAFB7B681A6848203B184421525AF9
:1031D0001A803B181B88DAB24F243B190F210A4092
:1031E0001A703B191B78002B00D08DE13B181B880F
:1031F0001022134052D17B681B681B889AB20E20A4
:103200003B18BA490A401A807B681B683A18128832
:10321000B7490A4392B21A807B6810337B657B689A
:103220001B6850229B5A9BB21A007B6D1B78DB00F7
:10323000D2187B681B68D318AE4A944663441B8837
:103240009B059A0D7B6DDA617B6D5A697B6DDB693D
:10325000D2187B6D5A617B680021180007F025F9B0
:103260007B681B7BDBB2002B01D100F095FB7B6DF3
:103270009B69002B01D000F08FFB7B681B7BDBB2CE
:10328000802252421343DAB27B681B6811004C2241
:1032900099527B6800221A7300F07EFB7B685133E1
:1032A000FF337B657B681A684C217B1812881A8073
:1032B0007B181A8880231B01134037D07B681B685A
:1032C00050229B5A9BB21A007B6D1B78DB00D218F0
:1032D0007B681B68D318884A944663441B889B0507
:1032E0009A0D7B6DDA617B6818687B68A622920074
:1032F00099187B6DDA887B6DDB699BB203F048FF20
:103300007B681B681B889AB210203B187B490A40D7
:103310001A807B681B683A18128880210A4392B28F
:103320001A807B68180007F08AF835E34C23FB18F5
:1033300000229B5E002B00DB2EE37B681B681B8852
:103340009AB21E203B186D490A401A807B681B68A0
:103350003A18128880210A4392B21A807B681B684F
:1033600050229B5A9BB21A007B6D1B78DB00D2184F
:103370007B681B68D318604A944663441B889B058E
:103380009A0D7B6DDA617B6DDB69002B1AD07B6D4A
:103390005B69002B16D07B6818687B6D59697B6D63
:1033A000DA887B6DDB699BB203F0F2FE7B6D5A69B4
:1033B0007B6DDB69D2187B6D5A617B680021180038
:1033C00007F052F87B681A684C217B1812881A8023
:1033D0007B181A8880231B01134000D0DCE27B1885
:1033E0001A88C0239B011A40C0239B019A4200D136
:1033F000D2E27B681B68BB617B681B6850229B5ACA
:103400009BB21A00BB699B18BB61BB693A4A9446E0
:1034100063447B617B691B889BB29B059B0D9AB2C1
:103420007B691A807B6D1B69002B08D17B691B8827
:103430009BB22F4A13439AB27B691A8035E07B6DA9
:103440001B693E2B17D87B6D1B695B087B647B6D0A
:103450001B690122134002D07B6C01337B647B69C2
:103460001B889AB27B6C9BB29B029BB213439AB2AD
:103470007B691A8019E07B6D1B695B097B647B6D3E
:103480001B691F22134002D17B6C013B7B647B696B
:103490001B889AB27B6C9BB29B029BB213439BB27C
:1034A000134A13439AB27B691A807B681B681B8896
:1034B0009AB212203B1812490A401A803B183A1857
:1034C0001288802149014A401A803B183A18128814
:1034D000802189014A401A807B681B683A1812884B
:1034E00008490A4392B21A8056E2C0460F8FFFFF86
:1034F0000080FFFF02040000060400008F0F0000A0
:103500008FBFFFFF8080FFFF7B681B681A004F2082
:103510003B181B789B00D2184C217B1812881A800C
:103520007B1800229B5E002B00DBFAE07B681B68A7
:103530001A003B181B789B00D3181B889AB24A24A8
:103540003B19D1490A401A807B681B681A003B1856
:103550001B789B00D3183A19128880210A4392B233
:103560001A803B181A7813009B009B18DB0051331C
:10357000FF337A68D3187B657B6D1B7B002B25D1CD
:103580007B681B6850229B5A9BB21A007B6D1B788C
:10359000DB00D2187B681B68D318BC4A944663448E
:1035A0001A8850243B199205920D1A803B191B88EA
:1035B000002B00D18DE07B6818687B6D59697B6DAD
:1035C000DA883B191B8803F0E3FD82E07B6DDB7832
:1035D000022B0CD15023FC184C23FB181A88796D50
:1035E0007B68180000F0ECF90300238071E07B6831
:1035F0001B681A007B6D1B789B00D3181B889AB23E
:1036000052203B18A2490A401A807B681B681A00A6
:103610007B6D1B789B00D3183A1812889D490A438A
:1036200092B21A807B681B681A007B6D1B789B0026
:10363000D3181B889BB21A008023DB01134024D0CF
:103640007B681B6850229B5A9BB21A007B6D1B78CB
:10365000DB00D2187B681B68D3188F4A94466344FA
:103660001A8850243B199205920D1A803B191B8829
:10367000002B2ED07B6818687B6D59697B6D1A8989
:103680003B191B8803F084FD23E07B681B685022F4
:103690009B5A9BB21A007B6D1B78DB00D2187B68AB
:1036A0001B68D318794A944663441A8850243B19FE
:1036B0009205920D1A803B191B88002B09D07B685C
:1036C00018687B6D59697B6D5A893B191B8803F01B
:1036D0005FFD7B6DDA6950217B181B88D2187B6DEA
:1036E000DA617B6D5A697B181B88D2187B6D5A6131
:1036F0007B6D9B69002B05D07B181A887B6D1B693D
:103700009A4207D27B6D1A787B681100180006F088
:10371000ABFE06E07B681B687A6D1100180002F0B2
:1037200083FA4C243B191B888022134000D133E1DB
:103730004F203B181A7813009B009B18DB001033B6
:103740007A68D3187B657B681B681A003B181B7866
:103750009B00D3181B889AB242257B194F490A4017
:103760001A807B681B681A003B181B789B00D318D3
:103770007A1912884A490A4392B21A807B6DDB7823
:10378000012B00D0AFE07B6D00229A617B6D1B7B2B
:10379000002B00D19FE03B191B884022134046D0EC
:1037A0007B6D5B78002B25D17B681B687B627B6817
:1037B0001B6850229B5A9BB21A007B6A9B187B6243
:1037C0007B6D1B78DA007B6AD318334A94466344D6
:1037D0003B623B6A1B889BB29B059B0D9AB23B6A7E
:1037E0001A803B6A1B889BB22D4A13439AB23B6AEC
:1037F0001A8070E07B6D5B78012B6CD17B681B6855
:10380000FB627B681B6850229B5A9BB21A00FB6AC2
:103810009B18FB627B6D1B78DA00FB6AD3181E4A8B
:1038200094466344BB62BB6A00221A8053E07B6803
:103830001B68FB637B6D5B78002B33D17B681B6857
:103840007B637B681B6850229B5A9BB21A007B6B80
:103850009B187B637B6D1B78DA007B6BD3180B4A5C
:10386000944663443B633B6B1B889BB29B059B0D5B
:103870009AB23B6B1A803B6B1B889BB2084A13437E
:103880009AB23B6B1A8026E08F0F000006040000FE
:103890008F8FFFFFC080FFFF020400000F8FFFFF2C
:1038A0000080FFFF7B6D5B78012B14D17B681B6868
:1038B00050229B5A9BB21A00FB6B9B18FB637B6DDB
:1038C0001B78DA00FB6BD3183B4A94466344BB6316
:1038D000BB6B00221A807B6D1A787B681100180080
:1038E00006F0E3FD58E04C23FB181A8880235B00A8
:1038F000134049D17B681B6850229B5A9BB21A0027
:103900007B6D1B78DB00D2187B681B68D3182B4AB1
:10391000944663441A8840217B189205920D1A80C0
:103920007B6D9A697B181B889A4207D97B6D9A69CF
:103930007B181B88D21A7B6D9A6102E07B6D002296
:103940009A617B6D9B69002B07D17B6D1A787B6830
:103950001100180006F0A9FD1EE07B6D5A69402198
:103960007B181B88D2187B6D5A617B6DDA697B18D6
:103970001B88D2187B6DDA617B681B687A6D110039
:10398000180002F051F907E04C23FB181A88796DF2
:103990007B68180000F030F97B681B6844229B5A52
:1039A0009BB21BB2002B01DAFFF70CFC00231800BE
:1039B000BD4616B0B0BDC0460604000002040000BB
:1039C00090B589B000AFF860B960BB1D1A80BB1D0F
:1039D0001A888023DB01134000D17DE0FB681B685F
:1039E00050229B5A9BB21A00BB681B78DB00D2188E
:1039F000FB681B68D3187A4A944663441A881A21D4
:103A00007B189205920D1A80BB689A697B181B88F7
:103A10009A4207D3BB689A697B181B88D21ABB6885
:103A20009A6102E0BB6800229A61BB689B69002B27
:103A300021D1FB681B681A00BB681B789B00D31858
:103A40001B889AB218203B1866490A401A803B1816
:103A50003A181288802189014A401A80FB681B6845
:103A60001A00BB681B789B00D3183A1812885E496D
:103A70000A4392B21A80BB1D1B88402213401AD001
:103A8000FB681B681A00BB681B789B00D3181B8857
:103A90009AB216203B1855490A401A80FB681B68E9
:103AA0001A00BB681B789B00D3183A18128850493B
:103AB0000A4392B21A801A243B191B88002B00D1AA
:103AC00086E0FB681868BB685969BB681A893B19AE
:103AD0001B8803F05DFB7BE0FB681B6850229B5A50
:103AE0009BB21A00BB681B78DB00D218FB681B680E
:103AF000D318404A944663441A881A217B189205C9
:103B0000920D1A80BB689A697B181B889A4207D36A
:103B1000BB689A697B181B88D21ABB689A6102E05D
:103B2000BB6800229A61BB689B69002B21D1FB68AE
:103B30001B681A00BB681B789B00D3181B889AB2BD
:103B40001E203B1827490A401A803B183A18128851
:103B5000802189014A401A80FB681B681A00BB68F3
:103B60001B789B00D3183A1812881F490A4392B257
:103B70001A80BB1D1B88402213401AD1FB681B68AA
:103B80001A00BB681B789B00D3181B889AB21C20B4
:103B90003B1816490A401A80FB681B681A00BB686C
:103BA0001B789B00D3183A18128811490A4392B225
:103BB0001A801A243B191B88002B09D0FB6818684F
:103BC000BB685969BB685A893B191B8803F0E0FA46
:103BD0001A23FB181B881800BD4609B090BDC046CB
:103BE000020400008FBFFFFF8080FFFF8F8FFFFF69
:103BF000C080FFFF0604000080B5A4B000AFF860ED
:103C0000B960BB1D1A80BB1D1B884022134000D128
:103C1000E4E1FB681B6850229B5A9BB21A00BB6808
:103C20001B78DB00D218FB681B68D318D04A944677
:103C300063441A8888217B189205920D1A80BB680C
:103C40009A697B181B889A4207D9BB689A697B18C6
:103C50001B88D21ABB689A6102E0BB6800229A6195
:103C6000BB689B69002B00D0B5E0BB685B78002B7C
:103C700025D1FB681B68FB62FB681B6850229B5ABE
:103C80009BB21A00FB6A9B18FB62BB681B78DA00C8
:103C9000FB6AD318B64A94466344BB62BB6A1B886E
:103CA0009BB29B059B0D9AB2BB6A1A80BB6A1B88AC
:103CB0009BB2B04A13439AB2BB6A1A801BE0BB683E
:103CC0005B78012B17D1FB681B687B63FB681B6863
:103CD00050229B5A9BB21A007B6B9B187B63BB687C
:103CE0001B78DA007B6BD318A14A944663443B638C
:103CF0003B6B00221A80FB681B687B62BB685B78A9
:103D0000002B25D1FB681B68FB61FB681B685022F8
:103D10009B5A9BB21A00FB699B18FB61BB681B781E
:103D2000DA00FB69D318944A94466344BB61BB69CB
:103D30001B889BB29B059B0D9AB2BB691A80BB691D
:103D40001B889BB28B4A13439AB2BB691A8018E056
:103D5000BB685B78012B14D1FB681B6850229B5A0F
:103D60009BB21A007B6A9B187B62BB681B78DA00E7
:103D70007B6AD318804A944663443B623B6A0022C4
:103D80001A80BB681A78FB681100180006F08DFBDA
:103D9000BB1D1A888023DB01134000D108E3FB68B8
:103DA0001B681A00BB681B789B00D3181B889AB24B
:103DB00016203B1871490A401A80FB681B681A00DC
:103DC000BB681B789B00D3183A1812886C490A43C9
:103DD00092B21A80ECE2BB1D1A888023DB011340EB
:103DE0001AD0FB681B681A00BB681B789B00D318AD
:103DF0001B889AB28A203B1860490A401A80FB68E7
:103E00001B681A00BB681B789B00D3183A181288ED
:103E10005B490A4392B21A80BB6824229B5C012B47
:103E200000D0C5E2BB685A6988217B181B88D2186C
:103E3000BB685A61BB68DA697B181B88D218BB68FB
:103E4000DA61BB681A6ABB681B699A420CD3BB680B
:103E50001B698C217A181360BB681A6A7B181B686F
:103E6000D21ABB681A621AE0BB681B6A002B0AD11F
:103E70008823FB181B888C22BA181360BB68242285
:103E8000002199540BE0BB68242200219954BB689F
:103E90001B6A8C22BA181360BB6800221A62BB68C6
:103EA0005B78002B00D06DE0FB681B68FB63FB6850
:103EB0001B6850229B5A9BB21A00FB6B9B18FB633A
:103EC000BB681B78DA00FB6BD318294A944663441D
:103ED000BB63BB6B1B889BB29B059B0D9AB2BB6BF4
:103EE0001A808C23FB181B68002B08D1BB6B1B8826
:103EF0009BB2204A13439AB2BB6B1A8061E08C22BA
:103F0000BB181B683E2B17D8BB181B685B08BB642B
:103F1000BB181B680122134002D0BB6C0133BB6489
:103F2000BB6B1B889AB2BB6C9BB29B029BB21343C8
:103F30009AB2BB6B1A8044E08C22BB181B685B09E9
:103F4000BB64BB181B681F22134002D1BB6C013B32
:103F5000BB64BB6B1B889AB2BB6C9BB29B029BB2CF
:103F600013439BB2034A13439AB2BB6B1A8028E0F7
:103F7000020400000080FFFF060400008F8FFFFF97
:103F800080C0FFFFBB685B78012B1AD1FB681B6800
:103F90007B64FB681B6850229B5A9BB21A007B6CA7
:103FA0009B187B64BB681B78DA007B6CD318D94AFA
:103FB000944663443B648C23FB181B689AB23B6CA9
:103FC0001A80FB681868BB685969BB681A898C231A
:103FD000FB181B689BB203F091F8E9E1FB681B68D2
:103FE00050229B5A9BB21A00BB681B78DB00D21888
:103FF000FB681B68D318C84A944663441A88882112
:104000007B189205920D1A80BB689A697B181B88F1
:104010009A4207D3BB689A697B181B88D21ABB687F
:104020009A6102E0BB6800229A61BB689B69002B21
:1040300000D0BBE0BB685B78002B25D1FB681B6818
:10404000FB67FB681B6850229B5A9BB21A00FB6FF0
:104050009B18FB67BB681B78DA00FB6FD318AD4A6F
:1040600094466344BB67BB6F1B889BB29B059B0D4B
:104070009AB2BB6F1A80BB6F1B889BB2A74A1343CF
:104080009AB2BB6F1A801BE0BB685B78012B17D11B
:10409000FB681B687B66FB681B6850229B5A9BB2BF
:1040A0001A007B6E9B187B66BB681B78DA007B6E00
:1040B000D318984A944663443B663B6E00221A80AC
:1040C000FB681B687B67BB685B78002B2BD1FB68A8
:1040D0001B68FB66FB681B6850229B5A9BB21A0048
:1040E000FB6E9B18FB66BB681B78DA00FB6ED3186F
:1040F000894A9446634484217A1813607B181B68AC
:104100001B889BB29B059B0D9AB27B181B681A807B
:104110007B181B681B889BB2804A13439AB27B189A
:104120001B681A8018E0BB685B78012B14D1FB6810
:104130001B6850229B5A9BB21A007B6F9B187B67AF
:10414000BB681B78DA007B6FD318734A94466344CC
:104150003B673B6F00221A80BB681A78FB6811002E
:10416000180006F0A2F9BB1D1A888023DB0113405A
:1041700000D01DE1FB681B681A00BB681B789B0020
:10418000D3181B889AB282203B1865490A401A80CE
:10419000FB681B681A00BB681B789B00D3183A1891
:1041A000128860490A4392B21A8001E1BB1D1A8845
:1041B0008023DB0113401AD1FB681B681A00BB681F
:1041C0001B789B00D3181B889AB24E203B18544989
:1041D0000A401A80FB681B681A00BB681B789B00AA
:1041E000D3183A1812884F490A4392B21A80BB6812
:1041F00024229B5C012B00D0DAE0BB685A6988213D
:104200007B181B88D218BB685A61BB68DA697B18B7
:104210001B88D218BB68DA61BB681A6ABB681B6965
:104220009A420CD3BB681B698C217A181360BB6857
:104230001A6A7B181B68D21ABB681A621AE0BB683C
:104240001B6A002B0AD18823FB181B888C22BA1802
:104250001360BB682422002199540BE0BB681B6AE1
:104260008C22BA181360BB6800221A62BB68242231
:1042700000219954FB681B687B65BB685B78002B49
:1042800000D06DE0FB681B68FB65FB681B68502273
:104290009B5A9BB21A00FB6D9B18FB65BB681B7891
:1042A000DA00FB6DD3181C4A94466344BB65BB6DB2
:1042B0001B889BB29B059B0D9AB2BB6D1A808C2309
:1042C000FB181B68002B08D1BB6D1B889BB2134ADF
:1042D00013439AB2BB6D1A805EE08C22BB181B6838
:1042E0003E2B21D8BB181B685B08BB66BB181B683C
:1042F0000122134002D0BB6E0133BB66BB6D1B882D
:104300009AB2BB6E9BB29B029BB213439AB2BB6D37
:104310001A8041E002040000060400000080FFFF54
:104320008F8FFFFF80C0FFFF8C22BB181B685B09CB
:10433000BB66BB181B681F22134002D1BB6E013B3A
:10434000BB66BB6D1B889AB2BB6E9BB29B029BB2D5
:1043500013439BB22C4A13439AB2BB6D1A801BE0E5
:10436000BB685B78012B17D1FB681B6850229B5AF6
:104370009BB21A007B6D9B187B65BB681B78DA00CB
:104380007B6DD318214A944663443B658C23FB180C
:104390001B689AB23B6D1A80FB681868BB68596944
:1043A000BB685A898C23FB181B689BB202F0A6FEDF
:1043B000FB681B681A00BB681B789B00D3181B881E
:1043C0009AB214203B1812490A401A803B183A1836
:1043D000128810214A401A803B183A18128820216E
:1043E0004A401A80FB681B681A00BB681B789B0058
:1043F000D3183A18128807490A4392B21A80002348
:104400001800BD4624B080BD0080FFFF06040000F8
:10441000BF8FFFFF8080FFFF90B587B000AFF860CF
:10442000080011007B600A243B19021C1A80082333
:10443000FB180A1C1A8021007B181B88802213405D
:104440009BB2002B0CD07B181B8807221A4013004C
:104450009B009B18DB001033FA68D3187B610BE0DC
:104460000A23FB181A8813009B009B18DB005133AA
:10447000FF33FA68D3187B610823FB181B88002BD5
:1044800007D17B6900221A737B689AB27B69DA8054
:104490000BE07B6901221A737B689AB27B691A81EF
:1044A0007B681B0C9AB27B695A8100231800BD46B9
:1044B00007B090BD80B584B000AF78607B681B68A2
:1044C000FB607A68B4239B000121D1507A68B22343
:1044D0009B000021D154FB6854229B5A9BB20122BD
:1044E000134399B2FB6854229952FB6854229B5A99
:1044F0009BB20222134399B2FB68542299520023C3
:104500001800BD4604B080BD80B582B000AF7860B1
:104510000A00FB1C1A70C046BD4602B080BD0000F8
:1045200080B588B000AF78607B68002B02D1012392
:1045300000F076FB7B681B680122134000D18EE0FF
:10454000C54B5B680C221340042B0ED0C24B5B683A
:104550000C221340082B17D1BF4B5A68C0235B02B3
:104560001A4080235B029A420ED1BB4B1A6880230B
:104570009B02134000D171E07B685B68002B00D088
:104580006CE0012300F04CFB7B685B68012B07D1DA
:10459000B14B1A68B04B802149020A431A602FE0E0
:1045A0007B685B68002B0CD1AB4B1A68AA4BAB49FC
:1045B0000A401A60A84B1A68A74BA9490A401A601A
:1045C0001EE07B685B68052B0ED1A34B1A68A24BDB
:1045D0008021C9020A431A609F4B1A689E4B8021B2
:1045E00049020A431A600BE09B4B1A689A4B9B499D
:1045F0000A401A60984B1A68974B99490A401A600A
:104600007B685B68002B14D0FCF7EAFF0300BB61FA
:1046100008E0FCF7E5FF0200BB69D31A642B01D95F
:104620000323FDE28C4B1A6880239B021340F0D0D9
:1046300015E0FCF7D5FF0300BB6108E0FCF7D0FFF5
:104640000200BB69D31A642B01D90323E8E2824B31
:104650001A6880239B021340F0D100E0C0467B68BB
:104660001B680222134000D16CE07B4B5B680C227C
:1046700013400ED0784B5B680C221340082B1FD1DF
:10468000754B5A68C0235B021A4080231B029A4272
:1046900016D1714B1B680222134005D07B68DB6882
:1046A000012B01D00123BBE26B4B1B68F822934323
:1046B00019007B681B69DA00674B0A431A6041E006
:1046C0007B68DB68002B24D0634B1A68624B0121A6
:1046D0000A431A60FCF784FF0300BB6108E0FCF7A3
:1046E0007FFF0200BB69D31A022B01D9032397E293
:1046F000594B1B6802221340F1D0574B1B68F8221C
:10470000934319007B681B69DA00534B0A431A6014
:1047100018E0514B1A68504B01218A431A60FCF78C
:104720005FFF0300BB6108E0FCF75AFF0200BB69B2
:10473000D31A022B01D9032372E2474B1B680222D2
:104740001340F1D17B681B680822134036D07B6888
:10475000DB69002B19D0404B5A6A3F4B01210A43B9
:104760005A62FCF73DFF0300BB6108E0FCF738FF2D
:104770000200BB69D31A022B01D9032350E2364B46
:104780005B6A02221340F1D018E0334B5A6A324B75
:1047900001218A435A62FCF723FF0300BB6108E052
:1047A000FCF71EFF0200BB69D31A022B01D90323B9
:1047B00036E2294B5B6A02221340F1D17B681B6809
:1047C0000422134000D1B5E01F203B1800221A70CC
:1047D000214BDA6980235B05134010D11E4BDA6947
:1047E0001D4B802149050A43DA611B4BDA6980239E
:1047F0005B051340FB60FB683B1801221A70194BE4
:104800001A6880235B0013401AD1164B1A68154BA7
:10481000802149000A431A60FCF7E2FE0300BB61F5
:1048200008E0FCF7DDFE0200BB69D31A642B01D956
:104830000323F5E10B4B1A6880235B001340F0D093
:104840007B689B68012B0FD1034B1A6A024B012135
:104850000A431A6236E0C04600100240FFFFFEFF26
:10486000FFFFFBFF007000407B689B68002B0CD1B2
:10487000CA4B1A6AC94B01218A431A62C74B1A6A8A
:10488000C64B04218A431A621CE07B689B68052B97
:104890000CD1C24B1A6AC14B04210A431A62BF4BA6
:1048A0001A6ABE4B01210A431A620BE0BB4B1A6A1B
:1048B000BA4B01218A431A62B84B1A6AB74B0421DA
:1048C0008A431A627B689B68002B14D0FCF788FE31
:1048D0000300BB6109E0FCF783FE0200BB69D31A49
:1048E000AF4A934201D903239AE1AC4B1B6A0222DF
:1048F0001340F0D013E0FCF773FE0300BB6109E046
:10490000FCF76EFE0200BB69D31AA54A934201D997
:10491000032385E1A14B1B6A02221340F0D11F2320
:10492000FB181B78012B05D19C4BDA699B4B9D49E9
:104930000A40DA617B681B681022134063D07B68F1
:104940005B69012B2AD1954B5A6B944B04210A4386
:104950005A63924B5A6B914B01210A435A63FCF7FD
:104960003FFE0300BB6108E0FCF73AFE0200BB69B2
:10497000D31A022B01D9032352E1884B5B6B02222D
:104980001340F1D0854B5B6BF822934319007B6891
:104990009B69DA00814B0A435A6334E07B685B69A8
:1049A000053311D17D4B5A6B7C4B04218A435A63EA
:1049B0007A4B5B6BF822934319007B689B69DA00A2
:1049C000764B0A435A631EE0744B5A6B734B0421B7
:1049D0000A435A63714B5A6B704B01218A435A63E5
:1049E000FCF7FEFD0300BB6108E0FCF7F9FD0200E7
:1049F000BB69D31A022B01D9032311E1674B5B6B0F
:104A000002221340F1D17B681B68202213405CD046
:104A1000624B5B680C2213400C2B0ED05F4B5B6823
:104A20000C221340082B14D15C4B5A68C0235B0244
:104A30001A40C0235B029A420BD1584B5A6B802319
:104A40009B02134040D07B681B6A012B3CD00123A2
:104A5000E6E07B681B6A002B1BD0504B5A6B4F4B18
:104A6000802149020A435A63FCF7BAFD0300BB6187
:104A700008E0FCF7B5FD0200BB69D31A022B01D98F
:104A80000323CDE0454B5A6B80239B021340F0D0AB
:104A90001BE0424B5A6B414B43490A405A63FCF7B7
:104AA0009FFD0300BB6108E0FCF79AFD0200BB69B3
:104AB000D31A022B01D90323B2E0384B5A6B80235F
:104AC0009B021340F0D100E0C0467B685B6A002B7C
:104AD00000D1A4E0314B5B680C221340082B00D1BD
:104AE00078E07B685B6A022B4CD12C4B1A682B4B0D
:104AF0002E490A401A60FCF773FD0300BB6108E011
:104B0000FCF76EFD0200BB69D31A022B01D9032307
:104B100086E0224B1A6880239B041340F0D11F4B80
:104B2000DB6A0F22934319007B681A6B1B4B0A4305
:104B3000DA621A4B5B681E4A134019007B68DA6A16
:104B40007B689B6A1A43154B0A435A60134B1A68D9
:104B5000124B802149040A431A60FCF741FD03000F
:104B6000BB6108E0FCF73CFD0200BB69D31A022BD5
:104B700001D9032354E0094B1A6880239B04134096
:104B8000F0D04CE0054B1A68044B08490A401A6003
:104B9000FCF726FD0300BB6115E0C0460010024093
:104BA00088130000FFFFFFEFFFFFFEFFFFFFFFFE88
:104BB000FF7FC2FFFCF714FD0200BB69D31A022B72
:104BC00001D903232CE0184B1A6880239B0413405F
:104BD000F0D124E07B685B6A012B01D101231FE047
:104BE000114B5B687B61104BDB6A3B617A69C023C8
:104BF0005B021A407B689B6A9A420ED13B690F2286
:104C00001A407B681B6B9A4207D17A69F0239B0399
:104C10001A407B68DB6A9A4201D0012300E000233E
:104C20001800BD4608B080BD0010024080B584B0B9
:104C300000AF786039607B68002B01D10123BFE0B1
:104C4000614B1B68012213403A689A4211D95E4BAE
:104C50001B680122934319005B4B3A680A431A60B0
:104C6000594B1B68012213403A689A4201D0012334
:104C7000A6E07B681B680222134015D07B681B6886
:104C80000422134006D0514B5A68504BE021C90012
:104C90000A435A604D4B5B68F022934319007B68CE
:104CA0009A684A4B0A435A607B681B68012213408A
:104CB0004CD07B685B68012B07D1444B1A6880237A
:104CC0009B02134020D101237AE07B685B68022BB2
:104CD00007D13E4B1A6880239B04134014D1012353
:104CE0006EE07B685B68032B07D1384B5A6B8023DF
:104CF0009B02134008D1012362E0344B1B6802225F
:104D0000134001D101235BE0304B5B6803229343E6
:104D100019007B685A682D4B0A435A60FCF760FC07
:104D20000300FB6009E0FCF75BFC0200FB68D31AA0
:104D3000274A934201D9032342E0244B5B680C22AB
:104D40001A407B685B689B009A42ECD11E4B1B6843
:104D5000012213403A689A4211D21B4B1B68012270
:104D600093431900184B3A680A431A60164B1B68A4
:104D7000012213403A689A4201D0012320E07B6867
:104D80001B680422134009D0104B5B68114A134082
:104D900019007B68DA680D4B0A435A6000F020F86E
:104DA00001000A4B5B681B090F2213400A4AD35CBF
:104DB0000A00DA40094B1A600320FCF7CBFB002302
:104DC0001800BD4604B080BD002002400010024023
:104DD00088130000FFF8FFFFB0B4000800000020B7
:104DE00080B586B000AF0023FB600023BB600023CA
:104DF0007B6100237B6000233B612D4B5B68FB6084
:104E0000FB680C2213400C2B46D048D8042B02D050
:104E1000082B03D043E0274B3B6143E0FB689B0C2E
:104E20000F221340244AD35C7B60214BDB6A0F22A4
:104E30001340224AD35CBB60FA68C0235B021A406D
:104E400080235B029A4209D1B9681A48FBF76EF9D0
:104E500003001A007B6853437B611AE0FA68C023A1
:104E60005B021A40C0235B029A4209D1B968144818
:104E7000FBF75CF903001A007B6853437B6108E091
:104E8000B9680C48FBF752F903001A007B685343DA
:104E90007B617B693B6105E0094B3B6102E0054BAF
:104EA0003B61C0463B691800BD4606B080BDC046A8
:104EB0000010024000127A00C0B40008D0B400080C
:104EC000006CDC0280B586B000AF786000233B61E7
:104ED0000023FB607B681A6880235B02134000D1CB
:104EE0008EE017203B1800221A706E4BDA6980237F
:104EF0005B05134010D16B4BDA696A4B8021490581
:104F00000A43DA61674BDA6980235B051340BB60B3
:104F1000BB683B1801221A70634B1A6880235B0040
:104F200013401AD1604B1A685F4B802149000A4335
:104F30001A60FCF755FB03003B6108E0FCF750FBEF
:104F400002003B69D31A642B01D90323A6E0564B18
:104F50001A6880235B001340F0D0524B1A6AC023BA
:104F60009B001340FB60FB68002B34D07B685A68C1
:104F7000C0239B001340FA689A422CD0494B1B6A0D
:104F80004A4A1340FB60474B1A6A464B802149024C
:104F90000A431A62434B1A6A424B45490A401A6255
:104FA000404BFA681A62FB680122134013D0FCF7E9
:104FB00017FB03003B6109E0FCF712FB02003B69B1
:104FC000D31A3C4A934201D9032367E0354B1B6A4D
:104FD00002221340F0D0334B1B6A344A13401900AD
:104FE0007B685A682F4B0A431A621723FB181B78F9
:104FF000012B05D12B4BDA692A4B2F490A40DA6184
:105000007B681B680122134009D0264B1B6B0322CF
:10501000934319007B689A68224B0A431A637B68A2
:105020001B680222134009D01E4B1B6B234A1340FE
:1050300019007B68DA681B4B0A431A637B681B689C
:105040002022134009D0174B1B6B102293431900E9
:105050007B681A69134B0A431A637B681A688023BA
:105060009B02134009D00F4B1B6B80229343190006
:105070007B689A690B4B0A431A637B681A68802322
:10508000DB00134009D0074B1B6B402293431900F0
:105090007B685A69034B0A431A6300231800BD4614
:1050A00006B080BD0010024000700040FFFCFFFF12
:1050B000FFFFFEFF88130000FFFFFFEFFFFFFCFF75
:1050C00080B584B000AF78607B684422002199529B
:1050D000054BFB60FB6899B27B6840229952002324
:1050E0001800BD4604B080BD80BF000080B584B00C
:1050F00000AF7860094BFB607B6840229B5A9BB2F3
:10510000FA6892B2D24392B2134099B27B684022BD
:10511000995200231800BD4604B080BD80BF000036
:1051200080B584B000AFF8603B1D19605A60FB6821
:10513000402201219952FB68402200219952FB68CC
:10514000442200219952FB685022002199520023E9
:105150001800BD4604B080BD80B59CB000AF78603B
:1051600039606F23FB1800221A707A683B681B783D
:105170009B00D3181B889AB26C23FB18A1490A40E4
:105180001A803B68DB78032B17D028DC022B0ED06B
:1051900025DC002B02D0012B18D020E06C22BB189C
:1051A000BA181288802189000A431A801CE06C22F8
:1051B000BB18BA1812881A8016E06C22BB18BA18ED
:1051C0001288C021C9000A431A800DE06C22BB1866
:1051D000BA1812888021C9000A431A8004E06F239C
:1051E000FB1801221A70C0467A683B681B789B0046
:1051F000D3186C22BA18128883490A4392B21A80D3
:105200007A683B681B789B00D3181B889BB21BB243
:105210007E4A13401AB23B681B781BB213431AB282
:1052200066217B181A807A683B681B789B00D3182C
:105230007A18128874490A4392B21A803B681B7B21
:10524000002B00D077E13B685B78002B00D17AE03F
:105250007B68BB617B6850229B5A9BB21A00BB697A
:105260009B18BB613B681B78DA00BB69D3188022AE
:10527000D200944663447B613B68DB885B089BB249
:10528000DB189AB27B691A807A683B681B789B00AE
:10529000D21812217B1812881A807B181B88402292
:1052A000134016D07A683B681B789B00D3181B8884
:1052B0009AB210203B1855490A401A807A683B6818
:1052C0001B789B00D3183A18128851490A4392B2AE
:1052D0001A803B68DB78012B1DD07A683B681B780D
:1052E0009B00D3181B889AB20C203B1849490A40EE
:1052F0001A803B183A18128820214A401A807A688E
:105300003B681B789B00D3183A1812883E490A4321
:1053100092B21A80B5E27A683B681B789B00D3187A
:105320001B889AB20E203B183A490A401A807A68C4
:105330003B681B789B00D3183A18128832490A43FD
:1053400092B21A809DE27B683B637B6850229B5A35
:105350009BB21A003B6B9B183B633B681B78DA00DF
:105360003B6BD3182C4A94466344FB623B68DB8852
:105370005B089BB2DB189AB2FB6A1A807B68BB623F
:105380007B6850229B5A9BB21A00BB6A9B18BB6277
:105390003B681B78DA00BB6AD318204A9446634402
:1053A0007B627B6A1B889BB29B059B0D9AB27B6AD2
:1053B0001A803B681B69002B08D17B6A1B889BB253
:1053C000174A13439AB27B6A1A8045E03B681B690F
:1053D0003E2B27D83B681B695B08BB663B681B6993
:1053E0000122134002D0BB6E0133BB667B6A1B886F
:1053F0009AB2BB6E9BB29B029BB213439AB27B6A7A
:105400001A8029E08F89FFFF8080FFFF8F8FFFFFC9
:10541000C080FFFFBF8FFFFF0404000006040000F0
:105420000080FFFF3B681B695B09BB663B681B692B
:105430001F22134002D1BB6E013BBB667B6A1B88F7
:105440009AB2BB6E9BB29B029BB213439BB2B54A0E
:1054500013439AB27B6A1A807A683B681B789B0078
:10546000D21822217B1812881A807B181A88802370
:10547000DB01134016D07A683B681B789B00D31879
:105480001B889AB220203B18A7490A401A807A68E4
:105490003B681B789B00D3183A181288A3490A432B
:1054A00092B21A803B681B78002B25D17A683B6842
:1054B0001B789B00D3181B889AB21C203B189C4970
:1054C0000A401A803B183A181288802149014A4044
:1054D0001A803B183A181288802189014A401A80A4
:1054E0007A683B681B789B00D3183A181288914958
:1054F0000A4392B21A80C4E17A683B681B789B0029
:10550000D3181B889AB21E203B1889490A401A807A
:105510003B183A181288802189014A401A807A681B
:105520003B681B789B00D3183A18128881490A43BC
:1055300092B21A80A5E13B68DB78022B17D17A681A
:105540003B681B789B00D3181B889AB262203B18DB
:1055500075490A401A807A683B681B789B00D3180B
:105560003A18128874490A4392B21A8016E07A688F
:105570003B681B789B00D3181B889AB264203B18A9
:105580006E490A401A807A683B681B789B00D318E2
:105590003A18128867490A4392B21A807B68FB6501
:1055A0007B6850229B5A9BB21A00FB6D9B18FB65CF
:1055B0003B681B78DA00FB6DD3188022D20094463A
:1055C0006344BB653B681B895B089BB2DB189AB2DE
:1055D000BB6D1A807B687B657B6850229B5A9BB2AF
:1055E0001A007B6D9B187B653B681B78DA007B6D2E
:1055F000D318534A944663443B653B685B895B0818
:105600009BB2DB189AB23B6D1A803B685B78002B2B
:1056100000D09BE07A683B681B789B00D218402141
:105620007B1812881A807B181A888023DB011340AC
:1056300016D07A683B681B789B00D3181B889AB2F7
:105640003E203B1838490A401A807A683B681B782C
:105650009B00D3183A18128834490A4392B21A8030
:105660007A683B681B789B00D2183C217B18128813
:105670001A807B181B884022134016D07A683B683A
:105680001B789B00D3181B889AB23A203B182649F6
:105690000A401A807A683B681B789B00D3183A1836
:1056A000128828490A4392B21A807A683B681B78AC
:1056B0009B00D3181B889AB238203B181C490A401B
:1056C0001A803B183A181288802149014A401A80F2
:1056D0003B183A181288802189014A401A807A685A
:1056E0003B681B789B00D3183A18128811490A436B
:1056F00092B21A807A683B681B789B00D3181B888B
:105700009AB236203B1810490A401A807A683B68E2
:105710001B789B00D3183A18128806490A4392B2A4
:105720001A80AEE00080FFFF8F8FFFFF80C0FFFF79
:105730008FBFFFFF8080FFFF8081FFFF8F8EFFFF05
:1057400004040000C080FFFFBF8FFFFF7A683B6842
:105750001B789B00D2184E217B1812881A807B1868
:105760001A888023DB01134016D07A683B681B78C7
:105770009B00D3181B889AB24C203B1844490A401E
:105780001A807A683B681B789B00D3183A181288F5
:1057900040490A4392B21A807A683B681B789B00A2
:1057A000D2184A217B1812881A807B181B88402245
:1057B000134016D07A683B681B789B00D3181B886F
:1057C0009AB248203B1832490A401A807A683B68EE
:1057D0001B789B00D3183A1812882F490A4392B2BB
:1057E0001A803B68DB78012B1DD07A683B681B78F8
:1057F0009B00D3181B889AB244203B1827490A40C3
:105800001A803B183A18128820214A401A807A6878
:105810003B681B789B00D3183A18128820490A432A
:1058200092B21A8016E07A683B681B789B00D31806
:105830001B889AB246203B1818490A401A807A6899
:105840003B681B789B00D3183A18128814490A4306
:1058500092B21A807A683B681B789B00D3181B8829
:105860009AB242203B180F490A401A807A683B6876
:105870001B789B00D3183A18128809490A4392B240
:105880001A806F23FB181B781800BD461CB080BD22
:105890008F8FFFFF80C0FFFFC080FFFFBF8FFFFF24
:1058A0008080FFFF8FBFFFFF80B58CB000AF7860B6
:1058B00039603B681B7B002B00D07EE03B685B7847
:1058C000002B3CD07A683B681B789B00D2180C21D7
:1058D0007B1812881A807B181B884022134016D030
:1058E0007A683B681B789B00D3181B889AB20A2001
:1058F0003B18C7490A401A807A683B681B789B00AE
:10590000D3183A181288C3490A4392B21A807A68A7
:105910003B681B789B00D3181B889AB208203B1861
:10592000BD490A401A807A683B681B789B00D318EF
:105930003A181288B9490A4392B21A8063E17A6828
:105940003B681B789B00D21812217B1812881A80A2
:105950007B181A888023DB01134016D07A683B68D5
:105960001B789B00D3181B889AB210203B18A849BB
:105970000A401A807A683B681B789B00D3183A1853
:105980001288A7490A4392B21A807A683B681B784A
:105990009B00D3181B889AB20E203B18A1490A40DD
:1059A0001A807A683B681B789B00D3183A181288D3
:1059B0009A490A4392B21A8025E13B685B78002B32
:1059C00000D090E07A683B681B789B00D2182021B9
:1059D0007B1812881A807B181A888023DB011340F9
:1059E00016D07A683B681B789B00D3181B889AB244
:1059F0001E203B1886490A401A807A683B681B784B
:105A00009B00D3183A18128885490A4392B21A802B
:105A10007A683B681B789B00D2181C217B1812887F
:105A20001A807B181B884022134016D07A683B6886
:105A30001B789B00D3181B889AB21A203B18744914
:105A40000A401A807A683B681B789B00D3183A1882
:105A5000128870490A4392B21A807A683B681B78B0
:105A60009B00D3181B889AB218203B1868490A403B
:105A70001A807A683B681B789B00D3183A18128802
:105A800064490A4392B21A807A683B681B789B008B
:105A9000D3181B889AB216203B1862490A401A8014
:105AA0007A683B681B789B00D3183A1812885B49C8
:105AB0000A4392B21A807A683B681B789B00D3181D
:105AC0001B889AB214203B1853490A401A807A68FE
:105AD0003B681B789B00D3183A1812884F490A4339
:105AE00092B21A808FE07A683B681B789B00D218CC
:105AF0002E217B1812881A807B181A888023DB01DC
:105B0000134016D07A683B681B789B00D3181B881B
:105B10009AB22C203B183E490A401A807A683B68AA
:105B20001B789B00D3183A1812883D490A4392B259
:105B30001A807A683B681B789B00D2182A217B1850
:105B400012881A807B181B884022134016D07A686E
:105B50003B681B789B00D3181B889AB228203B18FF
:105B60002B490A401A807A683B681B789B00D3183F
:105B70003A18128827490A4392B21A807A683B6819
:105B80001B789B00D3181B889AB226203B1820490B
:105B90000A401A807A683B681B789B00D3183A1831
:105BA00012881F490A4392B21A807A683B681B78B0
:105BB0009B00D3181B889AB224203B1816490A4030
:105BC0001A807A683B681B789B00D3183A181288B1
:105BD00012490A4392B21A807A683B681B789B008C
:105BE000D3181B889AB222203B180E490A401A800B
:105BF0007A683B681B789B00D3183A1812880749CB
:105C00000A4392B21A8000231800BD460CB080BD32
:105C10008F8FFFFFC080FFFFBF8FFFFF8080FFFFE0
:105C200080C0FFFF8FBFFFFF90B5C3B000AF7860AB
:105C300039603B685B78012B01D000F02DFD3B689B
:105C40009A693B681B699A4205D93B681B697A1DB2
:105C5000FF32136004E03B689B697A1DFF321360DA
:105C60003B681B7B002B25D13B6859693B68DA8870
:105C70007B1DFF331B689BB2786801F03FFA7B689D
:105C80003B617B6850229B5A9BB21A003B699B1870
:105C90003B613B681B78DA003B69D318D74A9446CE
:105CA0006344FB607B1DFF331B689AB2FB681A805C
:105CB00000F0CDFC3B68DB78022B00D062E33B6850
:105CC0001A6A3B681B699A4200D809E37A683B6804
:105CD0001B789B00D3181B889AB256203B18C849E2
:105CE0000A401A807A683B681B789B00D3183A18E0
:105CF0001288C4490A4392B21A803B681A6A7B1D13
:105D0000FF331B68D21A3B681A627A683B681B78BB
:105D10009B00D3181B889BB21A004023134000D16C
:105D200076E17B683B633B685B78002B00D074E0D6
:105D30007B68BB627B6850229B5A9BB21A00BB6A8D
:105D40009B18BB623B681B78DA00BB6AD318AE4A6B
:105D5000944663447B627B6A1B889BB29B059B0DC8
:105D60009AB27B6A1A807B1DFF331B68002B08D117
:105D70007B6A1B889BB2A54A13439AB27B6A1A803E
:105D800066E07B1DFF331B683E2B21D87B1DFF3354
:105D90001B685B087A1CFF3213607B1DFF331B6896
:105DA0000122134006D07B1CFF331B6801337A1C91
:105DB000FF3213607B6A1B889AB27B1CFF331B681F
:105DC0009BB29B029BB213439AB27B6A1A803FE05C
:105DD0007B1DFF331B685B097A1CFF3213607B1D40
:105DE000FF331B681F22134006D17B1CFF331B6847
:105DF000013B7A1CFF3213607B6A1B889AB27B1CC2
:105E0000FF331B689BB29B029BB213439BB27F4A3A
:105E100013439AB27B6A1A801AE03B685B78012BC5
:105E200016D17B6850229B5A9BB21A003B6B9B1881
:105E30003B633B681B78DA003B6BD318724A94468D
:105E40006344FB627B1DFF331B689AB2FB6A1A80B6
:105E500076203B183A6852891A803B6859697B1D45
:105E6000FF331B689CB23B181A887868230001F046
:105E700045F93B685A697B1DFF331B68D2183B68A4
:105E80005A613B681A6A3B681B699A4208D93B68A9
:105E90001A6A7B1DFF331B68D21A3B681A6207E03F
:105EA0003B681B6A7A1DFF3213603B6800221A624E
:105EB0003B685B78002B00D070E07B68BB617B683F
:105EC00050229B5A9BB21A00BB699B18BB613B686E
:105ED0001B78DA00BB69D318484A944663447B6157
:105EE0007B691B889BB29B059B0D9AB27B691A80CC
:105EF0007B1DFF331B68002B08D17B691B889BB27D
:105F0000424A13439AB27B691A8064E07B1DFF33D7
:105F10001B683E2B1FD87B1DFF331B685B08FC21D1
:105F20007A1813607B1DFF331B680122134004D0D5
:105F30007B181B6801337A1813607B691B889AB23F
:105F4000FC23FB181B689BB29B029BB213439AB2C3
:105F50007B691A803FE07B1DFF331B685B09FC21D6
:105F60007A1813607B1DFF331B681F22134004D176
:105F70007B181B68013B7A1813607B691B889AB2F7
:105F8000FC23FB181B689BB29B029BB213439BB282
:105F90001E4A13439AB27B691A801CE03B685B7807
:105FA000012B18D17B683B627B6850229B5A9BB2C5
:105FB0001A003B6A9B183B623B681B78DA003B6A1D
:105FC000D3180E4A94466344FB617B1DFF331B6864
:105FD0009AB2FB691A8076203B183A6812891A80B7
:105FE0003B6859697B1DFF331B689CB23B181A88BC
:105FF0007868230001F082F829E3C046020400001B
:106000008F8FFFFF8081FFFF060400000080FFFFED
:106010003B685B78002B00D070E07B68BB647B68DA
:1060200050229B5A9BB21A00BB6C9B18BB643B6806
:106030001B78DA00BB6CD318CD4A944663447B646A
:106040007B6C1B889BB29B059B0D9AB27B6C1A8064
:106050007B1DFF331B68002B08D17B6C1B889BB218
:10606000C44A13439AB27B6C1A8064E07B1DFF33F1
:106070001B683E2B1FD87B1DFF331B685B08F82174
:106080007A1813607B1DFF331B680122134004D074
:106090007B181B6801337A1813607B6C1B889AB2DB
:1060A000F823FB181B689BB29B029BB213439AB266
:1060B0007B6C1A803FE07B1DFF331B685B09F82176
:1060C0007A1813607B1DFF331B681F22134004D115
:1060D0007B181B68013B7A1813607B6C1B889AB293
:1060E000F823FB181B689BB29B029BB213439BB225
:1060F000A04A13439AB27B6C1A801CE03B685B7821
:10610000012B18D17B683B657B6850229B5A9BB260
:106110001A003B6D9B183B653B681B78DA003B6DB2
:10612000D318934A94466344FB647B1DFF331B687A
:106130009AB2FB6C1A8076203B183A6812891A8052
:106140003B6859697B1DFF331B689CB23B181A885A
:106150007868230000F0D2FF3B685A697B1DFF334B
:106160001B68D2183B685A613B681A6A3B681B6916
:106170009A4208D93B681A6A7B1DFF331B68D21A02
:106180003B681A6207E03B681B6A7A1DFF321360A6
:106190003B6800221A627B683B643B685B78002B9B
:1061A00000D070E07B68BB637B6850229B5A9BB237
:1061B0001A00BB6B9B18BB633B681B78DA00BB6B98
:1061C000D3186D4A944663447B637B6B1B889BB2F8
:1061D0009B059B0D9AB27B6B1A807B1DFF331B685E
:1061E000002B08D17B6B1B889BB2624A13439AB287
:1061F0007B6B1A8062E07B1DFF331B683E2B1FD830
:106200007B1DFF331B685B08F4217A1813607B1D2C
:10621000FF331B680122134004D07B181B68013335
:106220007A1813607B6B1B889AB2F423FB181B68E7
:106230009BB29B029BB213439AB27B6B1A803DE0E8
:106240007B1DFF331B685B09F4217A1813607B1DEB
:10625000FF331B681F22134004D17B181B68013BCE
:106260007A1813607B6B1B889AB2F423FB181B68A7
:106270009BB29B029BB213439BB23E4A13439AB21A
:106280007B6B1A801AE03B685B78012B16D17B6828
:1062900050229B5A9BB21A003B6C9B183B643B6894
:1062A0001B78DA003B6CD318334A94466344FB6393
:1062B0007B1DFF331B689AB2FB6B1A8076203B185C
:1062C0003A6852891A803B6859697B1DFF331B6805
:1062D0009CB23B181A887868230000F00FFFB6E1E3
:1062E0003B681B6A7A1DFF3213607A683B681B7833
:1062F0009B00D3181B889AB262203B181F490A40A2
:106300001A807A683B681B789B00D3183A18128869
:106310001B490A4392B21A807B68FB657B68502256
:106320009B5A9BB21A00FB6D9B18FB653B681B7860
:10633000DA00FB6DD3180E4A94466344BB657B1D9F
:10634000FF331B689AB2BB6D1A8076203B183A68FF
:1063500012891A803B6859697B1DFF331B689CB208
:106360003B181A887868230000F0C8FE6FE1C04629
:10637000020400000080FFFF060400008F8EFFFF74
:106380008080FFFF3B681A6A7B1DFF331B68D21AAF
:106390003B681A627A683B681B789B00D3181B889D
:1063A0009BB21A004023134000D1A4E07B683B67F6
:1063B0003B685B78002B00D070E07B68BB667B6835
:1063C00050229B5A9BB21A00BB6E9B18BB663B685F
:1063D0001B78DA00BB6ED318DA4A944663447B66B6
:1063E0007B6E1B889BB29B059B0D9AB27B6E1A80BD
:1063F0007B1DFF331B68002B08D17B6E1B889BB273
:10640000D14A13439AB27B6E1A8062E07B1DFF3340
:106410001B683E2B1FD87B1DFF331B685B08F021D8
:106420007A1813607B1DFF331B680122134004D0D0
:106430007B181B6801337A1813607B6E1B889AB235
:10644000F023FB181B689BB29B029BB213439AB2CA
:106450007B6E1A803DE07B1DFF331B685B09F021DA
:106460007A1813607B1DFF331B681F22134004D171
:106470007B181B68013B7A1813607B6E1B889AB2ED
:10648000F023FB181B689BB29B029BB213439BB289
:10649000AD4A13439AB27B6E1A801AE03B685B7870
:1064A000012B16D17B6850229B5A9BB21A003B6F7E
:1064B0009B183B673B681B78DA003B6FD318A14AF7
:1064C00094466344FB667B1DFF331B689AB2FB6EE8
:1064D0001A8076203B183A6852891A803B685969BD
:1064E0007B1DFF331B689CB23B181A887868230019
:1064F00000F004FEABE03B685B78002B00D070E05E
:106500007B68FB677B6850229B5A9BB21A00FB6F2B
:106510009B18FB673B681B78DA00FB6FD3188B4A2C
:1065200094466344BB67BB6F1B889BB29B059B0D66
:106530009AB2BB6F1A807B1DFF331B68002B08D1FA
:10654000BB6F1B889BB2804A13439AB2BB6F1A8001
:106550006CE07B1DFF331B683E2B1FD87B1DFF3378
:106560001B685B08EC217A1813607B1DFF331B68E6
:106570000122134004D07B181B6801337A18136082
:10658000BB6F1B889AB2EC23FB181B689BB29B0263
:106590009BB213439AB2BB6F1A8047E07B1DFF3357
:1065A0001B685B09EC217A1813607B1DFF331B68A5
:1065B0001F22134004D17B181B68013B7A1813601B
:1065C000BB6F1B889AB2EC23FB181B689BB29B0223
:1065D0009BB213439BB25C4A13439AB2BB6F1A80BF
:1065E00024E03B685B78012B20D17B6884217A18FA
:1065F00013607B6850229B5A9BB21A007B181B6861
:106600009B187A1813603B681B78DA007B181B68AC
:10661000D3184E4A9446634480217A1813607B1D38
:10662000FF331B689AB27B181B681A8076203B18D0
:106630003A6812891A803B6859697B1DFF331B68D1
:106640009CB23B181A887868230000F057FD7A68DE
:106650003B681B789B00D3181B889AB20A203B1812
:106660003B490A401A803B183A18128810214A40C8
:106670001A803B183A18128820214A401A807A68FA
:106680003B681B789B00D3183A18128831490A439B
:1066900092B21A8000F0E9FB3B681B7B002B00D014
:1066A000A8E03B689A693B681B699A420DD93B6830
:1066B0001B697A1DFF3213603B689A697B1DFF33AB
:1066C0001B68D21A3B689A6107E03B689B697A1D98
:1066D000FF3213603B6800229A617B6890217A1830
:1066E00013607B6850229B5A9BB21A007B181B6870
:1066F0009B187A1813603B681B78DA007B181B68BC
:10670000D318104A944663448C217A1813607B187E
:106710001B681B889BB29B059B0D9AB27B181B685C
:106720001A807B1DFF331B68002B15D17B181B685B
:106730001B889BB2044A13439AB27B181B681A80C9
:106740006EE3C046060400000080FFFF0204000064
:10675000BF8FFFFF8080FFFF7B1DFF331B683E2B39
:1067600022D87B1DFF331B685B08E8217A18136071
:106770007B1DFF331B680122134004D07B181B686C
:1067800001337A1813608C217B181B681B889AB21E
:10679000E823FB181B689BB29B029BB213439AB27F
:1067A0007B181B681A803BE37B1DFF331B685B096A
:1067B000E8217A1813607B1DFF331B681F221340EA
:1067C00004D17B181B68013B7A1813608C217B185D
:1067D0001B681B889AB2E823FB181B689BB29B02BC
:1067E0009BB213439BB2D74A13439AB27B181B68E0
:1067F0001A8015E33B68DB78022B00D089E13B6807
:106800005B78002B00D07BE07B68AC217A181360AA
:106810007B6850229B5A9BB21A007B181B689B18FE
:106820007A1813603B681B78DA007B181B68D31852
:10683000C54A94466344A8217A1813607B181B68E4
:106840001B889BB29B059B0D9AB27B181B681A8014
:106850003B681B69002B0AD17B181B681B889BB205
:10686000B84A13439AB27B181B681A806CE03B68E5
:106870001B693E2B20D83B681B695B08E4217A1812
:1068800013603B681B690122134004D07B181B680E
:1068900001337A181360A8217B181B681B889AB2F1
:1068A000E423FB181B689BB29B029BB213439AB272
:1068B0007B181B681A8047E03B681B695B09E42171
:1068C0007A1813603B681B691F22134004D17B18A0
:1068D0001B68013B7A181360A8217B181B681B8872
:1068E0009AB2E423FB181B689BB29B029BB2134332
:1068F0009BB2944A13439AB27B181B681A8023E018
:106900003B685B78012B1FD17B68B4217A18136038
:106910007B6850229B5A9BB21A007B181B689B18FD
:106920007A1813603B681B78DA007B181B68D31851
:10693000854A94466344B0217A1813603B681B690A
:106940009AB27B181B681A807B68A422BA1813605D
:106950003B685B78002B00D07BE07B689C217A1839
:1069600013607B6850229B5A9BB21A007B181B68ED
:106970009B187A1813603B681B78DA007B181B6839
:10698000D318724A9446634498217A1813607B188E
:106990001B681B889BB29B059B0D9AB27B181B68DA
:1069A0001A803B681B69002B0AD17B181B681B8867
:1069B0009BB2644A13439AB27B181B681A8069E041
:1069C0003B681B693E2B20D83B681B695B08E021B4
:1069D0007A1813603B681B690122134004D07B18AE
:1069E0001B6801337A18136098217B181B681B8879
:1069F0009AB2E023FB181B689BB29B029BB2134325
:106A00009AB27B181B681A8044E03B681B695B09DB
:106A1000E0217A1813603B681B691F22134004D1E0
:106A20007B181B68013B7A18136098217B181B6840
:106A30001B889AB2E023FB181B689BB29B029BB297
:106A400013439BB23F4A13439AB27B181B681A80C8
:106A500020E03B685B78012B1CD17B6850229B5A5D
:106A60009BB21A00A4217B181B689B187A1813602C
:106A70003B681B78DA007B181B68D318334A9446AE
:106A80006344A0217A1813603B681B699AB27B1893
:106A90001B681A803B68DB69002B00D1C0E17A6873
:106AA0003B681B789B00D21896217B1812881A80AD
:106AB0007B181A888023DB01134004D07B181B88C5
:106AC000402213400DD196217B181A888023DB01C8
:106AD000134000D0A4E17B181B884022134000D053
:106AE0009EE17A683B681B789B00D3181B889AB29A
:106AF00094203B1816490A401A807A683B681B7834
:106B00009B00D3183A18128812490A4392B21A808D
:106B100086E13B68DB78012B00D07FE13B689A6916
:106B20003B681B699A4217D93B681B697A1DFF3283
:106B300013603B689A697B1DFF331B68D21A3B6860
:106B40009A6111E00080FFFF0204000006040000CB
:106B50008F8FFFFFC080FFFF3B689B697A1DFF326C
:106B600013603B6800229A613B685B78002B00D081
:106B700081E07B68CC217A1813607B6850229B5A95
:106B80009BB21A007B181B689B187A1813603B682D
:106B90001B78DA007B181B68D318B64A9446634406
:106BA000C8217A1813607B181B681B889BB29B0551
:106BB0009B0D9AB27B181B681A807B1DFF331B68E4
:106BC000002B0AD17B181B681B889BB2AA4A13436F
:106BD0009AB27B181B681A8072E07B1DFF331B681A
:106BE0003E2B22D87B1DFF331B685B08DC217A1803
:106BF00013607B1DFF331B680122134004D07B18F8
:106C00001B6801337A181360C8217B181B681B8826
:106C10009AB2DC23FB181B689BB29B029BB2134306
:106C20009AB27B181B681A804AE07B1DFF331B68F1
:106C30005B09DC217A1813607B1DFF331B681F2260
:106C4000134004D17B181B68013B7A181360C821DC
:106C50007B181B681B889AB2DC23FB181B689BB24D
:106C60009B029BB213439BB2834A13439AB27B1895
:106C70001B681A8024E03B685B78012B20D17B687D
:106C8000D4217A1813607B6850229B5A9BB21A0059
:106C90007B181B689B187A1813603B681B78DA0016
:106CA0007B181B68D318734A94466344D0217A1822
:106CB00013607B1DFF331B689AB27B181B681A8018
:106CC0007B68C422BA1813603B685B78002B00D045
:106CD00081E07B68BC217A1813607B6850229B5A44
:106CE0009BB21A007B181B689B187A1813603B68CC
:106CF0001B78DA007B181B68D318604A94466344FB
:106D0000B8217A1813607B181B681B889BB29B05FF
:106D10009B0D9AB27B181B681A807B1DFF331B6882
:106D2000002B0AD17B181B681B889BB2524A134365
:106D30009AB27B181B681A8072E07B1DFF331B68B8
:106D40003E2B22D87B1DFF331B685B08D8217A18A5
:106D500013607B1DFF331B680122134004D07B1896
:106D60001B6801337A181360B8217B181B681B88D5
:106D70009AB2D823FB181B689BB29B029BB21343A9
:106D80009AB27B181B681A804AE07B1DFF331B6890
:106D90005B09D8217A1813607B1DFF331B681F2203
:106DA000134004D17B181B68013B7A181360B8218B
:106DB0007B181B681B889AB2D823FB181B689BB2F0
:106DC0009B029BB213439BB22B4A13439AB27B188C
:106DD0001B681A8024E03B685B78012B20D17B681C
:106DE00050229B5A9BB21A00C4217B181B689B1827
:106DF0007A1813603B681B78DA007B181B68D3187D
:106E00001E4A94466344C0217A1813607B1DFF33E9
:106E10001B689AB27B181B681A8001E0012325E0E9
:106E20007A683B681B789B00D3181B889AB28A202B
:106E30003B1813490A401A803B183A1812888021DF
:106E400049014A401A803B183A181288802189016A
:106E50004A401A807A683B681B789B00D3183A181E
:106E6000128808490A4392B21A8000231800BD46CE
:106E700043B090BD020400000080FFFF0604000044
:106E80008FBFFFFF8080FFFF80B584B000AF7860C8
:106E900039603B685B78002B1DD07A683B681B78B3
:106EA0009B00D3181B889AB20C203B181B490A4040
:106EB0001A803B183A18128810214A401A807A68C2
:106EC0003B681B789B00D3183A18128814490A4370
:106ED00092B21A801DE07A683B681B789B00D31839
:106EE0001B889AB20E203B180E490A401A803B18A4
:106EF0003A181288802149014A401A807A683B6812
:106F00001B789B00D3183A18128805490A4392B29D
:106F10001A8000231800BD4604B080BDBF8FFFFF5C
:106F20008080FFFF8FBFFFFF80B586B000AF786025
:106F300039603B681B7B002B00D095E03B685B7899
:106F4000002B46D07A683B681B789B00D218102132
:106F50007B1812881A807B181B884022134016D099
:106F60007A683B681B789B00D3181B889AB20E2066
:106F70003B1840490A401A807A683B681B789B009E
:106F8000D3183A1812883C490A4392B21A803B68D7
:106F9000DB78012B68D07A683B681B789B00D3189C
:106FA0001B889AB20C203B1834490A401A803B18BF
:106FB0003A18128820214A401A807A683B681B7868
:106FC0009B00D3183A1812882D490A4392B21A80AE
:106FD0004AE07A683B681B789B00D21816217B1820
:106FE00012881A807B181A888023DB01134016D080
:106FF0007A683B681B789B00D3181B889AB21420D0
:107000003B181C490A401A807A683B681B789B0031
:10701000D3183A1812881B490A4392B21A807A6828
:107020003B681B789B00D3181B889AB212203B1830
:1070300015490A401A803B183A18128880214901E4
:107040004A401A803B183A181288802189014A4028
:107050001A807A683B681B789B00D3183A1812880C
:1070600007490A4392B21A8000231800BD4606B0B1
:1070700080BDC0468F8FFFFFC080FFFFBF8FFFFF27
:107080008080FFFF80C0FFFF8FBFFFFF80B582B011
:1070900000AF78600A00FB1C1A70FB1C1B78002BE9
:1070A00003D17B684C228021995200231800BD46F1
:1070B00002B080BD80B582B000AF78607B68582296
:1070C0009B5A9BB2054A134399B27B685822995246
:1070D00000231800BD4602B080BDC0460080FFFFFF
:1070E00080B584B000AF78607B6844229B5A9BB225
:1070F000FB60FB681800BD4604B080BD80B58AB057
:1071000000AFF860B9601900BB1D1A803B1D0A1C56
:107110001A803B1D1B8801335B08BB61FB687B61E8
:10712000BB68FB61BB1D1A887B69D3188022D20023
:10713000944663443B62BB697B6221E0FB691A7839
:1071400012217B181A80FB6901331B781BB21B02CA
:107150001AB27B1800201B5E13431AB27B181A80E8
:107160003B6A7A1812881A803B6A02333B62FB69D9
:107170000133FB61FB690133FB617B6A013B7B628D
:107180007B6A002BDAD1C046C046BD460AB080BD3E
:1071900080B58AB000AFF860B9601900BB1D1A80D5
:1071A0003B1D0A1C1A803B1D1B885B089BB2BB6100
:1071B000FB687B61BB68FB61BB1D1A887B69D318C8
:1071C0008022D200944663443B62BB697B6218E034
:1071D0003B6A1B889BB23B613B6A02333B623B6963
:1071E000DAB2FB691A70FB690133FB613B691B0A68
:1071F000DAB2FB691A70FB690133FB617B6A013B00
:107200007B627B6A002BE3D13B1D1B88012213406C
:107210009BB2002B07D03B6A1B889BB23B613B694A
:10722000DAB2FB691A70C046BD460AB080BD0000E4
:1072300080B500AF01F0B8FA1449154B00221800D0
:1072400001F042FE031E01D0FAF760F8114A104B1C
:107250001100180001F06DFE031E01D0FAF756F878
:107260000D4A0B4B1100180000F004FF031E01D063
:10727000FAF74CF8064B180001F0A2FE031E01D0ED
:10728000FAF744F8C046BD4680BDC0462000002045
:10729000C4060020500100200C00002080B582B000
:1072A00000AF0200FB1D1A70FB1D1B78DA01064BB4
:1072B000D2180649FB1D1B78180000F019FF0023A7
:1072C0001800BD4602B080BDF0090020C4060020B1
:1072D00080B582B000AF0200FB1D1A7000231800B9
:1072E000BD4602B080BD000090B583B000AF040081
:1072F00008003A601900FB1D221C1A70BB1D021CFD
:107300001A703B1D0A1C1A80BB1D1B78232B00D949
:1073100080E09A00424BD3181B689F463B681B785D
:107320001A003B6801331B781B021A433B68023387
:107330001B781B041A433B6803331B781B061A4354
:107340001100FB1D1A78374BD200D150FB1D1B7862
:107350003A681179334ADB00D31804330A1C1A70D7
:10736000FB1D1B783A6851792E4ADB00D318053390
:107370000A1C1A70FB1D1B783A689179294ADB00B8
:10738000D31806330A1C1A7045E0FB1D1A78254BEA
:10739000D200D358DAB23B681A70FB1D1A78214B21
:1073A000D200D3581A0A3B680133D2B21A70FB1DBF
:1073B0001A781C4BD200D3581A0C3B680233D2B255
:1073C0001A70FB1D1A78174BD200D3581A0E3B685F
:1073D0000333D2B21A70FB1D1A783B68043311498B
:1073E000D2008A18043212781A70FB1D1A783B6892
:1073F00005330C49D2008A18053212781A70FB1D29
:107400001A783B6806330749D2008A180632127888
:107410001A7000E0C04600231800BD4603B090BDBE
:10742000E0B40008700A002090B587B000AFB960E2
:107430007A600F243B19021C1A70BA6816493B196E
:107440001B78180000F054FE134A3B191B781100FA
:10745000180000F0C7FE114B01221A707B681A68F1
:107460000F4B1A6000237B610BE07B69BA68D3186D
:1074700019780C4A7B69D3180A1C1A707B6901338E
:107480007B617B681A687B699A42EED800231800FA
:10749000BD4607B090BDC046C4060020E0090020EC
:1074A000E4090020E809002080B584B000AFB9608D
:1074B0007A6019000F23FB18021C1A700E23FB18A8
:1074C0000A1C1A7000231800BD4604B080BD0000DD
:1074D000B0B584B000AF39601100FB1D021C1A70FA
:1074E0003B1D0A1C1A800F23FB1800221A70002370
:1074F000BB60FB1D1A781300DB009B181A01D21A1F
:1075000093001A00124BD318BB60BA6885239B0006
:10751000D358002B01D0012315E03B1D1C883A688D
:107520000C49FB1D1878230000F0B8FD0F257C19CD
:10753000084AFB1D1B781100180000F0FDFD030038
:1075400023707B191B781800BD4604B0B0BDC0463F
:10755000900C0020C406002080B582B000AF02006D
:107560003960FB1D1A703B6812221A80024B18000A
:10757000BD4602B080BDC0463C00002080B582B050
:1075800000AF02003960FB1D1A703B6804221A80AC
:10759000024B1800BD4602B080BDC046500000201E
:1075A00080B582B000AF02003960FB1D1A70FB1D70
:1075B0001B78002B06D13A680849094B180002F0E5
:1075C00043FE05E03A680549054B180002F03CFE11
:1075D000024B1800BD4602B080BDC046780A0020AC
:1075E0003CB4000880B582B000AF02003960FB1DDA
:1075F0001A703A680449054B180002F025FE024B48
:107600001800BD4602B080BD780A002054B40008BE
:1076100080B582B000AF02003960FB1D1A703B6874
:107620001A221A8000F04CF8024B1800BD4602B036
:1076300080BDC0465400002080B582B000AF02007B
:107640003960FB1D1A70FB1D1B78002B06D13A68B0
:107650000849094B180002F0F7FD05E03A680549B2
:10766000054B180002F0F0FD024B1800BD4602B0B9
:1076700080BDC046780A002068B4000880B582B09A
:1076800000AF02003960FB1D1A70FB1D1B78002B38
:1076900006D13A680849094B180002F0D5FD05E00B
:1076A0003A680549054B180002F0CEFD024B180060
:1076B000BD4602B080BDC046780A002078B40008FC
:1076C00080B584B000AF104B1B68FB600F4B1B688C
:1076D000BB600F4B1B687B60FA687B68D318FB604C
:1076E000FB68002B0BD00B49FB680822180000F048
:1076F00015F80949BB680422180000F00FF8C046CD
:10770000BD4604B080BDC046ACF7FF1FB0F7FF1FF9
:10771000B4F7FF1F560000206600002080B586B039
:1077200000AFF860B960FB1D1A7017217B180022AA
:107730001A707B1800221A702FE0FB681B0F092BB0
:107740000DD8FB681B0FDAB21723FB181B785B0000
:107750001900BB685B183032D2B21A700CE0FB68BB
:107760001B0FDAB21723FB181B785B001900BB68EC
:107770005B183732D2B21A70FB681B01FB6017210D
:107780007B181B785B000133BA68D31800221A708B
:107790007B181A787B1801321A701723FA18FB1D10
:1077A00012781B789A42C8D3C046C046BD4606B080
:1077B00080BD000090B585B000AF78600A00FB1C6A
:1077C0001A700023BB600F23FB1800221A70F0E030
:1077D0000F243B191A781300DB009B181A01D21AE8
:1077E00093001A00784BD318BB607B681B7C002B7E
:1077F00046D13B191B78754AD15C80239B00786881
:10780000022202F090FF3B191B78704AD35C1A00E9
:107810000F231A40796813009B009B189B00CB181C
:10782000243301221A803B191B78694AD15C8023DA
:107830009B007868022202F076FF3B191B78644AAD
:10784000D35C1A000F231A407868B2235900130042
:107850009B009B189B00C3185B1801221A803B19E0
:107860001B785C4AD35C1A000F231A407968130016
:107870009B009B189B00CB18263310221A8044E0F3
:107880000F243B191B78514AD15C786840230222AF
:1078900002F049FF3B191B784C4AD35C1A000F23B6
:1078A0001A40796813009B009B189B00CB18243367
:1078B00001221A803B191B78454AD15C7868402325
:1078C000022202F030FF3B191B78414AD35C1A00B8
:1078D0000F231A407868B223590013009B009B18AD
:1078E0009B00C3185B1801221A803B191B78394A88
:1078F000D35C1A000F231A40796813009B009B1871
:107900009B00CB18263310221A800F243B191B78BA
:10791000304AD15C78680823032202F004FF20007B
:107920003B181B782B4AD35C1A000F231A40796846
:1079300013009B009B189B00CB18243301221A8054
:107940007A68AF239B00D3581B6804003A1812785A
:1079500010009847BA6885239B000021D150BA686F
:1079600086239B000021D1507B681B7C002B0DD10E
:107970003B191B78164AD15CBA6881239B00D25808
:1079800080239B00786803F011F80CE00F23FB18AC
:107990001B780F4AD15CBA6881239B00D258786863
:1079A000402303F003F80F217B181A787B1801326B
:1079B0001A700F23FB181B78002B00D108E7002357
:1079C0001800BD4605B090BD900C0020780C00203A
:1079D0007C0C0020800C002090B585B000AF786052
:1079E0000A00FB1C1A700F23FB1800221A706EE0AD
:1079F0000F243B191B783B4AD25C7B6811001800AE
:107A000002F0C8FE3B191B78364AD35C1A000F23DC
:107A10001A40796813009B009B189B00CB182433F5
:107A200000221A803B191B782F4AD25C7B68110018
:107A3000180002F0AFFE3B191B782B4AD35C1A00EA
:107A40000F231A407868B223590013009B009B183B
:107A50009B00C3185B1800221A803B191B78234A2D
:107A6000D25C7B681100180002F094FE20003B18E5
:107A70001B781E4AD35C1A000F231A407968130042
:107A80009B009B189B00CB18243300221A803B18C4
:107A90001B78164AD35C1A000F231A40796813002A
:107AA0009B009B189B00CB18263300221A807A6813
:107AB000AF239B00D3585B6804003A18127810007B
:107AC000984720003B181A783B1801321A700F2390
:107AD000FB181B78002B8BD000231800BD4605B087
:107AE00090BDC046780C00207C0C0020800C00204B
:107AF000B0B586B000AF7860396000233B610D23DC
:107B0000FB1800221A700A23FB1800221A80172380
:107B1000FB1800221A701623FB1800221A70152376
:107B2000FB1800221A701FE03B689B88DAB2152010
:107B30003B181B788149CB5C9A4208D03B689B88F4
:107B4000DAB23B181B787E49CB5C9A4206D11623E9
:107B5000FB181522BA1812781A700AE015217B1842
:107B60001A787B1801321A701523FB181B78002B2A
:107B7000DAD016203B181A781300DB009B181A0184
:107B8000D21A93001A006F4BD3183B613B681B78E5
:107B90001A00602313405CD0202B00D0BBE03B6870
:107BA000DB88002B47D03B681B785BB2002B28DAC0
:107BB0007A68AF239B00D3589C683B6859783B1880
:107BC0001B785B023A69D2183B68DD883B1818784D
:107BD0002B00A0473B68DB880E22BA1899B2072910
:107BE00000D9072313801623FB181B785B023A6920
:107BF000D1180E23FB181A887B68180002F099FB35
:107C000094E03B6859783A6980239B00D1543B68E3
:107C1000DB88D9B23B694C4A99541623FB181B7870
:107C20005B023A69D1183B68DB881A007B68180050
:107C300002F0ACFB7AE07A68AF239B00D3589C68D3
:107C40003B6859783A681623FB1818780023A04738
:107C50006CE03B685B780B2B3CD04DDC0A2B1FD0D3
:107C60004ADC002B02D0012B51D045E07A68A723D3
:107C70009B00D35CDBB2032B07D10A23F9187B6886
:107C80000222180002F055FB44E03A687B681100BC
:107C9000180002F0C6FA1723FB1803221A7039E005
:107CA0007A68A7239B00D35CDBB2032B07D10D239B
:107CB000F9187B680122180002F03BFB2AE03A68C1
:107CC0007B681100180002F0ACFA1723FB1803229E
:107CD0001A701FE07A68A7239B00D35CDBB2032BEA
:107CE00017D03A687B681100180002F09AFA17233F
:107CF000FB1803221A700CE03A687B681100180028
:107D000002F08FFA1723FB1803221A7002E0C04614
:107D10000CE0C0460AE03A687B681100180002F0E7
:107D200080FA1723FB1803221A70C0461723FB188A
:107D30001B781800BD4606B0B0BDC046840C0020BC
:107D4000880C0020900C002001020000B0B586B025
:107D500000AF78600A00FB1C1A7000233B617A6850
:107D6000C4239B00D358FB601723FB1800221A7012
:107D70001623FB1800221A7017E0FB1C1A78162035
:107D80003B181B784049CB5C19000F230B409A42EB
:107D900005D11723FB183A1812781A700AE0162139
:107DA0007B181A787B1801321A701623FB181B787F
:107DB000002BE2D01723FB181A781300DB009B1866
:107DC0001A01D21A93001A00304BD3183B61FB1CE6
:107DD0001A78796813009B009B189B00CB18183306
:107DE0001B68002B2BD0FB1C1A78796813009B00B2
:107DF0009B189B00CB1818331868FB1C1A78F9687D
:107E000013009B009B18DB00CB1820331B68190064
:107E1000F8F712FA0B1E12D1FB1C1A7879681300BE
:107E20009B009B189B00CB18183300221A60FB1C88
:107E3000197878680023002202F088FD1FE03A6973
:107E400085239B000021D1507A68AF239B00D35833
:107E50001B69002B13D07A68AF239B00D3581C6991
:107E60003A6982239B00D1583B69842292009A1878
:107E7000FB1C1D781723FB1818782B00A047002344
:107E80001800BD4606B0B0BD780C0020900C002054
:107E9000B0B584B000AF78600A00FB1C1A700023F4
:107EA000BB600F23FB1800221A700E23FB18002260
:107EB0001A7014E00E217B181B78234AD35CFA1C3D
:107EC00012789A4205D10F23FB187A1812781A708B
:107ED0000AE00E217B181A787B1801321A700E23E3
:107EE000FB181B78002BE5D00F257B191A7813009F
:107EF000DB009B181A01D21A93001A00134BD318F7
:107F0000BB60FB1C1A787B681100180002F07EFD34
:107F10000100BA6883239B00D1507A68AF239B008D
:107F2000D358DC68BA6881239B00D158BB68832290
:107F300092009A187B191B781800A047002318009C
:107F4000BD4604B0B0BDC0467C0C0020900C0020A3
:107F5000F0B585B000AF78600023BB600F23FB183D
:107F600000221A703FE00F23FB181A781300DB0081
:107F70009B181A01D21A93001A00204BD318BB6029
:107F8000BB68002B01D1032333E07A68AF239B0049
:107F9000D358002B21D0BA6880239B00D35CFF2BE1
:107FA0001BD07A68AF239B00D3589C68BA688023A3
:107FB0009B00D15C0F26BB191B785B02BA68D218F4
:107FC000BB680F481B5C1D00BB1918782B00A0472D
:107FD000BA6880239B00FF21D1540F217B181A78A7
:107FE0007B1801321A700F23FB181B78002BBAD0B4
:107FF00000231800BD4605B0F0BDC046900C00201F
:108000000102000080B582B000AF78607B684B222F
:108010001A80024B1800BD4602B080BD040100204A
:1080200080B582B000AF78607B684B221A80024B2B
:108030001800BD4602B080BDB800002080B582B0F7
:1080400000AF78607B684B221A80024B1800BD4657
:1080500002B080BD0401002080B582B000AF78601E
:108060007B680A221A80024B1800BD4602B080BD10
:108070007000002080B582B000AF786039603B6846
:10808000002B01D1032305E07A68AF239B003968F8
:10809000D15000231800BD4602B080BD80B586B027
:1080A00000AFB9607A603B600F217B18021C1A7028
:1080B00000237B617B181A781300DB009B181A01E0
:1080C000D21A93001A00094BD3187B617A69822374
:1080D0009B007968D1507A6984239B003968D1501C
:1080E00000231800BD4606B080BDC046900C00209D
:1080F00080B586B000AFB9607A600F217B18021C92
:108100001A7000237B617B181A781300DB009B1820
:108110001A01D21A93001A00064BD3187B617A69B0
:1081200081239B007968D15000231800BD4606B01A
:1081300080BDC046900C0020B0B584B000AF0200F6
:108140003960FB1D1A700023BB600F257B190122CB
:108150001A70FB1D1A781300DB009B181A01D21A43
:1081600093001A001D4BD318BB60BA6885239B008F
:10817000D358002B2AD1BA6885239B000121D15006
:10818000FB1D1B78164AD35C1A000F231A40B968EE
:1081900084239B00C958386813009B009B189B00E0
:1081A000C31818331960FB1D1B780D4AD15CBA68DF
:1081B00082239B00D458BA6884239B00D358386824
:1081C000220002F0C3FB7B1900221A700F23FB1858
:1081D0001B781800BD4604B0B0BDC046900C00200E
:1081E000780C002080B584B000AF02003960FB1D20
:1081F0001A700023FB60FB1D1A781300DB009B182C
:108200001A01D21A93001A00124BD318FB603B6874
:108210001B7C002B0DD1FB1D1B780F4AD15CFA682B
:1082200081239B00D25880239B00386802F0BEFB5C
:108230000BE0FB1D1B78084AD15CFA6881239B0088
:10824000D2583868402302F0B1FB00231800BD4625
:1082500004B080BD900C00207C0C0020F0B585B0EF
:1082600000AF78600C0010001900FB1C221C1A7073
:10827000BB1C021C1A707B1C0A1C1A707B68093319
:108280007B600F23FB1800221A7090E07B6802339A
:10829000FA1C12781A707B6810332824082162189F
:1082A000D21912781A707B680A33FA1C12781A7085
:1082B0007B681A33BA1C12781A707B682233FA1C56
:1082C00012781A707B682333BA1C12781A707B6894
:1082D00026331A0020267318DB191B7813707B686D
:1082E0002D33BA1C12781A707B68363324256A182D
:1082F000D21912781A707B683D337A1C12781A7082
:108300007B6842337B600F203B181B782D4A791C19
:108310000978D1543B181B782B4A08216918C919D0
:108320000978D1543B181A7828490823F318DB1927
:108330001B788B543B181B78254AF91C0978D154BB
:108340003B181B78234AB91C0978D1543B181B7879
:10835000214A08216118C9190978D1547B1C7A1C5B
:10836000127802321A7008217318DB197A1C1278FD
:1083700001321A706B18DB191A786B18DB1901328D
:108380001A706318DB191A786318DB1901321A7036
:10839000FB1CFA1C127802321A70BB1CFA1C1278F1
:1083A00001321A703B181A783B1801321A700F23E9
:1083B000FB181B78002B00D168E7C046C046BD46BD
:1083C00005B0F0BD780C00207C0C0020800C002053
:1083D000840C0020880C00208C0C002080B582B01A
:1083E00000AF78600A00FB1C1A70094B1B68FA1C6E
:1083F00011787A6810009847064B1B68FA1C1178B0
:108400007A681000984700231800BD4602B080BD6E
:108410007C0000209C01002080B582B000AF786015
:108420000A00FB1C1A70094B5B68FA1C11787A6809
:1084300010009847064B5B68FA1C11787A681000A8
:10844000984700231800BD4602B080BD7C00002084
:108450009C01002080B584B000AF786039600F23A4
:10846000FB1800221A7020E03B689B88DAB20F20CC
:108470003B181B781949CB5C9A4208D03B689B8813
:10848000DAB23B181B781649CB5C9A4207D1154BE0
:108490009B6839687A681000984703001AE00F213A
:1084A0007B181A787B1801321A700F23FB181B787F
:1084B000002BD9D03B689B88DAB20B4B1B789A42D1
:1084C00007D10A4B9B6839687A6810009847030007
:1084D00000E003231800BD4604B080BD840C0020DA
:1084E000880C00207C000020B40F00209C0100209C
:1084F00080B584B000AF78600A00FB1C1A700F23AF
:10850000FB1800221A7025E0FB1C1A780F203B187C
:108510001B781E49CB5C19007F230B409A420AD07E
:10852000FB1C1A783B181B781949CB5C19007F2378
:108530000B409A4208D1174B5B69FA1C11787A6894
:108540001000984703001DE00F217B181A787B1854
:1085500001321A700F23FB181B78002BD4D0FB1CA0
:108560001A780D4B1B7819007F230B409A4208D1D3
:108570000A4B5B69FA1C11787A681000984703006F
:1085800000E003231800BD4604B080BD780C002035
:10859000800C00207C0000209A0100209C0100201B
:1085A00080B582B000AF7860044B1B697A68100018
:1085B000984700231800BD4602B080BD7C00002013
:1085C00080B582B000AF786000231800BD4602B0CD
:1085D00080BD80B582B000AF786000231800BD4632
:1085E00002B080BD80B582B000AF78600A00FB1C8D
:1085F0001A7000231800BD4602B080BD80B582B05D
:1086000000AF78600A00FB1C1A7000231800BD46FA
:1086100002B080BD80B584B000AF78600A00FB1C5A
:108620001A700F23FB1800221A7017E00F23FB1893
:108630001B780F4AD35CFA1C12789A4208D10D4B72
:108640009B69FA1C11787A681000984703000BE0C8
:108650000F217B181A787B1801321A700F23FB1830
:108660001B78002BE2D003231800BD4604B080BD68
:108670007C0C00207C00002080B582B000AF7860C8
:108680007B6864221A80024B1800BD4602B080BD90
:10869000100F002080B582B000AF78607B68642244
:1086A0001A80024B1800BD4602B080BDAC0E0020FF
:1086B00080B582B000AF78607B6864221A80024B7C
:1086C0001800BD4602B080BD100F002080B582B0FA
:1086D00000AF78607B680A221A80024B1800BD4602
:1086E00002B080BD9001002090B58BB000AFF86063
:1086F0007A600B203B180A1C1A70254B1B783A181D
:1087000012789A423ED81423FB18180010231A003E
:10871000002102F0AFFA2723FB1800221A701DE097
:1087200027217B181B781B4AD35C0B22BA181278BE
:108730009A420DD17B181B78174A1424381910213E
:1087400002F064FA7A6815493B19180001F07CFDC3
:1087500027217B181A787B1801321A702723FB18FF
:108760001B78002BDCD00E4B1B780B22BA1812782A
:108770009A4205D17A6809490A4B180001F064FD54
:10878000064B00E000231800BD460BB090BDC0466C
:108790008C0100208C0C00208CB40008740F002089
:1087A000B50F00209CB40008F0B589B004AF3B1DA4
:1087B00000221A800023FB600B26BB1981221A704D
:1087C0000A23FB1801221A7009257B1900221A704E
:1087D0008B4BDB6A3A1D100098470300FB60894B06
:1087E0001C78BB191A787B191978F868230000F0F7
:1087F00035FBFB68190009313B1D1B88093B1A003A
:10880000814B180002F07CFA7D4B9B6A3A1D1000E8
:1088100098470300FB607B4B1C78BB191A787B19C7
:108820001978F868230000F019FBFB68190009317A
:108830003B1D1B88093B1A00744B180002F060FABC
:10884000BB19BA19127801321A702E00BB19BA1965
:10885000127801321A706B4B1B780133DAB2694B14
:108860001A706B4BDB6A3A1D100098470300FB60DF
:10887000BB191B780133DCB20B217B181B78013349
:10888000DBB2604A127879180D78B9190978F8685E
:1088900002920A22BA181278019200932B00220049
:1088A000FFF7DCFCFB68093319003B1D1B88093B03
:1088B0001A00584B180002F023FA554B9B6A3A1DD8
:1088C000100098470300FB60BB191B780133DCB232
:1088D0000B217B181B780133DBB24A4A12787918D6
:1088E0000D78B9190978F86802920A22BA18127834
:1088F000019200932B002200FFF7B0FCFB680933C4
:1089000019003B1D1B88093B1A00434B180002F05D
:10891000F7F90B217B187A18127802321A700A22A2
:10892000BB18BA18127801321A7031007B187A1805
:10893000127802321A70334B1B780133DAB2314BA2
:108940001A70BB1D64221A80344BFB60FB6809223D
:108950001A70FB68013302221A70FB680233BA1DD9
:108960001288D2B21A70BB1D1B881B0A9AB2FB6810
:108970000333D2B21A70FB6804337A1812781A7073
:10898000FB68053301221A70FB68063300221A7057
:10899000FB680733C0221A70FB68083332221A7052
:1089A0001F4BFB60FB6809221A70FB68013302222F
:1089B0001A70FB680233BA1D1288D2B21A70BB1D3E
:1089C0001B881B0A9AB2FB680333D2B21A70FB6889
:1089D00004337A1812781A70FB68053301221A7072
:1089E000FB68063300221A70FB680733C0221A7036
:1089F000FB68083332221A70C046BD4605B0F0BD90
:108A00009C0100208C010020B50E0020190F0020D1
:108A10007C000020CE0E0020320F0020100F00201E
:108A2000AC0E002080B584B000AF78600A00FB1C5B
:108A30001A70274BFB60FB68002B06D17A68B523C0
:108A40009B000021D15002233EE07A68B5239B00B1
:108A5000F968D1507B681B7C002B0ED11D4B1B7815
:108A60001A000F231A40796813009B009B189B0083
:108A7000CB18263307221A800DE0164B1B781A00FC
:108A80000F231A40796813009B009B189B00CB189A
:108A900026330A221A800F4B19787868082303229C
:108AA00001F041FE0B4B1B781A000F231A40796826
:108AB00013009B009B189B00CB18243301221A80C3
:108AC000FB6800221A7300231800BD4604B080BD65
:108AD000B80F00209A01002080B582B000AF786006
:108AE0000A00FB1C1A70194B1A787B6811001800D9
:108AF00001F050FE154B1B781A000F231A407968BD
:108B000013009B009B189B00CB18243300221A8073
:108B10000E4B1B781A000F231A40796813009B0034
:108B20009B189B00CB18263300221A807A68B52345
:108B30009B00D358002B04D07A68B5239B000021FA
:108B4000D15000231800BD4602B080BD9A0100201C
:108B500080B586B000AF786039607A68B5239B0035
:108B6000D358FB601723FB1800221A700A23FB1846
:108B700000221A80FB68002B01D10323EBE03B6845
:108B80001B781A00602313403AD0202B00D0D4E089
:108B90003B685B780B2B08D026DC0A2B13D023DC38
:108BA000022B19D0032B07D01EE03B685B88DBB299
:108BB0001A00FB681A6022E0F9687B68012218003D
:108BC00001F0B7FB1BE03B685B881B0A9BB2DBB282
:108BD0001A00FB685A6012E0FB68191D7B680122CD
:108BE000180001F0A6FB0AE03A687B681100180043
:108BF00001F017FB1723FB1803221A70C046A7E0E9
:108C00003B685B780B2B00D98AE09A00544BD31851
:108C10001B689F467A68A7239B00D35CDBB2032BBB
:108C200007D10A23F9187B680222180001F081FBA2
:108C300082E03A687B681100180001F0F2FA17230D
:108C4000FB1803221A7077E03B685B881B0A9BB213
:108C5000222B0BD13B68DB881422BA1899B23F292A
:108C600000D93F2313803F4B3B611CE03B685B888E
:108C70001B0A9BB2212B0BD13B4B3B613B68DB8832
:108C80001422BA1899B2092900D9092313800AE0DD
:108C90003A687B681100180001F0C3FA1723FB182B
:108CA00003221A7048E01423FB181A8839697B687C
:108CB000180001F03EFB3FE07A68A7239B00D35CDD
:108CC000DBB2032B08D1FB68083319007B68012253
:108CD000180001F02EFB2FE03A687B6811001800A5
:108CE00001F09FFA1723FB1803221A7024E07A6818
:108CF000A7239B00D35CDBB2032B06D13B685B88C8
:108D0000DBB21A00FB689A6016E03A687B681100D3
:108D1000180001F086FA1723FB1803221A700BE0E3
:108D20003A687B681100180001F07BFA1723FB18E2
:108D300003221A7000E0C0460AE03A687B6811001E
:108D4000180001F06EFA1723FB1803221A70C046B0
:108D50001723FB181B781800BD4606B080BDC0461F
:108D600070B50008380200202002002080B582B0D3
:108D700000AF78607B6822221A80024B1800BD4643
:108D800002B080BDD801002080B582B000AF78600D
:108D90007B6822221A80024B1800BD4602B080BDBB
:108DA000FC01002080B582B000AF78607B68222291
:108DB0001A80024B1800BD4602B080BDD8010020C9
:108DC00080B582B000AF78600A00FB1C1A707A6828
:108DD000B5239B00D35800221A7300231800BD4608
:108DE00002B080BD80B582B000AF78607B680A2297
:108DF0001A80024B1800BD4602B080BD2C02002034
:108E000080B586B000AFF860B960BB1D1A80FA6803
:108E1000B5239B00D3587B617B69002B01D10323D1
:108E200016E0FA68A7239B00D35CDBB2032B0ED1BC
:108E30007B691B7B002B0AD17B6901221A73064BCD
:108E40001978BB1D1B88BA68F86801F07FFD002304
:108E50001800BD4606B080BD9A01002090B583B0D1
:108E600000AF78600C0010001900FB1C221C1A7067
:108E7000BB1C021C1A707B1C0A1C1A707B680B330B
:108E8000FA1C12781A707B6811337A1C12781A70E7
:108E90007B681D33BA1C12781A70084BBA1C127802
:108EA0001A70074BFA1C12781A70064B7A1C12784B
:108EB0001A70C046BD4603B090BDC0469A0100205E
:108EC000B40F0020B50F0020B0B586B000AFF86039
:108ED000B960FB1D1A70FB68002B01D1032324E04D
:108EE000FA68AE239B000021D150FA68C6239B008C
:108EF0000021D150BB68002B04D0FA68AD239B0041
:108F0000B968D150FA68A7239B000121D154FB68AE
:108F1000FA1D12781A7017257C19FB68180001F0E9
:108F200037FB030023707B191B781800BD4606B081
:108F3000B0BD80B584B000AF786039600E23FB18F7
:108F400000221A803B68002B01D1032334E07A68A9
:108F5000AE239B003968D1507B681B7C002B15D158
:108F60007A68AE239B00D3589B6A002B23D07A6883
:108F7000AE239B00D3589B6A0E22BA181000984764
:108F800001007A68C6239B00D15014E07A68AE23B2
:108F90009B00D358DB6A002B0DD07A68AE239B0070
:108FA000D358DB6A0E22BA181000984701007A687D
:108FB000C6239B00D15000231800BD4604B080BDDD
:108FC00080B582B000AF78607B68180001F086FB46
:108FD00003001800BD4602B080BD80B582B000AF6E
:108FE000786000231800BD4602B080BD90B585B002
:108FF00000AF78600A00FB1C1A700F217B18032257
:109000001A707A68AE239B00D358002B0CD07A6874
:10901000AE239B00D3581B687C18FA1C11787A6821
:1090200010009847030023700F23FB181B781800CB
:10903000BD4605B090BD80B582B000AF78600A0033
:10904000FB1C1A707A68AE239B00D358002B09D002
:109050007A68AE239B00D3585B68FA1C11787A6853
:109060001000984700231800BD4602B080BD0000E4
:1090700090B585B000AF786039607B68304A94461F
:1090800063443A681100180001F08EF87A68A5234D
:109090009B000121D1507A68AC239B00D35A190060
:1090A0007A68A6239B00D1507B68254A9B5C1A00F6
:1090B0001F231340022B1FD02BD8002B02D0012BD3
:1090C0000DD026E07B681E4A9A180F23FC187B6897
:1090D0001100180000F03EFA0300237029E07B68BD
:1090E000174A9A180F23FC187B681100180000F02B
:1090F000ABFA030023701CE07B68114A9A180F2317
:10910000FC187B681100180000F0F8FA03002370C7
:109110000FE07B680A4A9B5C7F229343DAB20F23FD
:10912000FC187B681100180001F05FFB030023703E
:10913000C0460F23FB181B781800BD4605B090BD34
:10914000AA020000B0B586B000AFF8607A600B20CC
:109150003B180A1C1A703B181B78002B3FD1FB6888
:109160005533FF333B61FA68A5239B00D358032B8B
:1091700059D13B699A683B69DB689A4214D93B69CB
:109180009A683B69DB68D21A3B699A603B69D96887
:109190003B699A680B00934200D913007968F8681C
:1091A0001A0001F013F93EE0FA68A7239B00D35C94
:1091B000DBB2032B0ED1FA68AE239B00D3581B6998
:1091C000002B07D0FA68AE239B00D3581B69FA68BE
:1091D00010009847FB68180001F009F923E0FA68CD
:1091E000A7239B00D35CDBB2032B1CD1FA68AE2310
:1091F0009B00D3589B69002B15D0FA68AE239B00C7
:10920000D3589B6917257C190B22BA181178FA6874
:1092100010009847030023707B191B78002B02D0A5
:109220007B191B7800E000231800BD4606B0B0BDD6
:10923000B0B586B000AFF8607A600B203B180A1C0E
:109240001A703B181B78002B00D078E0FB681433B1
:109250003B61FA68A5239B00D358022B5FD13B6981
:109260009A683B69DB689A4214D93B699A683B6902
:10927000DB68D21A3B699A603B699A687968FB6837
:10928000180001F072F8F86800230022002101F0B4
:109290008DFB44E03B69DA683B699B689A421FD1C9
:1092A0003B695A683B69DB689A4219D33B695A6843
:1092B000F968A6239B00CB589A4211D2FB68002282
:1092C0000021180001F051F8FA68A6239B00002144
:1092D000D150F86800230022002101F067FB1EE056
:1092E000FA68A7239B00D35CDBB2032B0ED1FA688C
:1092F000AE239B00D358DB68002B07D0FA68AE235F
:109300009B00D358DB68FA6810009847FB688021FF
:10931000180001F06AFAFB68180001F07CF8FA689E
:10932000A8239B00D35C012B2DD1FB681800FFF70D
:1093300054FEFA68A8239B000021D15423E0FA6868
:10934000A7239B00D35CDBB2032B1CD1FA68AE23AE
:109350009B00D3585B69002B15D0FA68AE239B00A5
:10936000D3585B6917257C190B22BA181178FA6853
:1093700010009847030023707B191B78002B02D044
:109380007B191B7800E000231800BD4606B0B0BD75
:1093900080B582B000AF78607A68A7239B00012176
:1093A000D1547A68A5239B000021D1507B6800220C
:1093B0005A607A68A9239B000021D1507A68AE23B5
:1093C0009B00D358002B01D103232EE07A68AE23F3
:1093D0009B00D3585B68002B0AD07A68AE239B00B1
:1093E000D3585A687B685B68D9B27B68180090478D
:1093F000786840230022002101F095F97A68B223B1
:109400005B000121D1527A68B0235B004021D1502A
:10941000786840230022802101F085F97B680122D1
:109420009A847B6840221A6200231800BD4602B06D
:1094300080BD80B582B000AF78600A00FB1C1A7056
:109440007B68FA1C12781A7400231800BD4602B01B
:1094500080BD000080B582B000AF78607A68A72335
:109460009B00D35CD9B27B68054A99547A68A723DC
:109470009B000421D15400231800BD4602B080BDDA
:109480009D02000080B582B000AF78607A68A723A3
:109490009B00D35CDBB2042B07D17B68054A9B5C45
:1094A000D9B27A68A7239B00D15400231800BD4687
:1094B00002B080BD9D02000080B582B000AF786030
:1094C0007A68AE239B00D358002B01D1032316E00A
:1094D0007A68A7239B00D35CDBB2032B0ED17A689A
:1094E000AE239B00D358DB69002B07D07A68AE23EC
:1094F0009B00D358DB697A68100098470023180056
:10950000BD4602B080BD80B586B000AF78607B6894
:109510007B617B691A7812217B181A807B69013381
:109520007B617B691A7810203B181A803B18002257
:109530009B5E1B021AB27B1800215B5E13431AB2BA
:109540000E217B181A807B181B881800BD4606B0B8
:1095500080BD000090B585B000AF786039600F2302
:10956000FB1800221A703B681B781A006023134016
:10957000402B04D057D8002B0FD0202B53D17A6822
:10958000AE239B00D3589B680F22BC1839687A68B9
:1095900010009847030023704CE03B685B78092B70
:1095A00039D89A00274BD3181B689F463A687B68C6
:1095B0001100180000F058FA34E03A687B68110096
:1095C000180000F01FFC2DE00F23FC183A687B68A0
:1095D0001100180000F06CFC0300237022E03A68D0
:1095E0007B681100180000F02BFD1BE03A687B68D7
:1095F0001100180000F060FD14E03A687B6811006B
:10960000180000F094FD0DE03A687B681100180026
:1096100000F0A3FD06E03A687B681100180000F036
:1096200000FEC04606E03A687B681100180000F0B2
:10963000F8FDC0460F23FB181B781800BD4605B087
:1096400090BDC046A0B50008B0B584B000AF78604A
:1096500039600F23FB1800221A703B681B781A0030
:1096600060231340402B04D03AD8002B01D0202B8C
:1096700036D17A68A7239B00D35CDBB2013B022B77
:1096800025D83B689B88DBB20F2B19D87A68AE23AC
:109690009B00D3589B680F257C1939687A681000A5
:1096A0009847030023703B68DB88002B16D17B1999
:1096B0001B78002B12D17B68180000F098FE0DE09B
:1096C0003A687B681100180000F0ABFD06E03A68CC
:1096D0007B681100180000F0A4FD00E0C04606E021
:1096E0003A687B681100180000F09BFDC0460F230C
:1096F000FB181B781800BD4604B0B0BD90B585B00E
:1097000000AF786039600F23FB1800221A703B68A5
:109710009A880E23FB181A703B681B781A00602386
:109720001340402B06D000D98FE1002B10D0202B06
:1097300000D08AE17A68AE239B00D3589B680F2241
:10974000BC1839687A68100098470300237083E1D9
:109750003B685B78032B07D000DD6EE1002B00D166
:10976000A3E0012B4DD068E17A68A7239B00D35C6E
:10977000DBB2022B02D0032B1ED03AE00E22BB1824
:109780001B78002B11D0BB181B78802B0DD0BB1879
:109790001A787B681100180001F027F87B68802197
:1097A000180001F022F8C0462AE03A687B681100F0
:1097B000180000F036FD23E03B685B88002B13D1D6
:1097C0000E22BB181B78002B0ED0BB181B78802BE9
:1097D0000AD03B68DB88002B06D1BB181A787B685F
:1097E0001100180001F001F87B68180000F0FFFD7F
:1097F00006E03A687B681100180000F012FDC046D0
:1098000022E17A68A7239B00D35CDBB2022B02D053
:10981000032B1ED040E00E22BB181B78002B11D06A
:10982000BB181B78802B0DD0BB181A787B681100F1
:10983000180000F0DAFF7B688021180000F0D5FFE7
:10984000C04631E03A687B681100180000F0E9FC7E
:109850002AE03B685B88002B25D10E217B181B7802
:109860007F22134006D07B181A787B6811001800FD
:1098700000F0E6FF7B68180000F0B9FD7A68AE23BF
:109880009B00D3589B680F22BC1839687A68100077
:1098900098470300237006E03A687B6811001800BF
:1098A00000F0BFFC00E0C046CEE07A68A7239B0032
:1098B000D35CDBB2022B02D0032B3CD0B5E00E22EE
:1098C000BB181B78002B0AD0BB181B78802B06D046
:1098D0003A687B681100180000F0A3FCACE00E228F
:1098E000BB181B785BB2002B0CDABB181B787F22ED
:1098F0001A4013009B009B189B0010337A68D31802
:1099000004330DE00E23FB181B787F221A4013004E
:109910009B009B189B005133FF337A68D3180433A4
:10992000BB60BB6800221A60B9687B68022218001D
:1099300000F0FFFC80E00E22BB181B785BB2002B0E
:1099400014DABB181B780F221A40796813009B00A9
:109950009B189B00CB1824331B88002B1ED13A6820
:109960007B681100180000F05CFC65E00E23FB181A
:109970001B780F221A407868B223590013009B000D
:109980009B189B00C3185B181B88002B06D13A68F4
:109990007B681100180000F044FC4DE00E22BB185B
:1099A0001B785BB2002B0CDABB181B787F221A40A5
:1099B00013009B009B189B0010337A68D318043364
:1099C0000DE00E23FB181B787F221A4013009B002A
:1099D0009B189B005133FF337A68D3180433BB6064
:1099E0000E22BB181B78002B03D0BB181B78802BD2
:1099F00003D1BB6800221A6010E00E23FB181A780E
:109A00007B681100180000F046FF031E03D0BB68FE
:109A100001221A6002E0BB6800221A60B9687B6804
:109A20000222180000F085FC06E03A687B6811000D
:109A3000180000F0F6FBC04606E03A687B681100AB
:109A4000180000F0EEFBC04606E03A687B681100A3
:109A5000180000F0E6FBC0460F23FB181B78180027
:109A6000BD4605B090BD000080B584B000AF786001
:109A700039600823FB1800221A800023FB600B23A7
:109A8000FB1800221A703B685B881B0A9BB2072BED
:109A900000D96FE19A00D74BD3181B689F467A68AC
:109AA000AD239B00D3581B687A68127C0821791873
:109AB000100098470300FB6069E17B681B7C002B6A
:109AC0000FD17A68AE239B00D3589B6A0822BA183C
:109AD000100098470300FB60FB68013302221A70F4
:109AE00055E17A68AE239B00D358DB6A0822BA1886
:109AF000100098470300FB60FB68013302221A70D4
:109B000045E13B685B88DBB2052B00D9D0E09A00C9
:109B1000B94BD3181B689F467A68AD239B00D35876
:109B20005B68002B0DD07A68AD239B00D3585B682F
:109B30007A68127C08217918100098470300FB60AE
:109B4000D9E03A687B681100180000F06AFB0B212D
:109B50007B181A787B1801321A70CCE07A68AD2332
:109B60009B00D3589B68002B0DD07A68AD239B00D7
:109B7000D3589B687A68127C08217918100098479E
:109B80000300FB60B7E03A687B681100180000F042
:109B900048FB0B217B181A787B1801321A70AAE057
:109BA0007A68AD239B00D358DB68002B0DD07A6810
:109BB000AD239B00D358DB687A68127C08217918A2
:109BC000100098470300FB6095E03A687B6811003D
:109BD000180000F026FB0B217B181A787B18013245
:109BE0001A7088E07A68AD239B00D3581B69002B5C
:109BF0000DD07A68AD239B00D3581B697A68127C1C
:109C000008217918100098470300FB6073E03A6858
:109C10007B681100180000F004FB0B217B181A78F8
:109C20007B1801321A7066E07A68AD239B00D35826
:109C30005B69002B0DD07A68AD239B00D3585B691C
:109C40007A68127C08217918100098470300FB609D
:109C500051E03A687B681100180000F0E2FA0B212D
:109C60007B181A787B1801321A7044E07A68AD23A9
:109C70009B00D3589B69002B0DD07A68AD239B00C5
:109C8000D3589B697A68127C08217918100098478C
:109C90000300FB602FE03A687B681100180000F0B9
:109CA000C0FA0B217B181A787B1801321A7022E057
:109CB0007A68AE239B00D3589B6B002B0ED07A683A
:109CC000AE239B00D3589B6B3A685288D1B20822CE
:109CD000BA18786898470300FB600BE03A687B6825
:109CE0001100180000F09DFA0B217B181A787B18E0
:109CF00001321A70C0464AE07B681B7C002B0BD1F6
:109D00007A68AE239B00D3585B6B0822BA18100008
:109D100098470300FB603AE03A687B68110018003E
:109D200000F07FFA0B217B181A787B1801321A7029
:109D30002DE07B681B7C002B0FD17A68AE239B0043
:109D4000D3581B6B0822BA18100098470300FB6019
:109D5000FB68013307221A7019E03A687B6811002A
:109D6000180000F05EFA0B217B181A787B1801327C
:109D70001A700CE03A687B681100180000F051FA84
:109D80000B217B181A787B1801321A70C0460B23FE
:109D9000FB181B78002B31D13B68DB88002B23D0CC
:109DA00008217B181B88002B17D03B68DA887B18AA
:109DB0001B88181C111C8AB283B29A4200D9011C5C
:109DC0008AB208217B181A807B181B881A00F96850
:109DD0007B68180000F0ADFA11E03A687B6811006A
:109DE000180000F01EFA0AE07B68180000F0FFFA85
:109DF00005E0C046C8B50008E8B50008C046BD4645
:109E000004B080BD90B585B000AF786039603B6824
:109E10009B88002B3ED13B68DB88002B3AD13B6806
:109E20005B887F2B36D83B685B88DAB20F23FB1840
:109E30007F210A401A707A68A7239B00D35CDBB2AB
:109E4000032B06D13A687B681100180000F0E9F98D
:109E500027E07B680F243A19144912785A543B19A9
:109E60001A787B681100180000F045FD7B68180027
:109E700000F0BDFA3B191B78002B05D07A68A723A8
:109E80009B000221D1540CE07A68A7239B0001219A
:109E9000D15406E03A687B681100180000F0C1F95F
:109EA000C046C046BD4605B090BDC0469E020000FB
:109EB000B0B584B000AF786039600F23FB18002282
:109EC0001A703B685B88DAB25C4B1A705B4B1B788C
:109ED000012B07D93A687B681100180000F0A1F93E
:109EE0000323A7E07A68A7239B00D35CDBB2022B95
:109EF00002D0032B2ED088E0504B1B78002B24D0AF
:109F00004E4B1B781A007B685A604C4B1A780F2511
:109F10007C197B6811001800FFF768F803002370B4
:109F20007B191B78002B06D03A687B68110018005B
:109F300000F077F97BE07B68180000F058FA7A6847
:109F4000A7239B000321D15471E07B68180000F027
:109F50004EFA6CE0394B1B78002B15D17A68A72399
:109F60009B000221D154354B1B781A007B685A6044
:109F7000324B1A787B6811001800FFF75CF87B6899
:109F8000180000F034FA52E02C4B1B781A007B6862
:109F90005B689A4234D07B685B68DAB27B681100F8
:109FA0001800FFF748F8254B1B781A007B685A60A9
:109FB000224B1A780F257C197B6811001800FFF7D7
:109FC00015F8030023707B191B78002B13D03A6817
:109FD0007B681100180000F024F97B685B68DAB236
:109FE0007B6811001800FFF726F87A68A7239B000A
:109FF0000221D1541BE07B68180000F0F8F916E04C
:10A000007B68180000F0F3F911E03A687B681100F2
:10A01000180000F006F9094B1A787B681100180047
:10A02000FFF709F80F23FB1803221A70C0460F230D
:10A03000FB181B781800BD4604B0B0BDC80F002047
:10A0400080B582B000AF786039603B68DB88012B57
:10A0500006D03A687B681100180000F0E2F827E0AB
:10A060007A68A7239B00D35CDBB2022B02DC002BB7
:10A0700003DC16E0032B0CD013E07B6800229A600F
:10A080007B68083319007B680122180000F051F941
:10A090000EE07B68191D7B680122180000F049F969
:10A0A00006E03A687B681100180000F0BAF8C04674
:10A0B000C046BD4602B080BD80B582B000AF7860BA
:10A0C00039607A68A7239B00D35CDBB2013B022B8B
:10A0D00022D83B68DB88022B06D03A687B681100E7
:10A0E000180000F09EF81EE07B680122DA607A68B2
:10A0F000A9239B00D358002B05D07B68DB68022284
:10A100001A437B68DA607B680C3319007B68022293
:10A11000180000F00EF906E03A687B68110018009C
:10A1200000F07FF8C046C046BD4602B080BD80B595
:10A1300082B000AF786039603B685B88012B08D142
:10A140007A68A9239B000121D1507B68180000F098
:10A150004EF9C046BD4602B080BD80B582B000AFAA
:10A16000786039607A68A7239B00D35CDBB2013B3F
:10A17000022B0DD83B685B88012B10D17A68A9238C
:10A180009B000021D1507B68180000F030F906E0F8
:10A190003A687B681100180000F043F800E0C04600
:10A1A000C046BD4602B080BD80B584B000AF7860C7
:10A1B00039603B68FB60FB681A787B681A70FB6843
:10A1C0000133FB60FB681A787B685A70FB680133C7
:10A1D000FB60FB681800FFF796F903001A007B6824
:10A1E0005A80FB680133FB60FB680133FB60FB684E
:10A1F0001800FFF788F903001A007B689A80FB6853
:10A200000133FB60FB680133FB60FB681800FFF75C
:10A210007AF903001A007B68DA80C046BD4604B0B4
:10A2200080BD80B582B000AF786039607B688021E6
:10A23000180000F0DAFA7B680021180000F0D5FA67
:10A24000C046BD4602B080BD90B587B000AFF86093
:10A25000B9607A6017243B1900221A70FB68002B42
:10A2600044D0FB683B613B69180000F043F80300F1
:10A2700001339BB2DB189AB27B681A803B191B78BA
:10A28000BA68D3187A6812781A703B191A783B1991
:10A2900001321A703B191B78BA68D31803221A705E
:10A2A0003B191A783B1901321A701AE017217B18F2
:10A2B0001B78BA68D3183A6912781A703B6901336F
:10A2C0003B617B181A787B1801321A707B181B7857
:10A2D000BA68D31800221A707B181A787B180132DA
:10A2E0001A703B691B78002BE0D100E0C046BD46E8
:10A2F00007B090BD80B584B000AF78600F23FB1825
:10A3000000221A707B68BB6008E00F217B181A7866
:10A310007B1801321A70BB680133BB60BB681B78C5
:10A32000002BF2D10F23FB181B781800BD4604B098
:10A3300080BD80B584B000AFF860B9607A60FA681B
:10A34000A5239B000221D150FB687A689A61FB68C3
:10A350007A68DA617B68BA68F868002100F0F6FA7A
:10A3600000231800BD4604B080BD80B584B000AFA6
:10A37000F860B9607A607B68BA68F868002100F01C
:10A38000E5FA00231800BD4604B080BD80B584B056
:10A3900000AFF860B9607A60FA68A5239B000321DA
:10A3A000D150FA68AC235B007968D150FA68AE23CB
:10A3B0005B007968D1507B68BA68F868002100F0CA
:10A3C000F5FA00231800BD4604B080BD80B584B006
:10A3D00000AFF860B9607A607B68BA68F8680021FD
:10A3E00000F0E4FA00231800BD4604B080BD80B53B
:10A3F00082B000AF78607A68A5239B000421D15019
:10A40000786800230022002100F0A0FA0023180041
:10A41000BD4602B080BD80B582B000AF78607A687A
:10A42000A5239B000521D15078680023002200213C
:10A4300000F0BCFA00231800BD4602B080BD80B514
:10A4400082B000AF78607A68B6239B00D2587B68F0
:10A45000A62189008C46634419001000FEF708FE0F
:10A46000C046BD4602B080BD90B583B000AF7860F5
:10A470000A00FB1C1A707A68B6239B00D458FB1C98
:10A480001A787868B223590013009B009B18DB00F0
:10A49000C3185B181A68FB1C1B7819002000FEF714
:10A4A00051FEC046BD4603B090BD80B582B000AF3E
:10A4B00078600A00FB1C1A707A68B6239B00D0589B
:10A4C000FB1C1A78796813009B009B18DB00CB18E3
:10A4D00024331A68FB1C1B781900FEF7A9FEC0463E
:10A4E000BD4602B080BD80B582B000AF78607A68AA
:10A4F000B6239B00D3581800FEF7DEFFC046BD46CA
:10A5000002B080BD80B584B000AF78600F217B18A9
:10A5100001221A707B685B79022B03D17B18012220
:10A520001A7001E0F6F7F2FE7A68B6239B00D25863
:10A530000F23FB181B7819001000FEF77AFF7A68CA
:10A54000B6239B00D3581800FEF722FFC046BD4635
:10A5500004B080BD80B582B000AF78607A68B62361
:10A560009B00D3581800FEF775FFC046BD4602B0E9
:10A5700080BD80B582B000AF78607A68B6239B005A
:10A58000D3581800FEF77EFFC046BD4602B080BD1E
:10A59000B0B584B000AF78604A4B4B4A1A607B6814
:10A5A0001B78002B00D088E0464B1A68B6239B002E
:10A5B0007968D150434B19687A68C4239B00D15005
:10A5C0000E243B1940221A807A68C4239B00D0587D
:10A5D0003B191B8800220021F9F71EFF3B193A198D
:10A5E000128840321A807A68C4239B00D0583B19E5
:10A5F0001B8800228021F9F70FFF3B193A191288B6
:10A6000040321A807A68C4239B00D0582F4B1B78A5
:10A6100019003B191B880022F9F7FEFE3B193A1975
:10A62000128808321A800D23FB1800221A703FE0AE
:10A630007A68C4239B00D0580D257B191B78244AC7
:10A64000D35C19000E243B191B880022F9F7E4FEA5
:10A650003B193A19128830321A807A68C4239B0059
:10A66000D0587B191B781B4AD35C19003B191B88F7
:10A670000022F9F7D1FE3B193A19128830321A80BC
:10A680007A68C4239B00D0587B191B78124AD35C8C
:10A6900019003B191B880022F9F7BEFE3B193A1935
:10A6A000128808321A807B191A787B1901321A70C5
:10A6B0000D23FB181B78002BBAD000231800BD46D1
:10A6C00004B0B0BDCC0F0020E40300209A010020AC
:10A6D000780C00207C0C0020800C0020F0B585B0A8
:10A6E00000AF78600F217B1800221A700E26BB196C
:10A6F00000221A707A68C4239B00D3580D007C187E
:10A700001800F8F7BFF903002370BC197B191B78F8
:10A71000180000F091F903002370BB191B78180092
:10A72000BD4605B0F0BDF0B585B000AF78600C0057
:10A7300010001900FB1C221C1A70BB1C021C1A7092
:10A740003B000A1C1A800F26BB1900221A700E2526
:10A750007B1900221A707A68C4239B00D058BC1958
:10A76000BB1C1D783B001A88FB1C19782B00F8F7DE
:10A770001DFB030023700E257C19BB191B781800E4
:10A7800000F05AF9030023707B191B781800BD46AE
:10A7900005B0F0BDF0B585B000AF78600A00FB1CD5
:10A7A0001A700F217B1800221A700E26BB19002286
:10A7B0001A707A68C4239B00D2580D007C18FB1CC9
:10A7C0001B7819001000F8F760FB03002370BC1918
:10A7D0007B191B78180000F02FF903002370BB19B8
:10A7E0001B781800BD4605B0F0BDF0B585B000AFD0
:10A7F00078600A00FB1C1A700F217B1800221A7067
:10A800000E26BB1900221A707A68C4239B00D25806
:10A810000D007C18FB1C1B7819001000F8F712FCC7
:10A8200003002370BC197B191B78180000F004F991
:10A8300003002370BB191B781800BD4605B0F0BD9E
:10A84000F0B585B000AF78600A00FB1C1A700F21CC
:10A850007B1800221A700E26BB1900221A707A6823
:10A86000C4239B00D2580D007C18FB1C1B781900D8
:10A870001000F8F743FC03002370BC197B191B7808
:10A88000180000F0D9F803002370BB191B781800DA
:10A89000BD4605B0F0BD80B584B000AF78600A0059
:10A8A000FB1C1A707A68C4239B00D358FB60FB1C06
:10A8B0001B785BB2002B0CDAFB1C1B787F221A4042
:10A8C000F96813009B009B18DB00CB1812331B7830
:10A8D0000DE0FB1C1B787F221A40F868A923590061
:10A8E00013009B009B18DB00C3185B181B78180033
:10A8F000BD4604B080BDF0B585B000AF78600A00F9
:10A90000FB1C1A700F217B1800221A700E26BB192F
:10A9100000221A707A68C4239B00D2580D007C185C
:10A92000FB1C1B7819001000F8F716FA03002370BF
:10A93000BC197B191B78180000F07EF80300237007
:10A94000BB191B781800BD4605B0F0BDF0B587B047
:10A9500000AFF8607A603B600B23FB180A1C1A708A
:10A960001726BB1900221A7016257B1900221A70AF
:10A97000FA68C4239B00D058BC193D687A680B2341
:10A98000FB1819782B00F8F721FB0300237016251C
:10A990007C19BB191B78180000F04EF803002370D7
:10A9A0007B191B781800BD4607B0F0BDF0B587B025
:10A9B00000AFF8607A603B600B23FB180A1C1A702A
:10A9C0001726BB1900221A7016257B1900221A704F
:10A9D000FA68C4239B00D058BC193D687A680B23E1
:10A9E000FB1819782B00F8F7A1FA0300237016253D
:10A9F0007C19BB191B78180000F01EF803002370A7
:10AA00007B191B781800BD4607B0F0BD80B582B039
:10AA100000AF78600A00FB1C1A707A68C4239B00A0
:10AA2000D258FB1C1B7819001000F8F7B6FA030087
:10AA30001800BD4602B080BD80B584B000AF0200F2
:10AA4000FB1D1A700F23FB1800221A70FB1D1B78C8
:10AA5000032B17D01BDC022B0FD018DC002B02D0ED
:10AA6000012B05D013E00F23FB1800221A7013E00E
:10AA70000F23FB1803221A700EE00F23FB1801228C
:10AA80001A7009E00F23FB1803221A7004E00F2349
:10AA9000FB1803221A70C0460F23FB181B781800FE
:10AAA000BD4604B080BD000070B50F4E0D0031688A
:10AAB0000400002902D100F0E5F8306029002000F0
:10AAC00000F0E0F8431C03D101256D42280070BD61
:10AAD0000323C51C9D43A842F8D0291A200000F08A
:10AAE000D1F80130F2D1EFE7D00F0020F7B5032203
:10AAF000CB1C9343083305001F000C2B34D20C27CA
:10AB0000B94233D8280000F071F8374E33681C0082
:10AB1000002C2FD139002800FFF7C6FF0400431C8A
:10AB20005FD134680094009B002B4AD1002C52D096
:10AB300023682800E3180099019300F0A3F8019B13
:10AB4000834248D123682800FF1A3900FFF7ACFF81
:10AB5000013040D02368DB19236033685A68002A2B
:10AB600033D1009B336019E0002BC9DA0C232B6032
:10AB70000020FEBD2168C91B20D40B290AD9E21987
:10AB80002760A34204D1326063681160536005E01E
:10AB90005A60F9E76268A3420ED13260280000F0E3
:10ABA0002DF8200007220B30231D9043C21A984233
:10ABB000DFD01B1AA350DCE75A60EFE7230064687C
:10ABC000A6E7009C63680093ADE71A005B68A342A8
:10ABD000FBD10023DAE70C2328002B6000F00EF8ED
:10ABE000C6E70760DAE7C046D40F002010B5024878
:10ABF00000F084F810BDC0461411002010B50248C2
:10AC000000F07DF810BDC046141100200CB430B522
:10AC1000174B0C001D689DB0002908DA8B2301201A
:10AC20002B6040421DB030BC08BC02B018478223E4
:10AC300002A99B008B81002302904B6608619C4215
:10AC400000D0631E8B604B6101235B42CB812800E7
:10AC500021AB209A019300F00BF9431C01DA8B23FE
:10AC60002B60002CDED00022029B1A70DAE7C0466F
:10AC70007802002003008218934200D170471970B7
:10AC80000133F9E7002370B5064D040008002B607E
:10AC9000F6F798FB431C03D12B68002B00D02360F0
:10ACA00070BDC04610110020014B18687047C046A7
:10ACB0007802002070B500260C4C0D4D641BA410CA
:10ACC000A64209D1002600F09FFB0A4C0A4D641BE6
:10ACD000A410A64205D170BDB300EB5898470136C9
:10ACE000EEE7B300EB5898470136F2E734B60008B8
:10ACF00034B6000838B6000834B60008704770470C
:10AD0000002310B59A4200D110BDCC5CC45401336D
:10AD1000F8E7000070B505000C1E10D0043C236855
:10AD2000002B00DAE4182800FFF760FF1D4A1368C3
:10AD3000002B05D1636014602800FFF75FFF70BD32
:10AD4000A34208D9206821188B42F3D119685B68A7
:10AD500009182160EEE71A005B68002B01D0A342BE
:10AD6000F9D911685018A0420BD120680918501861
:10AD700011608342E0D118685B684118116053602C
:10AD8000DAE7A04202D90C232B60D5E7206821180E
:10AD90008B4203D119685B680918216063605460B5
:10ADA000CAE7C046D40F0020F0B58E6885B01F00FA
:10ADB0000C00330002900392BE4254D80C22885EED
:10ADC0009022D20010422CD00322096923685B1A1A
:10ADD000019363695343019ADD0FED187B1C6D10DD
:10ADE0009B182A00AB4201D91D001A00400527D547
:10ADF00011000298FFF77AFE061E2AD0019A2169F7
:10AE0000FFF77EFFA289194B1A4080231343A381C9
:10AE1000019B2661F618266065613E00ED1A3B0035
:10AE2000A5601F003A000399206800F097FA0020FF
:10AE3000A3689B1BA3602368DB19236005B0F0BDEA
:10AE4000029800F0A8FA061EE2D121690298FFF7E5
:10AE500061FF0C230120029A40421360A28934331F
:10AE60001343A381EAE73E00DCE7C0467FFBFFFF18
:10AE7000F0B59FB002901D008B890F0016001B06D5
:10AE800012D50B69002B0FD14021FFF72FFE386040
:10AE90003861002806D10C23029A13600120404239
:10AEA0001FB0F0BD40237B61002306AC63612033FB
:10AEB00063761033A376059535002B78002B01D0EF
:10AEC000252B48D1AB1B0393B5420BD03200390080
:10AED0000298FFF769FF013000D1AAE06369039A85
:10AEE0009B1863612B78002B00D1A2E00122532133
:10AEF00000235242626002AA52186E1C2360E36073
:10AF0000A3601370A365524B052218003178039398
:10AF100000F036FA751C226800281ED1D30604D52D
:10AF2000202302A9533009180B70130704D55320AE
:10AF30002B2302A909180B7033782A2B15D0350062
:10AF400000210A20E3682A786E1C303A092A4ED97B
:10AF5000002910D116E00135AFE7039B2E00C01A7F
:10AF60000123834013432360CDE7059B191D1B6814
:10AF70000591002B01DBE36004E05B42E360022308
:10AF8000134323602B782E2B0CD16B782A2B33D1D3
:10AF9000059B02351A1D1B680592002B01DA01235F
:10AFA0005B4263602B4E03223000297800F0E8F901
:10AFB000002806D04023801B8340226801351343BC
:10AFC00023602978062224486E1C217600F0D8F9E7
:10AFD000002834D02148002821D10722059B0733BF
:10AFE00093430833059363691B18636164E7434324
:10AFF000350001219B18A6E700230A20190001351E
:10B0000063602A786E1C303A092A03D9002BC9D014
:10B010006160C7E74143350001238918F1E705AABC
:10B02000009221003A000E4B029800E000BF431C42
:10B03000D9D1BB895B0600D530E7606930E705AA46
:10B04000009221003A00064B029800F07BF8EEE7F0
:10B0500000B6000806B600080AB6000800000000A6
:10B06000A9AD0008F7B5160001938A680B690C00BA
:10B070000090934200DA13002200336043321278CA
:10B08000002A01D00133336023689B0602D5336860
:10B09000023333602268062315001D401A4227D070
:10B0A000230043331B785A1E93412268920630D402
:10B0B000220001990098089D4332A847013025D00D
:10B0C0000622236800251340042B05D13368E56868
:10B0D000ED1AEB43DB171D40A3682269934201DDA3
:10B0E0009B1AED180026B54220D1002010E0013552
:10B0F000E36832689B1AAB42D2DD2200012301993A
:10B100000098089F1932B8470130F0D10120404221
:10B11000FEBD3020E1184331087021005A1C453132
:10B120000978A218433202331170C1E722000123CB
:10B1300001990098089F1A32B8470130E6D00136CD
:10B14000D1E70000F0B58BB006920A0043320793B6
:10B15000059003920A7E0C00109B782A09D8622A77
:10B160000BD8002A00D1BBE07A490491582A00D1BB
:10B170008FE0250042352A7022E010006338152840
:10B18000F7D8F4F7C9FF16001F00F6FFF6FFF6FF29
:10B19000F6FF1F00F6FFF6FFF6FFF6FFA0003600F1
:10B1A0007F00F6FFF6FFB100F6FF3600F6FFF6FF70
:10B1B000830025001A684235111D196013682B7031
:10B1C00001239FE018680968021D0D060BD506686B
:10B1D0001A60002E03DA2D23039A764213705D4B1A
:10B1E0000A27049319E006681A604906F1D536B2B9
:10B1F000EFE71A68096840CA080602D4490600D574
:10B20000B6B21A60237E534A0A2704926F2B00D1EC
:10B21000023F2300002243331A706368A360002BAF
:10B2200006DB04212268039D8A43226033430CD04D
:10B23000039D30003900F4F7FFFF049B013D5B5C88
:10B240002B70330006009F42F3D9082F09D12368E1
:10B25000DB0706D5626823699A4202DC3023013D90
:10B260002B70039B5B1B2361079B210000930598B8
:10B27000069B09AAFFF7F6FE013048D101204042A3
:10B280000BB0F0BD202209680A43226078223249BF
:10B290000491210045310A701968226840C91006DE
:10B2A00002D4500600D5B6B21960D30702D52023C8
:10B2B00013432360002E01D01027AAE72022236821
:10B2C00093432360F8E71A680D68101D49691860F8
:10B2D00013682E0601D5196002E06D06FBD51980B2
:10B2E0000023039D2361BFE71A68111D19601568CB
:10B2F00000212800626800F043F8002801D0401BBC
:10B300006060636823610023039A1370ACE72A002E
:10B31000236906990598079DA8470130AED0236898
:10B320009B0715D4099BE0689842A9DA1800A7E7A3
:10B330002200012306990598079E1932B047013073
:10B340009CD00135E368099A9B1AAB42F0DCE9E72F
:10B350000025F7E711B6000822B6000810B58842AC
:10B3600002D98B18984208D300239A4207D0CC5CAC
:10B37000C4540133F9E78B5C8354013AFBD210BD0E
:10B38000C9B28218904201D10020704703788B42E5
:10B39000FBD00130F6E7F7B506000C0015000029D8
:10B3A00005D11100FFF7A2FB04002000FEBD002A1A
:10B3B00003D1FFF7AFFC2C00F7E700F01CF8070003
:10B3C000854202D84308AB42EFD329003000FFF793
:10B3D0008DFB0190002801D1019CE6E72A00BD42C7
:10B3E00000D93A0021000198FFF78AFC21003000C3
:10B3F000FFF790FCF0E70B1F1B68181F002B01DA0A
:10B400000B58C01870470000F8B5C046F8BC08BC1F
:10B410009E467047F8B5C046F8BC08BC9E467047CB
:10B420002530326C582000005258204944202530E5
:10B43000346C58204845582025730A0053544D3326
:10B440003220434F4D504F534954452044455649AF
:10B450004345000053544D6963726F656C656374B6
:10B46000726F6E6963730000434F4E4649475552F1
:10B470004154494F4E203000434F4D504F53495493
:10B480004520494E544552464143450053544D339F
:10B4900032204344432041434D25640053544D33EF
:10B4A0003220555342204B4559424F4152440000EF
:10B4B0000000000000000000010203040607080964
:10B4C00002030405060708090A0B0C0D0E0F1010E5
:10B4D0000102030405060708090A0B0C0D0E0F10E4
:10B4E000147400081474000814740008147400081C
:10B4F000147400081474000814740008147400080C
:10B5000014740008147400081474000814740008FB
:10B5100014740008147400081474000814740008EB
:10B5200014740008147400081474000814740008DB
:10B5300014740008147400081474000814740008CB
:10B5400014740008147400081474000814740008BB
:10B5500014740008147400081474000814740008AB
:10B560001C7300088A73000814740008147400081F
:10B57000148C0008368D0008208D0008208D0008EE
:10B58000208D0008208D0008488C0008208D0008C0
:10B59000208D0008208D0008B88C0008EE8C000873
:10B5A000EC9500080896000816960008FA95000821
:10B5B00016960008BA950008AC9500081696000883
:10B5C000DE950008C8950008749D00089E9A000842
:10B5D000BA9A0008029B0008749D0008749D000838
:10B5E000F89C0008329D0008189B00085C9B00082E
:10B5F000A09B0008E49B0008289C00086C9C0008A5
:10B60000232D302B2000686C4C006566674546474B
:10B6100000303132333435363738394142434445CE
:10B62000460030313233343536373839616263643D
:04B63000656600004B
:04B63400E900000821
:04B63800C100000845
:10B63C0000127A0004000000010000009D72000856
:10B64C00D1720008E972000829740008A974000876
:10B65C00597500087D750008E5750008A17500088E
:10B66C0011760008397600087D7600081201000278
:10B67C00EF0201408304A452000201020301000006
:10B68C00040309041A03000000000000000000007D
:10B69C00000000000000000000000000000000009E
:10B6AC000A0600020000004001000000B577000807
:10B6BC00D9790008F17A000800000000517F0008D9
:10B6CC004D7D0008917E0008000000000000000085
:10B6DC000000000021800008058000083D80000863
:10B6EC00598000080000000009024B00020100C054
:10B6FC0032080B00020202010009040000010202E0
:10B70C00010005240010010524010001042402029B
:10B71C000524060001070582030800100904010036
:10B72C00020A000000070501020002000705810261
:10B73C000002000009024B00020100C032080B009D
:10B74C0002020201000904000001020201000524AA
:10B75C000010010524010001042402020524060046
:10B76C00010705820308001009040100020A000009
:10B77C00000705010240000007058102400000009F
:10B78C00DD8300081984000855840008C185000871
:10B79C00A1850008F184000815860008D3850008EF
:10B7AC00E5850008FD850008798600089586000867
:10B7BC00B1860008CD860008E98600080600000066
:10B7CC000A060002EF02014001008300258A0008EE
:10B7DC00D98A0008518B000800000000000000000E
:10B7EC00C18D0008000000000000000000000000F7
:10B7FC0000000000898D00086D8D0008A58D0008E3
:10B80C00E58D00080000000009022200010100E0A3
:10B81C00320904000001030101000921110100019A
:10B82C00223F000705830308000A000009022200DA
:10B83C00010100E0320904000001030101000921AB
:10B84C0011010001223F00070583030800070000D7
:10B85C00092111010001223F000000000A0600022C
:10B86C00000000400100000005010906A1010507C8
:10B87C0019E029E71500250175019508810295014C
:10B88C0075088103950575010508190129059102B3
:10B89C009501750391039506750815002565050737
:10B8AC00190029658100C0007C0200200000000006
:10B8BC00D80F002040100020A8100020000000002D
:10B8CC00000000000000000000000000000000006C
:10B8DC00000000000000000000000000000000005C
:10B8EC00000000000000000000000000000000004C
:08B8FC00000000000000000044
:04000005080014D902
:00000001FF
