:020000040800F2
:1000000000400020CD1100085D11000865110008B6
:1000100000000000000000000000000000000000E0
:100020000000000000000000000000006D1100084A
:100030000000000000000000771100088111000896
:100040001D1200081D1200081D1200081D120008D4
:100050001D1200081D1200081D1200081D120008C4
:100060001D1200081D1200081D1200081D120008B4
:100070001D1200081D1200081D1200081D120008A4
:100080001D1200081D1200081D1200081D12000894
:100090001D1200081D1200081D1200081D12000884
:1000A0001D1200081D1200081D1200081D12000874
:1000B0001D1200081D12000891110008A911000866
:1000C00010B5064C2378002B07D1054B002B02D02E
:1000D000044800E000BF0123237010BD5801002038
:1000E00000000000C88F0008044B10B5002B03D09F
:1000F0000349044800E000BF10BDC04600000000F6
:100100005C010020C88F0008002243088B4274D392
:1001100003098B425FD3030A8B4244D3030B8B4208
:1001200028D3030C8B420DD3FF22090212BA030C11
:100130008B4202D31212090265D0030B8B4219D3F2
:1001400000E0090AC30B8B4201D3CB03C01A524112
:10015000830B8B4201D38B03C01A5241430B8B425A
:1001600001D34B03C01A5241030B8B4201D30B0343
:10017000C01A5241C30A8B4201D3CB02C01A52416A
:10018000830A8B4201D38B02C01A5241430A8B422D
:1001900001D34B02C01A5241030A8B4201D30B0216
:1001A000C01A5241CDD2C3098B4201D3CB01C01A30
:1001B000524183098B4201D38B01C01A524143093A
:1001C0008B4201D34B01C01A524103098B4201D328
:1001D0000B01C01A5241C3088B4201D3CB00C01A95
:1001E000524183088B4201D38B00C01A524143080D
:1001F0008B4201D34B00C01A5241411A00D2014632
:10020000524110467047FFE701B5002000F006F8A4
:1002100002BDC0460029F7D076E770477047C04658
:1002200080B582B000AF78600E4B0F4A786800212D
:1002300001F0BEFB031E10D19023DB050121180045
:1002400002F08BF9094B01221A70074B1B69012B35
:1002500003D1044B1A78064B1A70C046BD4602B053
:1002600080BDC046D8010020B4010020E401002078
:10027000E601002080B582B000AF78609023DB05F6
:100280000121180002F069F9FA235B00180001F05F
:100290002BF89023DB050221180002F05EF9C0461E
:1002A000BD4602B080BD000080B500AF00F0B8FFD1
:1002B00000F0D8FD00F08AFE00F028FE08F0D0F92A
:1002C000D24B992292001A60D04B00225A60CF4B39
:1002D0000022DA60CD4B00229A60CC4B08221A61D2
:1002E000CA4B00221A75CA4B180001F011FAC84B0C
:1002F0000221180001F087FCC44B03221A61C54B90
:10030000E0221A70C34B01225A70C24B00229A702D
:10031000C046BF4B180001F013FB031EF9D0BE4BC3
:10032000BC4ABA49BA4801F039FA031E05D19023F4
:10033000DB050221180002F010F9B84B1B78002BE6
:10034000FBD0B74B1B78002B35D1B04B06221A617E
:10035000B34B1B780F221340DBB21033DAB2AD4B34
:100360001A70AC4B15225A70AA4B01229A70A94BF5
:100370000122DA70A74B02221A71A64B02225A718F
:10038000C046A34B180001F0DBFA031EF9D0A24BC4
:10039000A04A9E499E4801F001FA031E0BD190230A
:1003A000DB050221180002F0D8F89D4B1B780133C1
:1003B000DAB29B4B1A709B4B1B69032B2FD19A4BC4
:1003C0001B78E02B2BD1984B5B78012B27D1964BD8
:1003D0009B78002B23D1924B00221A708B4B032267
:1003E0001A618C4BE0221A708A4B01225A70894B99
:1003F00000229A70C046864B180001F0A1FA031E35
:10040000F9D0854B834A8149814801F0C7F9031E21
:1004100005D19023DB050221180002F09EF8814BE4
:100420001B69022B25D1804B1B78A32B21D17E4B3E
:100430005B78002B1DD1754B02221A61754BE122AE
:100440001A70744B01225A70C046714B180001F0AB
:1004500077FA031EF9D0704B6E4A6C496C4801F074
:100460009DF9031E05D19023DB050221180002F03F
:1004700074F86C4B1B69012B1ED96B4B1B78312B0D
:100480001AD8624B01221A61674B1B780133DBB229
:100490000F221340DBB2503BDAB25E4B1A70C046FB
:1004A0005B4B180001F04CFA031EF9D05A4B594A25
:1004B0005649574801F072F95A4B1B69032B34D146
:1004C000594B5B78002B30D1574B9B78012B2CD1AB
:1004D0004E4B03221A61524B1B780F221340DBB2A2
:1004E0001033DAB24B4B1A704A4B01225A70494B07
:1004F00001229A70C046464B180001F021FA031EF3
:10050000F9D0454B434A4149414801F047F9031EA0
:100510000BD19023DB050221180002F01EF8404B9E
:100520001B780133DAB23E4B1A703E4B1B69032B2A
:1005300033D13D4B5B78262B2FD1344B04221A61EB
:10054000374B1B780F221340DBB21033DAB2314B3A
:100550001A70304B27225A702E4B02229A702D4B64
:100560000122DA70C0462A4B180001F0E9F9031E97
:10057000F9D0294B274A2549254801F00FF9031ED8
:100580000BD19023DB050221180001F0E6FF244B7C
:100590001B780133DAB2224B1A70224B1B69022BF3
:1005A00000D008E1204B5B78082B00D003E1174B0B
:1005B00008221A611A4B1B780F221340DAB2154B2E
:1005C0001A70144B09225A70124B01229A70114B67
:1005D0000122DA700F4B20221A710E4B44225A71FD
:1005E0000C4B33229A710B4B3122DA71C046084B07
:1005F000180001F0A5F9031EF9D0074B054A03497D
:10060000034801F0CBF8031E1CD10FE09C01002031
:1006100074010020D0010020E0010020E40100204E
:10062000E6010020B4010020D80100209023DB0562
:100630000221180001F091FFD04B1B780133DAB290
:10064000CE4B1A70052000F04FFECD4B08221A61E8
:10065000CA4B1B780F221340DAB2CA4B1A70C94B2F
:1006600031225A70C74B31229A70C64B3122DA7050
:10067000C44B31221A71C34B31225A71C14B312202
:100680009A71C04B3122DA71C046BF4B180001F09D
:1006900057F9031EF9D0BD4BBA4AB949BA4801F01F
:1006A0007DF8031E0BD19023DB050221180001F019
:1006B00054FFB24B1B780133DAB2B04B1A700520ED
:1006C00000F012FEAE4B08221A61AC4B1B780F22D1
:1006D0001340DAB2AB4B1A70AA4B00225A70A94BE6
:1006E00032229A70A74B3222DA70A64B32221A714C
:1006F000A44B32225A71A34B32229A71A14B32225F
:10070000DA71C046A04B180001F01AF9031EF9D0A7
:100710009E4B9C4A9A499C4801F040F8031E0BD11D
:100720009023DB050221180001F017FF934B1B7883
:100730000133DAB2914B1A70052000F0D5FD904BD1
:1007400008221A618D4B1B780F221340DBB2103345
:10075000DAB28C4B1A708B4B32225A70894B322290
:100760009A70884B3222DA70864B32221A71854B8E
:1007700000225A71834B22229A71824B1122DA7124
:10078000C046814B180001F0DBF8031EF9D07F4B07
:100790007C4A7B497C4801F001F8031E0BD1902371
:1007A000DB050221180001F0D8FE744B1B780133E1
:1007B000DAB2724B1A70764B5B78462B6FD1704B66
:1007C00008221A616D4B1B780F221340DAB26D4B71
:1007D0001A706C4B47225A706A4BFF229A70694B11
:1007E000FF22DA70674B20221A71664B20225A7161
:1007F000644B20229A71634B2022DA71C046624B0F
:10080000180001F09DF8031EF9D0604B5D4A5C4969
:100810005D4800F0C3FF031E0BD19023DB050221CE
:10082000180001F09AFE554B1B780133DAB2534B96
:100830001A70534B06221A61504B1B780F2213403B
:10084000DBB21033DAB24F4B1A704E4B20225A7083
:100850004C4B20229A704B4B2022DA70494B2022BD
:100860001A71484B00225A71C046474B180001F0DC
:1008700067F8031EF9D0454B424A4149424800F00F
:100880008DFF031E0BD19023DB050221180001F020
:1008900064FE3A4B1B780133DAB2384B1A703D4B89
:1008A0001B69052B00D0C3E1394B5B78302B00D09E
:1008B000BEE1374B9B78012B00D0B9E1364B1B785A
:1008C0000133DAB2344B1A70314BDB78402B08D14C
:1008D000324B62229A703149314B0822180006F0DF
:1008E00067FC2B4BDB78412B08D12C4B59229A709B
:1008F0002A492B4B0822180006F05AFC244BDB78BF
:10090000422B19D1274B1B7801225340DBB2002B1D
:1009100009D0224B52229A702049214B08221800FC
:1009200006F046FC08E01D4B5A229A701B491C4BEE
:100930000822180006F03CFC154BDB78432B08D14D
:10094000164B5B229A701549154B0822180006F0C9
:100950002FFC0F4BDB78442B2FD1124B1B7801223D
:100960005340DBB2002B1FD00C4B50229A700B4926
:100970000B4B0822180006F01BFC1EE0E6010020CD
:100980009C010020D001002074010020E001002023
:10099000D8010020B4010020E7010020E801002078
:1009A000F8010020E5010020974B5C229A709649DF
:1009B000964B0822180006F0FBFB954BDB78452B85
:1009C0002BD1944B1B78282B0DD1934B1B785A1E9F
:1009D0009341DBB201225340DBB21A1C01231340C6
:1009E000DAB28D4B1A708C4B1B7801225340DBB26C
:1009F000002B09D0844B28229A708349834B08220C
:100A0000180006F0D5FB08E07F4B5D229A707E4906
:100A10007E4B0822180006F0CBFB7D4BDB78462B83
:100A200019D17D4B1B7801225340DBB2002B09D03A
:100A3000754B4F229A707449744B0822180006F0C7
:100A4000B7FB08E0704B5E229A706F496F4B08222B
:100A5000180006F0ADFB6E4BDB78472B08D16A4BD4
:100A60005F229A706849694B0822180006F0A0FBC3
:100A7000674BDB78482B19D1674B1B780122534019
:100A8000DBB2002B09D0604B51229A705E495F4B5C
:100A90000822180006F08CFB08E05B4B60229A707D
:100AA00059495A4B0822180006F082FB584BDB7854
:100AB000492B08D1544B61229A705349534B082259
:100AC000180006F075FB524BDB78502B40D1514B90
:100AD0001B78012B08D14C4B55229A704A494B4B3D
:100AE0000822180006F064FB4A4B1B78282B2FD1F4
:100AF0004A4B04221A614A4B1B780F221340DBB287
:100B00001033DAB2474B1A70464B2D225A70454BC0
:100B100001229A70434B0122DA70C046424B180002
:100B200000F00EFF031EF9D0404B3E4A3B493E48C1
:100B300000F034FE031E0BD19023DB0502211800C8
:100B400001F00BFD364B1B780133DAB2344B1A70CF
:100B50002F4BDB78512B08D12B4B63229A702A49FB
:100B60002A4B0822180006F023FB294BDB78622B66
:100B700008D1254B05229A702349244B08221800DE
:100B800006F016FB224BDB78632B08D11E4B11229B
:100B90009A701D491D4B0822180006F009FB1C4BDA
:100BA000DB78682B08D1184B11229A701649174B25
:100BB0000822180006F0FCFA154BDB78692B08D1E7
:100BC000114B05229A701049104B0822180006F0AC
:100BD000EFFA0F4BDB78712B08D10B4B28229A7060
:100BE00009490A4B0822180006F0E2FA084BDB78A4
:100BF000802B35D1044B2A229A700349034B0822DB
:100C0000180006F0D5FA2BE0E8010020F8010020DA
:100C1000D8010020E7010020E50100209C01002010
:100C2000E6010020D001002074010020E001002036
:100C3000864B1B69052B13D1854B5B78302B0FD16D
:100C4000834B9B78022B0BD1824B00221A70824B74
:100C500000229A708049814B0822180006F0A8FAF9
:100C60007A4B1B69052B35D1794B5B78342B31D10D
:100C7000774B9B78012B14D1774B4F229A70764992
:100C8000764B0822180006F093FA322000F02CFB75
:100C9000714B00229A707049704B0822180006F0C0
:100CA00087FA6B4B9B78022B14D16B4B50229A70B6
:100CB00069496A4B0822180006F07AFA322000F0DF
:100CC00013FB654B00229A706349644B082218009D
:100CD00006F06EFA5D4B1B69032B35D15C4B5B78DC
:100CE0002A2B31D15A4B9B78012B14D15A4B3A22E3
:100CF0009A705949594B0822180006F059FA3220C7
:100D000000F0F2FA544B00229A705349534B0822D8
:100D1000180006F04DFA4E4B9B78022B14D14E4B27
:100D20003B229A704C494D4B0822180006F040FABD
:100D3000322000F0D9FA484B00229A704649474BBE
:100D40000822180006F034FA404B1B69032B1CD113
:100D50003F4B5B782C2B18D13D4B9B78012B14D14A
:100D60003D4B3A229A703C493C4B0822180006F051
:100D70001FFA322000F0B8FA374B00229A70364939
:100D8000364B0822180006F013FA304B1B69032B70
:100D900035D12F4B5B783A2B31D12D4B9B78002BE3
:100DA00014D12D4B3A229A702B492C4B0822180053
:100DB00006F0FEF9322000F097FA274B00229A70D5
:100DC0002549264B0822180006F0F2F9204B9B78A3
:100DD000012B14D1204B3B229A701F491F4B082234
:100DE000180006F0E5F9322000F07EFA1A4B0022D6
:100DF0009A701949194B0822180006F0D9F9134BBB
:100E00001B69032B1CD1124B5B78362B18D1104B6E
:100E10009B78022B14D1104B3E229A700E490F4B37
:100E20000822180006F0C4F9322000F05DFA0A4BDF
:100E300000229A700849094B0822180006F0B8F9F8
:100E4000074B00221A70FFF778FAC046B401002061
:100E5000D8010020E7010020E8010020F80100206F
:100E6000E401002090B599B000AF2C243B19180084
:100E700034231A00002108F07BF81C23FB1818000B
:100E800010231A00002108F073F83B0018001C23FF
:100E90001A00002108F06CF83B1920221A603B1957
:100EA00001221A623B1900225A623B19180003F012
:100EB00099F9031E01D000F0D1F81C217B180722FC
:100EC0001A607B1803225A607B1800229A607B18F4
:100ED0000022DA607B180121180003F009FD031ECF
:100EE00001D000F0BBF83B00802292021A603B0068
:100EF00000229A613B00180003F046FE031E01D059
:100F000000F0ACF8C046BD4619B090BD80B58AB0BF
:100F100000AF2B4B2B4A1A60294B24225A60284BD6
:100F200000229A60264B0022DA60254BC022120371
:100F30001A61234B802252035A61214B00221A76F8
:100F40001F4B01225A761E4B00229A761C4B01221F
:100F5000DA761B4B00221A77194B01225A77184B6D
:100F6000180000F0E5F9031E01D000F077F83B000F
:100F700000225A613B0001229A613B000122DA61A2
:100F80003B00114A1A603B0000225A603B000E4AA7
:100F90009A603B000022DA603B0000221A613B00AD
:100FA00001221A623A00064B1100180000F0BEFA46
:100FB000031E01D000F052F8C046BD460AB080BD05
:100FC0007401002000640040808C000090B589B05E
:100FD00000AF0C243B19180014231A00002107F05D
:100FE000C7FF1D4B5A691C4B802189020A435A6175
:100FF000194B5A6980239B021340BB60BB68164B98
:101000005A69154B8021C9020A435A61124B5A6929
:101010008023DB0213407B607B689023DB05012289
:101020000321180001F07CFA21007B1803221A60CA
:101030007B1801225A607B1800229A607B180022DC
:10104000DA607A189023DB051100180001F0F0F83F
:10105000C046BD4609B090BD0010024080B500AF4B
:1010600072B6C046C046FDE780B582B000AF0F4BF8
:101070009A690E4B01210A439A610C4B9B6901222C
:1010800013407B607B68094BDA69084B8021490576
:101090000A43DA61054BDA6980235B0513403B6044
:1010A0003B68C046BD4602B080BDC046001002404D
:1010B00090B58BB000AF786014243B19180014234E
:1010C0001A00002107F054FF7B681B68204A9342F6
:1010D0003AD1204BDA691F4B802189040A43DA6137
:1010E0001C4BDA6980239B0413403B613B69194B1D
:1010F0005A69184B8021C9020A435A61154B5A6933
:101100008023DB021340FB60FB683B19C022920086
:101110001A6021007B1802225A607B1800229A6014
:101120007B180322DA607B1804221A617B180A4AB2
:101130001900100001F07CF8002200211E2001F0AF
:1011400045F81E2001F057F8C046BD460BB090BDD3
:1011500000640040001002400004004880B500AF69
:10116000C046FDE780B500AFC046FDE780B500AFE3
:10117000C046BD4680BD80B500AFC046BD4680BDFF
:1011800080B500AF00F094F8C046BD4680BD0000B9
:1011900080B500AF034B180000F05FFDC046BD46B0
:1011A00080BDC0467401002080B500AF034B18001D
:1011B00001F008FBC046BD4680BDC046BC0600200D
:1011C00080B500AFC046BD4680BD00000D488546D5
:1011D0000D480E490E4A002302E0D458C45004338F
:1011E000C4188C42F9D30B4A0B4C002301E0136066
:1011F0000432A242FBD3FFF7E3FF07F0C1FEFFF783
:1012000053F8FEE7004000200000002058010020B5
:10121000C090000858010020AC090020FEE7000043
:1012200080B500AF074B1A68064B10210A431A60BD
:10123000032000F009F8FFF717FF00231800BD4650
:1012400080BDC0460020024090B583B000AF7860FA
:10125000144B1C68144B1B781900FA239800FEF7F6
:1012600053FF030019002000FEF74EFF0300180093
:1012700000F0D1FF031E01D001230FE07B68032B98
:101280000BD8796801235B420022180000F09EFF12
:10129000064B7A681A60002300E001231800BD465F
:1012A00003B090BD000000200800002004000020D2
:1012B00080B500AF054B1B781A00054B1B68D21890
:1012C000034B1A60C046BD4680BDC04608000020E2
:1012D000F001002080B500AF024B1B681800BD462E
:1012E00080BDC046F001002080B584B000AF7860BA
:1012F000FFF7F0FF0300BB607B68FB60FB68013316
:1013000005D00A4B1B781A00FB689B18FB60C0468F
:10131000FFF7E0FF0200BB68D31AFA689A42F7D8D9
:10132000C046C046BD4604B080BDC046080000208F
:1013300080B584B000AF78607B68002B01D10123B9
:10134000F0E07B6820229B5CDBB2002B03D17B6842
:101350001800FFF7ADFE7B681B681A687B681B6886
:1013600001210A431A60FFF7B5FF0300FB6013E099
:10137000FFF7B0FF0200FB68D31A0A2B0CD97B6879
:101380005B6A802292021A437B685A627B68202241
:10139000052199540123C5E07B681B685B68012225
:1013A0001340E5D07B681B681A687B681B680221C4
:1013B0008A431A60FFF78EFF0300FB6013E0FFF71C
:1013C00089FF0200FB68D31A0A2B0CD97B685B6A81
:1013D000802292021A437B685A627B682022052190
:1013E000995401239EE07B681B685B6802221340CE
:1013F000E5D17B681B7E012B08D17B681B681A68CE
:101400007B681B6880210A431A6007E07B681B68C1
:101410001A687B681B6880218A431A607B685B7E40
:10142000012B08D17B681B681A687B681B68402108
:101430000A431A6007E07B681B681A687B681B68B0
:1014400040218A431A607B689B7E012B08D17B6810
:101450001B681A687B681B6820210A431A6007E032
:101460007B681B681A687B681B6820218A431A60A6
:101470007B68DB7E012B08D17B681B681A687B6860
:101480001B6810218A431A6007E07B681B681A6892
:101490007B681B6810210A431A607B681B7F012B45
:1014A00008D17B681B681A687B681B6808210A439F
:1014B0001A6007E07B681B681A687B681B68082154
:1014C0008A431A607B685B7F012B08D17B681B68AD
:1014D0001A687B681B6804210A431A6007E07B686E
:1014E0001B681A687B681B6804218A431A607B6842
:1014F0009A687B68DB681A437B681B691A437B68C0
:101500005B691A4311007B685B685A1E7B681B6825
:101510000A43DA617B6800225A627B68202201213B
:10152000995400231800BD4604B080BD80B586B034
:1015300000AF786039607B681B687B6113203B18C3
:101540007A682021525C1A700200BB181B78012BAC
:1015500004D0BB181B78022B00D0CDE07A69802321
:101560009B00D35801221A4311007A6980239B0003
:10157000D1503B685B691F22134001229A4013003F
:10158000FB607A6987239B00D358FA68D2431A40DC
:1015900011007A6987239B00D1503B68DB69002BDF
:1015A00029D17A6983239B00D358FA68D2431A4021
:1015B00011007A6983239B00D1503B68DB681804D3
:1015C0003B685B681B04190C3B685A6901437B69E3
:1015D0004832D200D1503B689B6819043B681B68B5
:1015E0001B041A0C3B685B690A4379694833DB00CA
:1015F000CB1804331A603B68DB69012B28D17A6968
:1016000083239B00D258FB681A4311007A69832315
:101610009B00D1503B681B6818043B685B681B0447
:10162000190C3B685A6901437B694832D200D1509A
:101630003B689B6819043B68DB681B041A0C3B6819
:101640005B690A4379694833DB00CB1804331A60BD
:101650003B689B69002B0CD17A6981239B00D3588E
:10166000FA68D2431A4011007A6981239B00D15055
:101670000AE07A6981239B00D258FB681A43110063
:101680007A6981239B00D1503B681B69002B0CD1E8
:101690007A6985239B00D358FA68D2431A40110017
:1016A0007A6985239B00D1500AE07A6985239B00E3
:1016B000D258FB681A4311007A6985239B00D150E8
:1016C0003B681B6A012B0AD17A6987239B00D25899
:1016D000FB681A4311007A6987239B00D1507A690D
:1016E00080239B00D3580122934319007A698023F9
:1016F0009B00D150002307E07B685B6A8022D20206
:101700001A437B685A6201231800BD4606B080BDAB
:1017100080B584B000AF78607B6820229B5CDBB230
:10172000012B2FD17B682022022199547B681B68F2
:101730001A687B681B6801218A431A60FFF7CAFD9B
:101740000300FB6013E0FFF7C5FD0200FB68D31A3E
:101750000A2B0CD97B685B6A802292021A437B6851
:101760005A627B68202205219954012312E07B688C
:101770001B685B6801221340E5D17B6800225A6236
:10178000002307E07B685B6A802212031A437B68B0
:101790005A6201231800BD4604B080BD80B588B0F0
:1017A00000AFF860B9607A603B601F203B18FA68B0
:1017B0002021525C1A70FB681B689B68BB613B1858
:1017C0001B78012B04D03B181B78022B00D0ABE018
:1017D000BA698023DB0413400AD1BA6980231B0550
:1017E000134005D1BA6980235B05134000D192E014
:1017F000BB691B0E032213407B6101227B699A4067
:101800003B681A60BB689B68002B0CD1BB681B68E7
:101810005905BB68DA68FB681B6811437A6918329E
:101820001201D1500FE0BB685B68DA00BB689B68AF
:101830001A431100BB68DA68FB681B6811437A69B8
:1018400018321201D150FB681968BB681A697B69AC
:1018500018331B01CB1804331A60BB681B7D012BA6
:1018600012D1FB681A687B6918331B01D318043343
:101870001A68FB68196880235B001A437B69183378
:101880001B01CB1804331A607B6807331B781A06D8
:101890007B6806331B781B041A437B6805331B786F
:1018A0001B021A437B6804331B781900FB68186815
:1018B0000A437969C6235B0009014118CB181A60F5
:1018C0007B6803331B781A067B6802331B781B0482
:1018D0001A437B6801331B781B021A437B681B7811
:1018E0001900FB6818680A437969C4235B00090181
:1018F0004118CB181A60FB681B687A69183212010C
:10190000D258FB681B68012111437A691832120111
:10191000D150002310E0FB685B6A802292031A43D7
:10192000FB685A62012307E0FB685B6A8022D202EF
:101930001A43FB685A6201231800BD4608B080BDF7
:1019400080B584B000AF78600023FB600B203B18AB
:101950007A682021525C1A700200BB181B78012B98
:1019600003D0BB181B78022B1DD17B681B689A68BB
:101970008023DB04134002D0FB680133FB607B68EB
:101980001B689A6880231B05134002D0FB68013353
:10199000FB607B681B689A6880235B05134002D05C
:1019A000FB680133FB60FB681800BD4604B080BDD6
:1019B00080B586B000AFF860B9607A603B601720F0
:1019C0003B18FA682021525C1A700200BB181B7881
:1019D000012B04D0BB181B78022B00D007E1BB6899
:1019E000002B0ED1FB681B68DB680322134017D164
:1019F000FB685B6A802292031A43FB685A620123E8
:101A0000FDE0FB681B681B690322134008D1FB68DB
:101A10005B6A802292031A43FB685A620123EEE05C
:101A2000FB681B68BA681B321201D35804221A40A3
:101A30007B689A607B689B68002B0BD1FB681B68F6
:101A4000BA681B321201D3585B0D5B055A0D7B68D7
:101A50001A600AE0FB681B68BA681B321201D3588F
:101A6000DB08DB00DA087B685A60FB681B68BA6831
:101A70001B321201D35802221A407B68DA60FB68DD
:101A80001A68BB681B331B01D31804331B68082278
:101A9000134003D07B6808221A610BE0FB681A68C8
:101AA000BB681B331B01D31804331B680F221A4079
:101AB0007B681A61FB681A68BB681B331B01D3186B
:101AC00004331B681B0AFF221A407B689A61FB687B
:101AD0001A68BB681B331B01D31804331B681B0C2B
:101AE0001B041A0C7B685A61FB681968BA68DC230E
:101AF0005B0012018A18D3181B68DAB23B681A70AF
:101B0000FB681968BA68DC235B0012018A18D318D5
:101B10001B681A0A3B680133D2B21A70FB68196855
:101B2000BA68DC235B0012018A18D3181B681A0CF0
:101B30003B680233D2B21A70FB681968BA68DC23BA
:101B40005B0012018A18D3181B681A0E3B68033316
:101B5000D2B21A70FB681968BA68DE235B00120102
:101B60008A18D3181A683B680433D2B21A70FB681B
:101B70001968BA68DE235B0012018A18D3181B6843
:101B80001A0A3B680533D2B21A70FB681968BA6842
:101B9000DE235B0012018A18D3181B681A0C3B68FD
:101BA0000633D2B21A70FB681968BA68DE235B008C
:101BB00012018A18D3181B681A0E3B680733D2B279
:101BC0001A70BB68002B08D1FB681B68DA68FB68D9
:101BD0001B6820210A43DA6007E0FB681B681A696A
:101BE000FB681B6820210A431A61002307E0FB6899
:101BF0005B6A8022D2021A43FB685A6201231800F2
:101C0000BD4606B080BD80B584B000AF7860396055
:101C10000F203B187A682021525C1A700200BB1812
:101C20001B78012B03D0BB181B78022B09D17B68D2
:101C30001B6859697B681B683A680A435A6100232C
:101C400007E07B685B6A8022D2021A437B685A6293
:101C500001231800BD4604B080BD80B58AB000AF36
:101C6000786000237B627B681B685B693B627B68F2
:101C70001B685B68FB617B681B689B68BB617B685A
:101C80001B68DB687B617B681B681B693B617B6849
:101C90001B689B69FB603B6A0122134000D184E012
:101CA000BB690122134024D07B681B6801229A6023
:101CB000BB690222134004D07B68180000F081F950
:101CC00017E0BB690422134005D07B6A8022120111
:101CD00013437B620DE0BB690822134005D07B6A89
:101CE0008022520113437B6203E07B68180000F0FE
:101CF00080F9BA6980235B00134028D07B681B6899
:101D0000802252009A60BA6980239B00134004D05D
:101D10007B68180000F05DF919E0BA698023DB00E8
:101D2000134005D07B6A8022920113437B620EE050
:101D3000BA6980231B01134005D07B6A8022D2013F
:101D400013437B6203E07B68180000F05AF9BA691C
:101D500080235B02134028D07B681B6880225202DC
:101D60009A60BA6980239B02134004D07B681800F4
:101D700000F037F919E0BA698023DB02134005D07F
:101D80007B6A8022120213437B620EE0BA698023D1
:101D90001B03134005D07B6A8022520213437B62EF
:101DA00003E07B68180000F034F93B6A0822134016
:101DB0000CD07B691022134008D07B6A80229200ED
:101DC00013437B627B681B681022DA603B6A042243
:101DD00013400BD07B690822134007D07B681B6837
:101DE0000822DA607B68180000F01BF93B6A0222C7
:101DF000134009D07B681B68DB680322134003D0C3
:101E00007B681800FEF70CFA3B6A402213400CD0A6
:101E10003B691022134008D07B6A8022D200134312
:101E20007B627B681B6810221A613B6A2022134088
:101E30000BD03B690822134007D07B681B6808223F
:101E40001A617B68180000F0FCF83B6A102213400E
:101E500009D07B681B681B690322134003D07B6891
:101E6000180000F0E6F83A6A80239B0213400BD07A
:101E7000FB691022134007D07B681B6810225A6050
:101E80007B68180000F0E5F83A6A80235B02134093
:101E90000BD0FB690822134007D07B681B6808221F
:101EA0005A607B68180000F0DCF83A6A80231B0255
:101EB000134000D174E0FB690422134000D16BE0B1
:101EC0003A6A80235B00134007D0FB68012213406D
:101ED00003D07B6A012213437B623A6A80239B0012
:101EE000134007D0FB680222134003D07B6A022212
:101EF00013437B623A6A8023DB00134007D0FB6800
:101F00000422134003D07B6A042213437B623A6AA3
:101F100080231B0113403FD0FB68702213403BD04D
:101F2000FB6870221340602B27D02CD8502B1FD079
:101F300029D8402B17D026D8302B0FD023D8102BE0
:101F400002D0202B05D01EE07B6A082213437B625F
:101F50001AE07B6A102213437B6215E07B6A202221
:101F600013437B6210E07B6A402213437B620BE0E9
:101F70007B6A802213437B6206E07B6A80225200E8
:101F800013437B6200E0C0467B681B689A697B68EC
:101F90001B6870218A439A617B681B6804225A601F
:101FA0007B6A002B09D07B685A6A7B6A1A437B687C
:101FB0005A627B681800FEF75DF9C046BD460AB05C
:101FC00080BD80B582B000AF7860C046BD4602B02B
:101FD00080BD80B582B000AF7860C046BD4602B01B
:101FE00080BD80B582B000AF7860C046BD4602B00B
:101FF00080BD80B582B000AF7860C046BD4602B0FB
:1020000080BD80B582B000AF7860C046BD4602B0EA
:1020100080BD80B582B000AF7860C046BD4602B0DA
:1020200080BD80B582B000AF7860C046BD4602B0CA
:1020300080BD80B582B000AF7860C046BD4602B0BA
:1020400080BD80B582B000AF7860C046BD4602B0AA
:1020500080BD80B582B000AF7860C046BD4602B09A
:1020600080BD80B582B000AF7860C046BD4602B08A
:1020700080BD000080B582B000AF0200FB1D1A7069
:10208000FB1D1B787F2B09D8FB1D1B781A001F2313
:102090001A40044B012191400A001A60C046BD4617
:1020A00002B080BD00E100E090B583B000AF020057
:1020B0003960FB1D1A70FB1D1B787F2B28D82F4A17
:1020C000FB1D1B785BB29B08C0339B009B58FA1D1D
:1020D0001278110003220A40D200FF2191400A0029
:1020E000D2431A4011003B689B01FF221A40FB1D9E
:1020F0001B78180003230340DB009A401F48FB1D98
:102100001B785BB29B080A43C0339B001A5031E036
:102110001B4AFB1D1B7819000F230B40083B9B0833
:1021200006339B00D31804331B68FA1D1278110084
:1021300003220A40D200FF2191400A00D2431A40F4
:1021400011003B689B01FF221A40FB1D1B78180001
:1021500003230340DB009A400948FB1D1B781C0049
:102160000F232340083B9B080A4306339B00C318F8
:1021700004331A60C046BD4603B090BD00E100E0E4
:1021800000ED00E080B582B000AF78607B685A1E39
:1021900080235B049A4201D3012310E00A4B7A6842
:1021A000013A5A6001235B4203211800FFF77CFFCC
:1021B000054B00229A60044B07221A600023180086
:1021C000BD4602B080BDC04610E000E080B584B0DE
:1021D00000AFB9607A600F217B18021C1A70BA68D0
:1021E0007B181B785BB211001800FFF75DFFC0463B
:1021F000BD4604B080BD80B582B000AF0200FB1DBB
:102200001A70FB1D1B785BB21800FFF733FFC04646
:10221000BD4602B080BD80B582B000AF78607B68FB
:102220001800FFF7AFFF03001800BD4602B080BDE5
:1022300080B586B000AF7860396000237B6155E1DE
:102240003B681B6801217A6991400A001340FB60DA
:10225000FB68002B00D146E13B685B68032213401A
:10226000012B05D03B685B6803221340022B30D161
:102270007B689B683B617B695B0003229A4013008B
:10228000DA433B6913403B613B68DA687B695B007A
:102290009A4013003A6913433B617B683A699A603C
:1022A0007B685B683B6101227B699A401300DA43DB
:1022B0003B6913403B613B685B681B0901221A4084
:1022C0007B699A4013003A6913433B617B683A6922
:1022D0005A603B685B6803221340032B17D07B686E
:1022E000DB683B617B695B0003229A401300DA43A1
:1022F0003B6913403B613B689A687B695B009A408D
:1023000013003A6913433B617B683A69DA603B68C2
:102310005B6803221340022B23D17B69DA087B68B8
:1023200008329200D3583B617B69072213409B001F
:102330000F229A401300DA433B6913403B613B682C
:102340001A697B6907210B409B009A4013003A6988
:1023500013433B617B69DA087B6808329200396974
:10236000D1507B681B683B617B695B0003229A400C
:102370001300DA433B6913403B613B685B6803220F
:102380001A407B695B009A4013003A6913433B6132
:102390007B683A691A603B685A68C0239B02134005
:1023A00000D1A0E0574B9A69564B01210A439A612C
:1023B000544B9B6901221340BB60BB68524A7B6946
:1023C0009B0802339B009B583B617B6903221340AF
:1023D0009B000F229A401300DA433B6913403B6194
:1023E0007A689023DB059A4219D07B68474A93426A
:1023F00013D07B68464A93420DD07B68454A93428E
:1024000007D07B68444A934201D1042308E00523A6
:1024100006E0032304E0022302E0012300E000239E
:102420007A6903210A40920093403A6913433B6161
:1024300035497B699B0802339B003A695A50374BF8
:102440009B683B61FB68DA433B6913403B613B6837
:102450005A6880235B03134003D03A69FB68134337
:102460003B612E4B3A699A602C4BDB683B61FB6801
:10247000DA433B6913403B613B685A6880239B0306
:10248000134003D03A69FB6813433B61234B3A691D
:10249000DA60224B5B683B61FB68DA433B691340BF
:1024A0003B613B685A6880239B02134003D03A6922
:1024B000FB6813433B61194B3A695A60174B1B6821
:1024C0003B61FB68DA433B6913403B613B685A68F8
:1024D00080235B02134003D03A69FB6813433B61DE
:1024E0000E4B3A691A607B6901337B613B681A685D
:1024F0007B69DA40131E00D0A2E6C046C046BD4646
:1025000006B080BD001002400000014000040048F9
:1025100000080048000C004800100048000401407A
:1025200080B582B000AF786008001100BB1C021CAF
:102530001A807B1C0A1C1A707B1C1B78002B04D091
:10254000BB1C1A887B689A6103E0BB1C1A887B68F5
:102550009A62C046BD4602B080BD80B584B000AF6F
:1025600078600A00BB1C1A807B685B69FB60BB1C3F
:102570001B88FA6813401A04FB68DB43B91C0988FE
:102580000B401A437B689A61C046BD4604B080BDCB
:1025900090B585B000AF78607B68002B01D1012336
:1025A000E4E07B68734A9B5CDBB2002B08D17A685D
:1025B000A4239B000021D1547B68180006F0A6F9E3
:1025C0007B686C4A032199547B681B68180002F0F1
:1025D000EFFB0F23FB1800221A7047E00F203B1877
:1025E0001A78796813009B009B18DB00CB18113315
:1025F00001221A703B181A78796813009B009B1807
:10260000DB00CB1810333A1812781A703B181A787E
:10261000796813009B009B18DB00CB181333002252
:102620001A703B181A78796813009B009B18DB001E
:10263000CB18203300221A603B181A7879681300EF
:102640009B009B18DB00CB18243300221A603B1838
:102650001B7879685A1C13009B009B18DB00002232
:102660005A503B181A783B1801321A707B681B7954
:102670000F217A1812789A42B0D37B1800221A7070
:1026800056E00F243B191A7878685223FF3319005B
:1026900013009B009B18DB00C3185B1800221A7004
:1026A0003B191A787868A823590013009B009B18DF
:1026B000DB00C3185B183A1912781A703B191A78A4
:1026C00078685423FF33190013009B009B18DB002C
:1026D000C3185B1800221A703B191A787868B02367
:1026E000590013009B009B18DB00C3185B180022E5
:1026F0001A603B191A787868B223590013009B00BE
:102700009B18DB00C3185B1800221A603B191A786B
:102710007868B423590013009B009B18DB00C31892
:102720005B1800221A603B191A783B1901321A70A3
:102730007B681B790F22BA1812789A42A1D37B6862
:1027400018687B6859689A6802F04CFB7B68002225
:102750001A737B68074A012199547B689B7A012B85
:1027600003D17B68180001F007FD00231800BD4667
:1027700005B090BD9102000080B582B000AF7860D6
:102780007A68A4239B00D35C012B01D1022314E0BF
:102790007A68A4239B000121D1547B681B68180030
:1027A00002F0F0FA7B681B68180004F0E5FA7A681A
:1027B000A4239B000021D15400231800BD4602B081
:1027C00080BD000080B584B000AF78607B681B6876
:1027D000180004F0E7FA0300FB60FA6880231B028C
:1027E000134004D07B68180000F048FB1DE1FA6834
:1027F0008023DB00134015D07B681B6844229B5A62
:102800009AB27B681B688A490A4091B24422995265
:102810007B68180006F005F97B680021180000F0BD
:1028200015F902E1FA688023DB0113400CD07B68C4
:102830001B6844229B5A9AB27B681B687D490A40F8
:1028400091B244229952F0E0FA6880239B01134030
:102850000CD07B681B6844229B5A9AB27B681B6829
:1028600075490A4091B244229952DEE0FA68802309
:102870005B01134038D07B681B6840229B5A9AB298
:102880007B681B6804218A4391B2402299527B687D
:102890001B6840229B5A9AB27B681B6808218A43B6
:1028A00091B2402299527A68B2239B00D35C012BEB
:1028B00009D17A68B2239B000021D1547B680021A2
:1028C000180001F083FC7B68180006F0EBF87B68C9
:1028D0001B6844229B5A9AB27B681B6857490A407E
:1028E00091B244229952A0E0FA6880231B01134060
:1028F00028D07B681B6840229B5A9AB27B681B6871
:1029000008210A4391B2402299527B681B684422F5
:102910009B5A9AB27B681B6849490A4091B244228B
:1029200099527B681B6840229B5A9AB27B681B684D
:1029300004210A4391B2402299527B68180006F0A4
:1029400095F872E0FB688022134046D07B681B68D4
:1029500044229B5A9AB27B681B6880218A4391B2B9
:10296000442299527A68B2239B00D35C002B2FD16A
:102970007B681B6840229B5A9AB27B681B680421C3
:102980000A4391B2402299527B681B6840229B5AAD
:102990009AB27B681B6808210A4391B2402299527F
:1029A0007A68B2239B000121D1547B681B685422B2
:1029B0009B5A9BB29B083C22134019007A68B323B0
:1029C0009B00D1507B680121180001F0FFFB2CE037
:1029D0007B68180006F04AF827E0FA6880239B001D
:1029E000134010D07B681B6844229B5A9AB27B68C4
:1029F0001B6814490A4091B2442299527B6818001E
:102A000006F000F811E0FA6880235B0013400CD058
:102A10007B681B6844229B5A9AB27B681B680A49F0
:102A20000A4091B244229952C046BD4604B080BDCE
:102A3000FFFBFFFFFFBFFFFFFFDFFFFFFFEFFFFF1A
:102A4000FFF7FFFFFFFDFFFFFFFEFFFF80B582B036
:102A500000AF78600A00FB1C1A707A68A4239B0000
:102A6000D35C012B01D1022316E07A68A4239B00DA
:102A70000121D1547B68FA1C12781A737B681A689A
:102A8000FB1C1B781900100004F062F97A68A4237B
:102A90009B000021D15400231800BD4602B080BD28
:102AA00090B585B000AF78600C0010001900FB1CD9
:102AB000221C1A703B00021C1A80BB1C0A1C1A70D4
:102AC0000B23FB1800221A70FB1C1B785BB2002B37
:102AD0000FDAFB1C1B7807221A4013009B009B187F
:102AE000DB0010337A68D318FB60FB6801225A7050
:102AF0000FE0FB1C1B7807221A4013009B009B1859
:102B0000DB005133FF337A68D318FB60FB68002287
:102B10005A70FB1C1B7807221340DAB2FB681A704C
:102B20003B001A88FB681A61FB68BA1C1278DA70DD
:102B3000BB1C1B78022B02D1FB6800221A717A6839
:102B4000A4239B00D35C012B01D1022313E07A68FC
:102B5000A4239B000121D1547B681B68FA681100F3
:102B6000180002F05BF97A68A4239B000021D1547D
:102B70000B23FB181B781800BD4605B090BD80B52F
:102B800084B000AF78600A00FB1C1A70FB1C1B7835
:102B90005BB2002B0FDAFB1C1B7807221A401300D4
:102BA0009B009B18DB0010337A68D318FB60FB682E
:102BB00001225A700FE0FB1C1B7807221A401300F9
:102BC0009B009B18DB005133FF337A68D318FB60FE
:102BD000FB6800225A70FB1C1B7807221340DAB2F4
:102BE000FB681A707A68A4239B00D35C012B01D187
:102BF000022311E07A68A4239B000121D1547B6851
:102C00001B68FA681100180002F0B0FC7A68A4236F
:102C10009B000021D15400231800BD4604B080BDA4
:102C200080B586B000AFF8607A603B600B203B183F
:102C30000A1C1A7001007B181B7807221A40130027
:102C40009B009B18DB005133FF33FA68D3187B617C
:102C50007B697A685A617B693A689A617B6900226C
:102C6000DA617B6900225A707B181B7807221340B7
:102C7000DAB27B691A70FB681B687A691100180068
:102C800002F034FE00231800BD4606B080BD80B5BA
:102C900086B000AFF8607A603B600B203B180A1CDE
:102CA0001A703B181B7807221A4013009B009B18D0
:102CB000DB001033FA68D3187B617B697A685A614C
:102CC0007B693A689A617B692422012199547B6966
:102CD0003A681A627B690022DA617B6901225A70C4
:102CE0003B181B7807221340DAB27B691A70FB6825
:102CF0001B687A691100180002F0F8FD0023180023
:102D0000BD4606B080BD80B584B000AF78600A00D3
:102D1000FB1C1A70FB1C1B78072213407A6812797F
:102D2000934201D9012346E0FB1C1B785BB2002BC8
:102D30000FDAFB1C1B7807221A4013009B009B181C
:102D4000DB0010337A68D318FB60FB6801225A70ED
:102D50000DE0FB1C1A7813009B009B18DB0051331D
:102D6000FF337A68D318FB60FB6800225A70FB6857
:102D700001229A70FB1C1B7807221340DAB2FB6811
:102D80001A707A68A4239B00D35C012B01D1022323
:102D900011E07A68A4239B000121D1547B681B6851
:102DA000FA681100180003F0D1FE7A68A4239B0092
:102DB0000021D15400231800BD4604B080BD80B569
:102DC00084B000AF78600A00FB1C1A70FB1C1B78F3
:102DD0000F2213407A681279934201D9012348E007
:102DE000FB1C1B785BB2002B0FDAFB1C1B78072245
:102DF0001A4013009B009B18DB0010337A68D3182D
:102E0000FB60FB6801225A700FE0FB1C1B78072255
:102E10001A4013009B009B18DB005133FF337A6884
:102E2000D318FB60FB6800225A70FB6800229A707E
:102E3000FB1C1B7807221340DAB2FB681A707A6811
:102E4000A4239B00D35C012B01D1022311E07A68FB
:102E5000A4239B000121D1547B681B68FA681100F0
:102E6000180003F0C3FE7A68A4239B000021D1540C
:102E700000231800BD4604B080BD0000B0B596B078
:102E800000AF786000F0EAFB7B681A6848203B18C6
:102E90004421525A1A803B181B88DAB24F243B193E
:102EA0000F210A401A703B191B78002B00D08DE1CE
:102EB0003B181B881022134052D17B681B681B886B
:102EC0009AB20E203B18BA490A401A807B681B68E8
:102ED0003A181288B7490A4392B21A807B681033B5
:102EE0007B657B681B6850229B5A9BB21A007B6DE6
:102EF0001B78DB00D2187B681B68D318AE4A944657
:102F000063441B889B059A0D7B6DDA617B6D5A6962
:102F10007B6DDB69D2187B6D5A617B6800211800DC
:102F200005F052FD7B681B7BDBB2002B01D100F06A
:102F300095FB7B6D9B69002B01D000F08FFB7B68BC
:102F40001B7BDBB2802252421343DAB27B681B68E0
:102F500011004C2299527B6800221A7300F07EFB0C
:102F60007B685133FF337B657B681A684C217B1883
:102F700012881A807B181A8880231B01134037D0CF
:102F80007B681B6850229B5A9BB21A007B6D1B7892
:102F9000DB00D2187B681B68D318884A94466344C8
:102FA0001B889B059A0D7B6DDA617B6818687B68CE
:102FB000A622920099187B6DDA887B6DDB699BB243
:102FC00003F048FF7B681B681B889AB210203B18EF
:102FD0007B490A401A807B681B683A181288802156
:102FE0000A4392B21A807B68180005F0B7FC35E3FB
:102FF0004C23FB1800229B5E002B00DB2EE37B683A
:103000001B681B889AB21E203B186D490A401A8023
:103010007B681B683A18128880210A4392B21A8092
:103020007B681B6850229B5A9BB21A007B6D1B78F1
:10303000DB00D2187B681B68D318604A944663444F
:103040001B889B059A0D7B6DDA617B6DDB69002B1C
:103050001AD07B6D5B69002B16D07B6818687B6D7E
:1030600059697B6DDA887B6DDB699BB203F0F2FEF8
:103070007B6D5A697B6DDB69D2187B6D5A617B6809
:103080000021180005F07FFC7B681A684C217B1832
:1030900012881A807B181A8880231B01134000D0E5
:1030A000DCE27B181A88C0239B011A40C0239B01D5
:1030B0009A4200D1D2E27B681B68BB617B681B68C7
:1030C00050229B5A9BB21A00BB699B18BB61BB691B
:1030D0003A4A944663447B617B691B889BB29B059B
:1030E0009B0D9AB27B691A807B6D1B69002B08D1FE
:1030F0007B691B889BB22F4A13439AB27B691A8063
:1031000035E07B6D1B693E2B17D87B6D1B695B0817
:103110007B647B6D1B690122134002D07B6C013301
:103120007B647B691B889AB27B6C9BB29B029BB2CF
:1031300013439AB27B691A8019E07B6D1B695B09A6
:103140007B647B6D1B691F22134002D17B6C013BAA
:103150007B647B691B889AB27B6C9BB29B029BB29F
:1031600013439BB2134A13439AB27B691A807B685C
:103170001B681B889AB212203B1812490A401A8019
:103180003B183A181288802149014A401A803B189E
:103190003A181288802189014A401A807B681B688E
:1031A0003A18128808490A4392B21A8056E2C04679
:1031B0000F8FFFFF0080FFFF0204000006040000E5
:1031C0008F0F00008FBFFFFF8080FFFF7B681B68B1
:1031D0001A004F203B181B789B00D2184C217B18FB
:1031E00012881A807B1800229B5E002B00DBFAE01D
:1031F0007B681B681A003B181B789B00D3181B8840
:103200009AB24A243B19D1490A401A807B681B684C
:103210001A003B181B789B00D3183A19128880219A
:103220000A4392B21A803B181A7813009B009B182D
:10323000DB005133FF337A68D3187B657B6D1B7BD2
:10324000002B25D17B681B6850229B5A9BB21A0029
:103250007B6D1B78DB00D2187B681B68D318BC4AD7
:10326000944663441A8850243B199205920D1A80A3
:103270003B191B88002B00D18DE07B6818687B6DA3
:1032800059697B6DDA883B191B8803F0E3FD82E006
:103290007B6DDB78022B0CD15023FC184C23FB18E0
:1032A0001A88796D7B68180000F0ECF90300238020
:1032B00071E07B681B681A007B6D1B789B00D3183C
:1032C0001B889AB252203B18A2490A401A807B6898
:1032D0001B681A007B6D1B789B00D3183A18128864
:1032E0009D490A4392B21A807B681B681A007B6D65
:1032F0001B789B00D3181B889BB21A008023DB012C
:10330000134024D07B681B6850229B5A9BB21A0042
:103310007B6D1B78DB00D2187B681B68D3188F4A43
:10332000944663441A8850243B199205920D1A80E2
:103330003B191B88002B2ED07B6818687B6D596960
:103340007B6D1A893B191B8803F084FD23E07B68A1
:103350001B6850229B5A9BB21A007B6D1B78DB00C6
:10336000D2187B681B68D318794A944663441A883C
:1033700050243B199205920D1A803B191B88002B93
:1033800009D07B6818687B6D59697B6D5A893B1938
:103390001B8803F05FFD7B6DDA6950217B181B8869
:1033A000D2187B6DDA617B6D5A697B181B88D21845
:1033B0007B6D5A617B6D9B69002B05D07B181A8849
:1033C0007B6D1B699A4207D27B6D1A787B6811006E
:1033D000180005F0D8FA06E07B681B687A6D1100CA
:1033E000180002F083FA4C243B191B8880221340FA
:1033F00000D133E14F203B181A7813009B009B1833
:10340000DB0010337A68D3187B657B681B681A0071
:103410003B181B789B00D3181B889AB242257B1956
:103420004F490A401A807B681B681A003B181B78BA
:103430009B00D3187A1912884A490A4392B21A801B
:103440007B6DDB78012B00D0AFE07B6D00229A61B1
:103450007B6D1B7B002B00D19FE03B191B8840221A
:10346000134046D07B6D5B78002B25D17B681B68B1
:103470007B627B681B6850229B5A9BB21A007B6A56
:103480009B187B627B6D1B78DA007B6AD318334A0A
:10349000944663443B623B6A1B889BB29B059B0D31
:1034A0009AB23B6A1A803B6A1B889BB22D4A13432F
:1034B0009AB23B6A1A8070E07B6D5B78012B6CD10D
:1034C0007B681B68FB627B681B6850229B5A9BB21F
:1034D0001A00FB6A9B18FB627B6D1B78DA00FB6AA3
:1034E000D3181E4A94466344BB62BB6A00221A800A
:1034F00053E07B681B68FB637B6D5B78002B33D1EB
:103500007B681B687B637B681B6850229B5A9BB25D
:103510001A007B6B9B187B637B6D1B78DA007B6BDF
:10352000D3180B4A944663443B633B6B1B889BB2A6
:103530009B059B0D9AB23B6B1A803B6B1B889BB221
:10354000084A13439AB23B6B1A8026E08F0F0000A3
:10355000060400008F8FFFFFC080FFFF0204000001
:103560000F8FFFFF0080FFFF7B6D5B78012B14D175
:103570007B681B6850229B5A9BB21A00FB6B9B18FE
:10358000FB637B6D1B78DA00FB6BD3183B4A9446D8
:103590006344BB63BB6B00221A807B6D1A787B6827
:1035A0001100180005F010FA58E04C23FB181A8897
:1035B00080235B00134049D17B681B6850229B5AD3
:1035C0009BB21A007B6D1B78DB00D2187B681B68EE
:1035D000D3182B4A944663441A8840217B189205DD
:1035E000920D1A807B6D9A697B181B889A4207D9C5
:1035F0007B6D9A697B181B88D21A7B6D9A6102E0F9
:103600007B6D00229A617B6D9B69002B07D17B6DDE
:103610001A787B681100180005F0D6F91EE07B6D62
:103620005A6940217B181B88D2187B6D5A617B6DCB
:10363000DA697B181B88D2187B6DDA617B681B689E
:103640007A6D1100180002F051F907E04C23FB18C5
:103650001A88796D7B68180000F030F97B681B6868
:1036600044229B5A9BB21BB2002B01DAFFF70CFCE1
:1036700000231800BD4616B0B0BDC04606040000C9
:103680000204000090B589B000AFF860B960BB1DBE
:103690001A80BB1D1A888023DB01134000D17DE016
:1036A000FB681B6850229B5A9BB21A00BB681B78B0
:1036B000DB00D218FB681B68D3187A4A944663442F
:1036C0001A881A217B189205920D1A80BB689A6994
:1036D0007B181B889A4207D3BB689A697B181B88A2
:1036E000D21ABB689A6102E0BB6800229A61BB688B
:1036F0009B69002B21D1FB681B681A00BB681B78F3
:103700009B00D3181B889AB218203B1866490A40C0
:103710001A803B183A181288802189014A401A8081
:10372000FB681B681A00BB681B789B00D3183A180B
:1037300012885E490A4392B21A80BB1D1B88402240
:1037400013401AD0FB681B681A00BB681B789B00EB
:10375000D3181B889AB216203B1855490A401A8084
:10376000FB681B681A00BB681B789B00D3183A18CB
:10377000128850490A4392B21A801A243B191B88B6
:10378000002B00D186E0FB681868BB685969BB68EC
:103790001A893B191B8803F05DFB7BE0FB681B6803
:1037A00050229B5A9BB21A00BB681B78DB00D218D0
:1037B000FB681B68D318404A944663441A881A2150
:1037C0007B189205920D1A80BB689A697B181B883A
:1037D0009A4207D3BB689A697B181B88D21ABB68C8
:1037E0009A6102E0BB6800229A61BB689B69002B6A
:1037F00021D1FB681B681A00BB681B789B00D3189B
:103800001B889AB21E203B1827490A401A803B1891
:103810003A181288802189014A401A80FB681B6887
:103820001A00BB681B789B00D3183A1812881F49EE
:103830000A4392B21A80BB1D1B88402213401AD142
:10384000FB681B681A00BB681B789B00D3181B8899
:103850009AB21C203B1816490A401A80FB681B6864
:103860001A00BB681B789B00D3183A1812881149BC
:103870000A4392B21A801A243B191B88002B09D0E4
:10388000FB681868BB685969BB685A893B191B8873
:1038900003F0E0FA1A23FB181B881800BD4609B094
:1038A00090BDC046020400008FBFFFFF8080FFFF75
:1038B0008F8FFFFFC080FFFF0604000080B5A4B01B
:1038C00000AFF860B960BB1D1A80BB1D1B88402289
:1038D000134000D1E4E1FB681B6850229B5A9BB265
:1038E0001A00BB681B78DB00D218FB681B68D31872
:1038F000D04A944663441A8888217B189205920D19
:103900001A80BB689A697B181B889A4207D9BB68E2
:103910009A697B181B88D21ABB689A6102E0BB685F
:1039200000229A61BB689B69002B00D0B5E0BB68A0
:103930005B78002B25D1FB681B68FB62FB681B686A
:1039400050229B5A9BB21A00FB6A9B18FB62BB6811
:103950001B78DA00FB6AD318B64A94466344BB620C
:10396000BB6A1B889BB29B059B0D9AB2BB6A1A80EF
:10397000BB6A1B889BB2B04A13439AB2BB6A1A80D7
:103980001BE0BB685B78012B17D1FB681B687B636E
:10399000FB681B6850229B5A9BB21A007B6B9B18DA
:1039A0007B63BB681B78DA007B6BD318A14A944613
:1039B00063443B633B6B00221A80FB681B687B629D
:1039C000BB685B78002B25D1FB681B68FB61FB683B
:1039D0001B6850229B5A9BB21A00FB699B18FB6123
:1039E000BB681B78DA00FB69D318944A9446634499
:1039F000BB61BB691B889BB29B059B0D9AB2BB69DF
:103A00001A80BB691B889BB28B4A13439AB2BB696D
:103A10001A8018E0BB685B78012B14D1FB681B6827
:103A200050229B5A9BB21A007B6A9B187B62BB6830
:103A30001B78DA007B6AD318804A944663443B6261
:103A40003B6A00221A80BB681A78FB6811001800D4
:103A500004F0BAFFBB1D1A888023DB01134000D19C
:103A600008E3FB681B681A00BB681B789B00D3182F
:103A70001B889AB216203B1871490A401A80FB68CD
:103A80001B681A00BB681B789B00D3183A18128871
:103A90006C490A4392B21A80ECE2BB1D1A8880235B
:103AA000DB0113401AD0FB681B681A00BB681B7847
:103AB0009B00D3181B889AB28A203B1860490A40A1
:103AC0001A80FB681B681A00BB681B789B00D31820
:103AD0003A1812885B490A4392B21A80BB682422C2
:103AE0009B5C012B00D0C5E2BB685A6988217B181A
:103AF0001B88D218BB685A61BB68DA697B181B88BF
:103B0000D218BB68DA61BB681A6ABB681B699A4243
:103B10000CD3BB681B698C217A181360BB681A6AC6
:103B20007B181B68D21ABB681A621AE0BB681B6A52
:103B3000002B0AD18823FB181B888C22BA1813602B
:103B4000BB682422002199540BE0BB682422002189
:103B50009954BB681B6A8C22BA181360BB68002298
:103B60001A62BB685B78002B00D06DE0FB681B68B5
:103B7000FB63FB681B6850229B5A9BB21A00FB6BCD
:103B80009B18FB63BB681B78DA00FB6BD318294AD0
:103B900094466344BB63BB6B1B889BB29B059B0D28
:103BA0009AB2BB6B1A808C23FB181B68002B08D1C0
:103BB000BB6B1B889BB2204A13439AB2BB6B1A8023
:103BC00061E08C22BB181B683E2B17D8BB181B6802
:103BD0005B08BB64BB181B680122134002D0BB6C9E
:103BE0000133BB64BB6B1B889AB2BB6C9BB29B025C
:103BF0009BB213439AB2BB6B1A8044E08C22BB1871
:103C00001B685B09BB64BB181B681F22134002D1F1
:103C1000BB6C013BBB64BB6B1B889AB2BB6C9BB299
:103C20009B029BB213439BB2034A13439AB2BB6BF2
:103C30001A8028E0020400000080FFFF0604000054
:103C40008F8FFFFF80C0FFFFBB685B78012B1AD10D
:103C5000FB681B687B64FB681B6850229B5A9BB205
:103C60001A007B6C9B187B64BB681B78DA007B6C4A
:103C7000D318D94A944663443B648C23FB181B68D1
:103C80009AB23B6C1A80FB681868BB685969BB68BC
:103C90001A898C23FB181B689BB203F091F8E9E1A9
:103CA000FB681B6850229B5A9BB21A00BB681B78AA
:103CB000DB00D218FB681B68D318C84A94466344DB
:103CC0001A8888217B189205920D1A80BB689A6920
:103CD0007B181B889A4207D3BB689A697B181B889C
:103CE000D21ABB689A6102E0BB6800229A61BB6885
:103CF0009B69002B00D0BBE0BB685B78002B25D113
:103D0000FB681B68FB67FB681B6850229B5A9BB2D1
:103D10001A00FB6F9B18FB67BB681B78DA00FB6F10
:103D2000D318AD4A94466344BB67BB6F1B889BB2F4
:103D30009B059B0D9AB2BB6F1A80BB6F1B889BB211
:103D4000A74A13439AB2BB6F1A801BE0BB685B782B
:103D5000012B17D1FB681B687B66FB681B68502230
:103D60009B5A9BB21A007B6E9B187B66BB681B78C4
:103D7000DA007B6ED318984A944663443B663B6EE8
:103D800000221A80FB681B687B67BB685B78002B8E
:103D90002BD1FB681B68FB66FB681B6850229B5A93
:103DA0009BB21A00FB6E9B18FB66BB681B78DA009F
:103DB000FB6ED318894A9446634484217A181360B1
:103DC0007B181B681B889BB29B059B0D9AB27B18C6
:103DD0001B681A807B181B681B889BB2804A1343A0
:103DE0009AB27B181B681A8018E0BB685B78012BBD
:103DF00014D1FB681B6850229B5A9BB21A007B6F40
:103E00009B187B67BB681B78DA007B6FD318734AFB
:103E1000944663443B673B6F00221A80BB681A7864
:103E2000FB681100180004F0CFFDBB1D1A88802329
:103E3000DB01134000D01DE1FB681B681A00BB6862
:103E40001B789B00D3181B889AB282203B186549C7
:103E50000A401A80FB681B681A00BB681B789B002D
:103E6000D3183A18128860490A4392B21A8001E1C5
:103E7000BB1D1A888023DB0113401AD1FB681B6825
:103E80001A00BB681B789B00D3181B889AB24E207F
:103E90003B1854490A401A80FB681B681A00BB682B
:103EA0001B789B00D3183A1812884F490A4392B2E4
:103EB0001A80BB6824229B5C012B00D0DAE0BB682F
:103EC0005A6988217B181B88D218BB685A61BB6865
:103ED000DA697B181B88D218BB68DA61BB681A6A7A
:103EE000BB681B699A420CD3BB681B698C217A188A
:103EF0001360BB681A6A7B181B68D21ABB681A6207
:103F00001AE0BB681B6A002B0AD18823FB181B88A8
:103F10008C22BA181360BB682422002199540BE04C
:103F2000BB681B6A8C22BA181360BB6800221A6235
:103F3000BB68242200219954FB681B687B65BB6821
:103F40005B78002B00D06DE0FB681B68FB65FB68AD
:103F50001B6850229B5A9BB21A00FB6D9B18FB6595
:103F6000BB681B78DA00FB6DD3181C4A9446634487
:103F7000BB65BB6D1B889BB29B059B0D9AB2BB6D4D
:103F80001A808C23FB181B68002B08D1BB6D1B8883
:103F90009BB2134A13439AB2BB6D1A805EE08C2227
:103FA000BB181B683E2B21D8BB181B685B08BB667F
:103FB000BB181B680122134002D0BB6E0133BB66E5
:103FC000BB6D1B889AB2BB6E9BB29B029BB2134324
:103FD0009AB2BB6D1A8041E00204000006040000A2
:103FE0000080FFFF8F8FFFFF80C0FFFF8C22BB1878
:103FF0001B685B09BB66BB181B681F22134002D1FC
:10400000BB6E013BBB66BB6D1B889AB2BB6E9BB29D
:104010009B029BB213439BB22C4A13439AB2BB6DD3
:104020001A801BE0BB685B78012B17D1FB681B680B
:1040300050229B5A9BB21A007B6D9B187B65BB6814
:104040001B78DA007B6DD318214A944663443B65A4
:104050008C23FB181B689AB23B6D1A80FB681868AA
:10406000BB685969BB685A898C23FB181B689BB2D3
:1040700002F0A6FEFB681B681A00BB681B789B0059
:10408000D3181B889AB214203B1812490A401A8090
:104090003B183A18128810214A401A803B183A18E7
:1040A000128820214A401A80FB681B681A00BB68EE
:1040B0001B789B00D3183A18128807490A4392B21A
:1040C0001A8000231800BD4624B080BD0080FFFF89
:1040D00006040000BF8FFFFF8080FFFF90B587B010
:1040E00000AFF860080011007B600A243B19021C35
:1040F0001A800823FB180A1C1A8021007B181B88D1
:10410000802213409BB2002B0CD07B181B88072207
:104110001A4013009B009B18DB001033FA68D31879
:104120007B610BE00A23FB181A8813009B009B1885
:10413000DB005133FF33FA68D3187B610823FB1887
:104140001B88002B07D17B6900221A737B689AB207
:104150007B69DA800BE07B6901221A737B689AB273
:104160007B691A817B681B0C9AB27B695A81002398
:104170001800BD4607B090BD80B584B000AF786030
:104180007B681B68FB607A68B4239B000121D150D7
:104190007A68B2239B000021D154FB6854229B5AB9
:1041A0009BB20122134399B2FB6854229952FB68D7
:1041B00054229B5A9BB20222134399B2FB685422A9
:1041C000995200231800BD4604B080BD80B582B06E
:1041D00000AF78600A00FB1C1A70C046BD4602B0F2
:1041E00080BD000080B588B000AF78607B68002B90
:1041F00002D1012300F076FB7B681B68012213408B
:1042000000D18EE0C54B5B680C221340042B0ED00E
:10421000C24B5B680C221340082B17D1BF4B5A6866
:10422000C0235B021A4080235B029A420ED1BB4B33
:104230001A6880239B02134000D171E07B685B68A1
:10424000002B00D06CE0012300F04CFB7B685B6826
:10425000012B07D1B14B1A68B04B802149020A43A8
:104260001A602FE07B685B68002B0CD1AB4B1A689F
:10427000AA4BAB490A401A60A84B1A68A74BA94938
:104280000A401A601EE07B685B68052B0ED1A34BC9
:104290001A68A24B8021C9020A431A609F4B1A6810
:1042A0009E4B802149020A431A600BE09B4B1A681F
:1042B0009A4B9B490A401A60984B1A68974B994948
:1042C0000A401A607B685B68002B14D0FDF702F887
:1042D0000300BB6108E0FCF7FDFF0200BB69D31AD5
:1042E000642B01D90323FDE28C4B1A6880239B02C7
:1042F0001340F0D015E0FCF7EDFF0300BB6108E0D0
:10430000FCF7E8FF0200BB69D31A642B01D9032331
:10431000E8E2824B1A6880239B021340F0D100E050
:10432000C0467B681B680222134000D16CE07B4BC7
:104330005B680C2213400ED0784B5B680C22134054
:10434000082B1FD1754B5A68C0235B021A4080238B
:104350001B029A4216D1714B1B680222134005D0F2
:104360007B68DB68012B01D00123BBE26B4B1B6830
:10437000F822934319007B681B69DA00674B0A43F4
:104380001A6041E07B68DB68002B24D0634B1A681D
:10439000624B01210A431A60FCF79CFF0300BB61DA
:1043A00008E0FCF797FF0200BB69D31A022B01D982
:1043B000032397E2594B1B6802221340F1D0574B5D
:1043C0001B68F822934319007B681B69DA00534B82
:1043D0000A431A6018E0514B1A68504B01218A4376
:1043E0001A60FCF777FF0300BB6108E0FCF772FF7F
:1043F0000200BB69D31A022B01D9032372E2474B97
:104400001B6802221340F1D17B681B68082213400D
:1044100036D07B68DB69002B19D0404B5A6A3F4B82
:1044200001210A435A62FCF755FF0300BB6108E013
:10443000FCF750FF0200BB69D31A022B01D90323FA
:1044400050E2364B5B6A02221340F1D018E0334B46
:104450005A6A324B01218A435A62FCF73BFF030040
:10446000BB6108E0FCF736FF0200BB69D31A022BE0
:1044700001D9032336E2294B5B6A02221340F1D1B2
:104480007B681B680422134000D1B5E01F203B1855
:1044900000221A70214BDA6980235B05134010D18A
:1044A0001E4BDA691D4B802149050A43DA611B4B1B
:1044B000DA6980235B051340FB60FB683B1801222F
:1044C0001A70194B1A6880235B0013401AD1164BDF
:1044D0001A68154B802149000A431A60FCF7FAFE5E
:1044E0000300BB6108E0FCF7F5FE0200BB69D31ACC
:1044F000642B01D90323F5E10B4B1A6880235B0081
:104500001340F0D07B689B68012B0FD1034B1A6AD4
:10451000024B01210A431A6236E0C04600100240F5
:10452000FFFFFEFFFFFFFBFF007000407B689B6802
:10453000002B0CD1CA4B1A6AC94B01218A431A625B
:10454000C74B1A6AC64B04218A431A621CE07B6877
:104550009B68052B0CD1C24B1A6AC14B04210A433C
:104560001A62BF4B1A6ABE4B01210A431A620BE062
:10457000BB4B1A6ABA4B01218A431A62B84B1A6ABA
:10458000B74B04218A431A627B689B68002B14D0C6
:10459000FCF7A0FE0300BB6109E0FCF79BFE0200F4
:1045A000BB69D31AAF4A934201D903239AE1AC4BBA
:1045B0001B6A02221340F0D013E0FCF78BFE0300CD
:1045C000BB6109E0FCF786FE0200BB69D31AA54A6D
:1045D000934201D9032385E1A14B1B6A02221340B8
:1045E000F0D11F23FB181B78012B05D19C4BDA69F6
:1045F0009B4B9D490A40DA617B681B68102213407F
:1046000063D07B685B69012B2AD1954B5A6B944B25
:1046100004210A435A63924B5A6B914B01210A437E
:104620005A63FCF757FE0300BB6108E0FCF752FE3B
:104630000200BB69D31A022B01D9032352E1884B34
:104640005B6B02221340F1D0854B5B6BF8229343E6
:1046500019007B689B69DA00814B0A435A6334E096
:104660007B685B69053311D17D4B5A6B7C4B042110
:104670008A435A637A4B5B6BF822934319007B6839
:104680009B69DA00764B0A435A631EE0744B5A6BFF
:10469000734B04210A435A63714B5A6B704B0121CF
:1046A0008A435A63FCF716FE0300BB6108E0FCF77F
:1046B00011FE0200BB69D31A022B01D9032311E1B9
:1046C000674B5B6B02221340F1D17B681B68202291
:1046D00013405CD0624B5B680C2213400C2B0ED055
:1046E0005F4B5B680C221340082B14D15C4B5A685B
:1046F000C0235B021A40C0235B029A420BD1584B85
:104700005A6B80239B02134040D07B681B6A012BAD
:104710003CD00123E6E07B681B6A002B1BD0504B8A
:104720005A6B4F4B802149020A435A63FCF7D2FD72
:104730000300BB6108E0FCF7CDFD0200BB69D31AA2
:10474000022B01D90323CDE0454B5A6B80239B02FA
:104750001340F0D01BE0424B5A6B414B43490A4097
:104760005A63FCF7B7FD0300BB6108E0FCF7B2FD3C
:104770000200BB69D31A022B01D90323B2E0384BE4
:104780005A6B80239B021340F0D100E0C0467B6847
:104790005B6A002B00D1A4E0314B5B680C22134014
:1047A000082B00D178E07B685B6A022B4CD12C4B44
:1047B0001A682B4B2E490A401A60FCF78BFD030048
:1047C000BB6108E0FCF786FD0200BB69D31A022B2F
:1047D00001D9032386E0224B1A6880239B041340EF
:1047E000F0D11F4BDB6A0F22934319007B681A6BD1
:1047F0001B4B0A43DA621A4B5B681E4A13401900CE
:104800007B68DA6A7B689B6A1A43154B0A435A60D5
:10481000134B1A68124B802149040A431A60FCF7B3
:1048200059FD0300BB6108E0FCF754FD0200BB69C1
:10483000D31A022B01D9032354E0094B1A688023B1
:104840009B041340F0D04CE0054B1A68044B084918
:104850000A401A60FCF73EFD0300BB6115E0C0464C
:104860000010024088130000FFFFFFEFFFFFFEFF74
:10487000FFFFFFFEFF7FC2FFFCF72CFD0200BB69BC
:10488000D31A022B01D903232CE0184B1A6880237A
:104890009B041340F0D124E07B685B6A012B01D1BB
:1048A00001231FE0114B5B687B61104BDB6A3B61AE
:1048B0007A69C0235B021A407B689B6A9A420ED1D8
:1048C0003B690F221A407B681B6B9A4207D17A69B9
:1048D000F0239B031A407B68DB6A9A4201D00123D4
:1048E00000E000231800BD4608B080BD0010024063
:1048F00080B584B000AF786039607B68002B01D14F
:104900000123BFE0614B1B68012213403A689A42C1
:1049100011D95E4B1B680122934319005B4B3A6827
:104920000A431A60594B1B68012213403A689A42A5
:1049300001D00123A6E07B681B680222134015D03A
:104940007B681B680422134006D0514B5A68504BB9
:10495000E021C9000A435A604D4B5B68F022934343
:1049600019007B689A684A4B0A435A607B681B6847
:10497000012213404CD07B685B68012B07D1444B6C
:104980001A6880239B02134020D101237AE07B68C0
:104990005B68022B07D13E4B1A6880239B041340AF
:1049A00014D101236EE07B685B68032B07D1384B81
:1049B0005A6B80239B02134008D1012362E0344BE1
:1049C0001B680222134001D101235BE0304B5B687E
:1049D0000322934319007B685A682D4B0A435A609F
:1049E000FCF778FC0300FB6009E0FCF773FC0200B5
:1049F000FB68D31A274A934201D9032342E0244B90
:104A00005B680C221A407B685B689B009A42ECD181
:104A10001E4B1B68012213403A689A4211D21B4B6D
:104A20001B68012293431900184B3A680A431A6025
:104A3000164B1B68012213403A689A4201D00123A9
:104A400020E07B681B680422134009D0104B5B6890
:104A5000114A134019007B68DA680D4B0A435A600B
:104A600000F020F801000A4B5B681B090F2213407D
:104A70000A4AD35C0A00DA40094B1A600320FCF7AB
:104A8000E3FB00231800BD4604B080BD00200240B7
:104A90000010024088130000FFF8FFFF2890000874
:104AA0000000002080B586B000AF0023FB6000232B
:104AB000BB6000237B6100237B6000233B612D4BA7
:104AC0005B68FB60FB680C2213400C2B46D048D877
:104AD000042B02D0082B03D043E0274B3B6143E07B
:104AE000FB689B0C0F221340244AD35C7B60214B54
:104AF000DB6A0F221340224AD35CBB60FA68C023F2
:104B00005B021A4080235B029A4209D1B9681A48B5
:104B1000FBF7FAFA03001A007B6853437B611AE043
:104B2000FA68C0235B021A40C0235B029A4209D193
:104B3000B9681448FBF7E8FA03001A007B6853438E
:104B40007B6108E0B9680C48FBF7DEFA03001A0045
:104B50007B6853437B617B693B6105E0094B3B61AB
:104B600002E0054B3B61C0463B691800BD4606B0FC
:104B700080BDC0460010024000127A003890000844
:104B800048900008006CDC0280B586B000AF786009
:104B900000233B610023FB607B681A6880235B0273
:104BA000134000D18EE017203B1800221A706E4B84
:104BB000DA6980235B05134010D16B4BDA696A4BCD
:104BC000802149050A43DA61674BDA6980235B0576
:104BD0001340BB60BB683B1801221A70634B1A6814
:104BE00080235B0013401AD1604B1A685F4B802111
:104BF00049000A431A60FCF76DFB03003B6108E0C3
:104C0000FCF768FB02003B69D31A642B01D903232C
:104C1000A6E0564B1A6880235B001340F0D0524B3D
:104C20001A6AC0239B001340FB60FB68002B34D042
:104C30007B685A68C0239B001340FA689A422CD0C4
:104C4000494B1B6A4A4A1340FB60474B1A6A464B62
:104C5000802149020A431A62434B1A6A424B454972
:104C60000A401A62404BFA681A62FB68012213403C
:104C700013D0FCF72FFB03003B6109E0FCF72AFB94
:104C800002003B69D31A3C4A934201D9032367E0EF
:104C9000354B1B6A02221340F0D0334B1B6A344A57
:104CA000134019007B685A682F4B0A431A62172376
:104CB000FB181B78012B05D12B4BDA692A4B2F49A6
:104CC0000A40DA617B681B680122134009D0264B39
:104CD0001B6B0322934319007B689A68224B0A439B
:104CE0001A637B681B680222134009D01E4B1B6BA2
:104CF000234A134019007B68DA681B4B0A431A6386
:104D00007B681B682022134009D0174B1B6B1022B5
:104D1000934319007B681A69134B0A431A637B6833
:104D20001A6880239B02134009D00F4B1B6B802213
:104D3000934319007B689A690B4B0A431A637B689B
:104D40001A688023DB00134009D0074B1B6B4022FD
:104D5000934319007B685A69034B0A431A63002383
:104D60001800BD4606B080BD001002400070004033
:104D7000FFFCFFFFFFFFFEFF88130000FFFFFFEFB8
:104D8000FFFFFCFF80B584B000AF78607B684422F1
:104D900000219952054BFB60FB6899B27B68402269
:104DA000995200231800BD4604B080BD80BF0000AA
:104DB00080B584B000AF7860094BFB607B6840220F
:104DC0009B5A9BB2FA6892B2D24392B2134099B204
:104DD0007B684022995200231800BD4604B080BD74
:104DE00080BF000080B584B000AFF8603B1D196043
:104DF0005A60FB68402201219952FB684022002141
:104E00009952FB68442200219952FB6850220021EC
:104E1000995200231800BD4604B080BD80B59CB0F7
:104E200000AF786039606F23FB1800221A707A682F
:104E30003B681B789B00D3181B889AB26C23FB1825
:104E4000A1490A401A803B68DB78032B17D028DC85
:104E5000022B0ED025DC002B02D0012B18D020E035
:104E60006C22BB18BA181288802189000A431A8064
:104E70001CE06C22BB18BA1812881A8016E06C224B
:104E8000BB18BA181288C021C9000A431A800DE065
:104E90006C22BB18BA1812888021C9000A431A80F4
:104EA00004E06F23FB1801221A70C0467A683B6841
:104EB0001B789B00D3186C22BA18128883490A43C6
:104EC00092B21A807A683B681B789B00D3181B88C3
:104ED0009BB21BB27E4A13401AB23B681B781BB2CE
:104EE00013431AB266217B181A807A683B681B78D4
:104EF0009B00D3187A18128874490A4392B21A8018
:104F00003B681B7B002B00D077E13B685B78002B74
:104F100000D17AE07B68BB617B6850229B5A9BB2D0
:104F20001A00BB699B18BB613B681B78DA00BB6940
:104F3000D3188022D200944663447B613B68DB88AF
:104F40005B089BB2DB189AB27B691A807A683B686F
:104F50001B789B00D21812217B1812881A807B18AC
:104F60001B884022134016D07A683B681B789B0050
:104F7000D3181B889AB210203B1855490A401A8052
:104F80007A683B681B789B00D3183A1812885149FD
:104F90000A4392B21A803B68DB78012B1DD07A68F5
:104FA0003B681B789B00D3181B889AB20C203B18D7
:104FB00049490A401A803B183A18128820214A4071
:104FC0001A807A683B681B789B00D3183A181288BD
:104FD0003E490A4392B21A80B5E27A683B681B7870
:104FE0009B00D3181B889AB20E203B183A490A40FE
:104FF0001A807A683B681B789B00D3183A1812888D
:1050000032490A4392B21A809DE27B683B637B6817
:1050100050229B5A9BB21A003B6B9B183B633B6828
:105020001B78DA003B6BD3182C4A94466344FB622E
:105030003B68DB885B089BB2DB189AB2FB6A1A807C
:105040007B68BB627B6850229B5A9BB21A00BB6A8A
:105050009B18BB623B681B78DA00BB6AD318204AF6
:10506000944663447B627B6A1B889BB29B059B0DC5
:105070009AB27B6A1A803B681B69002B08D17B6A55
:105080001B889BB2174A13439AB27B6A1A8045E089
:105090003B681B693E2B27D83B681B695B08BB66D6
:1050A0003B681B690122134002D0BB6E0133BB6613
:1050B0007B6A1B889AB2BB6E9BB29B029BB2134366
:1050C0009AB27B6A1A8029E08F89FFFF8080FFFFF8
:1050D0008F8FFFFFC080FFFFBF8FFFFF0404000022
:1050E000060400000080FFFF3B681B695B09BB668C
:1050F0003B681B691F22134002D1BB6E013BBB669C
:105100007B6A1B889AB2BB6E9BB29B029BB2134315
:105110009BB2B54A13439AB27B6A1A807A683B689D
:105120001B789B00D21822217B1812881A807B18CA
:105130001A888023DB01134016D07A683B681B78FD
:105140009B00D3181B889AB220203B18A7490A401D
:105150001A807A683B681B789B00D3183A1812882B
:10516000A3490A4392B21A803B681B78002B25D1D1
:105170007A683B681B789B00D3181B889AB21C2066
:105180003B189C490A401A803B183A181288802123
:1051900049014A401A803B183A1812888021890137
:1051A0004A401A807A683B681B789B00D3183A18EB
:1051B000128891490A4392B21A80C4E17A683B6826
:1051C0001B789B00D3181B889AB21E203B18894974
:1051D0000A401A803B183A181288802189014A40F7
:1051E0001A807A683B681B789B00D3183A1812889B
:1051F00081490A4392B21A80A5E13B68DB78022B11
:1052000017D17A683B681B789B00D3181B889AB229
:1052100062203B1875490A401A807A683B681B78FF
:105220009B00D3183A18128874490A4392B21A8024
:1052300016E07A683B681B789B00D3181B889AB2EB
:1052400064203B186E490A401A807A683B681B78D4
:105250009B00D3183A18128867490A4392B21A8001
:105260007B68FB657B6850229B5A9BB21A00FB6DE2
:105270009B18FB653B681B78DA00FB6DD318802216
:10528000D20094466344BB653B681B895B089BB2B4
:10529000DB189AB2BB6D1A807B687B657B685022F5
:1052A0009B5A9BB21A007B6D9B187B653B681B78F1
:1052B000DA007B6DD318534A944663443B653B68E0
:1052C0005B895B089BB2DB189AB23B6D1A803B6826
:1052D0005B78002B00D09BE07A683B681B789B00D2
:1052E000D21840217B1812881A807B181A888023D4
:1052F000DB01134016D07A683B681B789B00D318FB
:105300001B889AB23E203B1838490A401A807A68B6
:105310003B681B789B00D3183A18128834490A431B
:1053200092B21A807A683B681B789B00D2183C21A5
:105330007B1812881A807B181B884022134016D0D5
:105340007A683B681B789B00D3181B889AB23A2076
:105350003B1826490A401A807A683B681B789B00F4
:10536000D3183A18128828490A4392B21A807A68E8
:105370003B681B789B00D3181B889AB238203B18D7
:105380001C490A401A803B183A18128880214901AA
:105390004A401A803B183A181288802189014A40F5
:1053A0001A807A683B681B789B00D3183A181288D9
:1053B00011490A4392B21A807A683B681B789B00B5
:1053C000D3181B889AB236203B1810490A401A801D
:1053D0007A683B681B789B00D3183A1812880649F4
:1053E0000A4392B21A80AEE00080FFFF8F8FFFFF6A
:1053F00080C0FFFF8FBFFFFF8080FFFF8081FFFF26
:105400008F8EFFFF04040000C080FFFFBF8FFFFFEF
:105410007A683B681B789B00D2184E217B18128853
:105420001A807B181A888023DB01134016D07A6813
:105430003B681B789B00D3181B889AB24C203B1802
:1054400044490A401A807A683B681B789B00D3184D
:105450003A18128840490A4392B21A807A683B6827
:105460001B789B00D2184A217B1812881A807B185F
:105470001B884022134016D07A683B681B789B003B
:10548000D3181B889AB248203B1832490A401A8028
:105490007A683B681B789B00D3183A1812882F490A
:1054A0000A4392B21A803B68DB78012B1DD07A68E0
:1054B0003B681B789B00D3181B889AB244203B188A
:1054C00027490A401A803B183A18128820214A407E
:1054D0001A807A683B681B789B00D3183A181288A8
:1054E00020490A4392B21A8016E07A683B681B781A
:1054F0009B00D3181B889AB246203B1818490A40D3
:105500001A807A683B681B789B00D3183A18128877
:1055100014490A4392B21A807A683B681B789B0050
:10552000D3181B889AB242203B180F490A401A80B0
:105530007A683B681B789B00D3183A18128809498F
:105540000A4392B21A806F23FB181B781800BD46DD
:105550001CB080BD8F8FFFFF80C0FFFFC080FFFFAA
:10556000BF8FFFFF8080FFFF8FBFFFFF80B58CB034
:1055700000AF786039603B681B7B002B00D07EE079
:105580003B685B78002B3CD07A683B681B789B00BB
:10559000D2180C217B1812881A807B181B88402295
:1055A000134016D07A683B681B789B00D3181B8881
:1055B0009AB20A203B18C7490A401A807A683B68A9
:1055C0001B789B00D3183A181288C3490A4392B239
:1055D0001A807A683B681B789B00D3181B889AB2A4
:1055E00008203B18BD490A401A807A683B681B783E
:1055F0009B00D3183A181288B9490A4392B21A800C
:1056000063E17A683B681B789B00D21812217B18F3
:1056100012881A807B181A888023DB01134016D069
:105620007A683B681B789B00D3181B889AB21020BD
:105630003B18A8490A401A807A683B681B789B008F
:10564000D3183A181288A7490A4392B21A807A6886
:105650003B681B789B00D3181B889AB20E203B181E
:10566000A1490A401A807A683B681B789B00D318CE
:105670003A1812889A490A4392B21A8025E13B6887
:105680005B78002B00D090E07A683B681B789B0029
:10569000D21820217B1812881A807B181A88802340
:1056A000DB01134016D07A683B681B789B00D31847
:1056B0001B889AB21E203B1886490A401A807A68D5
:1056C0003B681B789B00D3183A18128885490A4317
:1056D00092B21A807A683B681B789B00D2181C2112
:1056E0007B1812881A807B181B884022134016D022
:1056F0007A683B681B789B00D3181B889AB21A20E3
:105700003B1874490A401A807A683B681B789B00F2
:10571000D3183A18128870490A4392B21A807A68EC
:105720003B681B789B00D3181B889AB218203B1843
:1057300068490A401A807A683B681B789B00D31836
:105740003A18128864490A4392B21A807A683B6810
:105750001B789B00D3181B889AB216203B1862490D
:105760000A401A807A683B681B789B00D3183A1865
:1057700012885B490A4392B21A807A683B681B78A8
:105780009B00D3181B889AB214203B1853490A4037
:105790001A807A683B681B789B00D3183A181288E5
:1057A0004F490A4392B21A808FE07A683B681B78AF
:1057B0009B00D2182E217B1812881A807B181A8819
:1057C0008023DB01134016D07A683B681B789B006E
:1057D000D3181B889AB22C203B183E490A401A80E5
:1057E0007A683B681B789B00D3183A1812883D49A9
:1057F0000A4392B21A807A683B681B789B00D218E1
:105800002A217B1812881A807B181B88402213409B
:1058100016D07A683B681B789B00D3181B889AB215
:1058200028203B182B490A401A807A683B681B786D
:105830009B00D3183A18128827490A4392B21A805B
:105840007A683B681B789B00D3181B889AB2262085
:105850003B1820490A401A807A683B681B789B00F5
:10586000D3183A1812881F490A4392B21A807A68EC
:105870003B681B789B00D3181B889AB224203B18E6
:1058800016490A401A807A683B681B789B00D31837
:105890003A18128812490A4392B21A807A683B6811
:1058A0001B789B00D3181B889AB222203B180E4904
:1058B0000A401A807A683B681B789B00D3183A1814
:1058C000128807490A4392B21A8000231800BD4685
:1058D0000CB080BD8F8FFFFFC080FFFFBF8FFFFF29
:1058E0008080FFFF80C0FFFF8FBFFFFF90B5C3B078
:1058F00000AF786039603B685B78012B01D000F025
:105900002DFD3B689A693B681B699A4205D93B6843
:105910001B697A1DFF32136004E03B689B697A1DA6
:10592000FF3213603B681B7B002B25D13B68596914
:105930003B68DA887B1DFF331B689BB2786801F0F7
:105940003FFA7B683B617B6850229B5A9BB21A00EE
:105950003B699B183B613B681B78DA003B69D318B5
:10596000D74A94466344FB607B1DFF331B689AB2A1
:10597000FB681A8000F0CDFC3B68DB78022B00D07E
:1059800062E33B681A6A3B681B699A4200D809E3E4
:105990007A683B681B789B00D3181B889AB2562004
:1059A0003B18C8490A401A807A683B681B789B00FC
:1059B000D3183A181288C4490A4392B21A803B6835
:1059C0001A6A7B1DFF331B68D21A3B681A627A6819
:1059D0003B681B789B00D3181B889BB21A0040239E
:1059E000134000D176E17B683B633B685B78002B1A
:1059F00000D074E07B68BB627B6850229B5A9BB2EC
:105A00001A00BB6A9B18BB623B681B78DA00BB6A52
:105A1000D318AE4A944663447B627B6A1B889BB270
:105A20009B059B0D9AB27B6A1A807B1DFF331B6816
:105A3000002B08D17B6A1B889BB2A54A13439AB2FC
:105A40007B6A1A8066E07B1DFF331B683E2B21D8E2
:105A50007B1DFF331B685B087A1CFF3213607B1DC4
:105A6000FF331B680122134006D07B1CFF331B68E9
:105A700001337A1CFF3213607B6A1B889AB27B1C4D
:105A8000FF331B689BB29B029BB213439AB27B6AA3
:105A90001A803FE07B1DFF331B685B097A1CFF32D5
:105AA00013607B1DFF331B681F22134006D17B1C34
:105AB000FF331B68013B7A1CFF3213607B6A1B8833
:105AC0009AB27B1CFF331B689BB29B029BB21343B1
:105AD0009BB27F4A13439AB27B6A1A801AE03B68F2
:105AE0005B78012B16D17B6850229B5A9BB21A001F
:105AF0003B6B9B183B633B681B78DA003B6BD3180E
:105B0000724A94466344FB627B1DFF331B689AB262
:105B1000FB6A1A8076203B183A6852891A803B68E3
:105B200059697B1DFF331B689CB23B181A88786843
:105B3000230001F045F93B685A697B1DFF331B6860
:105B4000D2183B685A613B681A6A3B681B699A42E3
:105B500008D93B681A6A7B1DFF331B68D21A3B6861
:105B60001A6207E03B681B6A7A1DFF3213603B68CC
:105B700000221A623B685B78002B00D070E07B68E3
:105B8000BB617B6850229B5A9BB21A00BB699B1871
:105B9000BB613B681B78DA00BB69D318484A94465E
:105BA00063447B617B691B889BB29B059B0D9AB20A
:105BB0007B691A807B1DFF331B68002B08D17B6932
:105BC0001B889BB2424A13439AB27B691A8064E0F5
:105BD0007B1DFF331B683E2B1FD87B1DFF331B68CB
:105BE0005B08FC217A1813607B1DFF331B680122C0
:105BF000134004D07B181B6801337A1813607B694B
:105C00001B889AB2FC23FB181B689BB29B029BB2B9
:105C100013439AB27B691A803FE07B1DFF331B68F8
:105C20005B09FC217A1813607B1DFF331B681F2260
:105C3000134004D17B181B68013B7A1813607B6901
:105C40001B889AB2FC23FB181B689BB29B029BB279
:105C500013439BB21E4A13439AB27B691A801CE01D
:105C60003B685B78012B18D17B683B627B685022D4
:105C70009B5A9BB21A003B6A9B183B623B681B789D
:105C8000DA003B6AD3180E4A94466344FB617B1DDD
:105C9000FF331B689AB2FB691A8076203B183A687A
:105CA00012891A803B6859697B1DFF331B689CB2BF
:105CB0003B181A887868230001F082F829E3C0466F
:105CC000020400008F8FFFFF8081FFFF06040000A9
:105CD0000080FFFF3B685B78002B00D070E07B68A2
:105CE000BB647B6850229B5A9BB21A00BB6C9B180A
:105CF000BB643B681B78DA00BB6CD318CD4A944672
:105D000063447B647B6C1B889BB29B059B0D9AB2A2
:105D10007B6C1A807B1DFF331B68002B08D17B6CCA
:105D20001B889BB2C44A13439AB27B6C1A8064E00E
:105D30007B1DFF331B683E2B1FD87B1DFF331B6869
:105D40005B08F8217A1813607B1DFF331B68012262
:105D5000134004D07B181B6801337A1813607B6CE6
:105D60001B889AB2F823FB181B689BB29B029BB25C
:105D700013439AB27B6C1A803FE07B1DFF331B6894
:105D80005B09F8217A1813607B1DFF331B681F2203
:105D9000134004D17B181B68013B7A1813607B6C9D
:105DA0001B889AB2F823FB181B689BB29B029BB21C
:105DB00013439BB2A04A13439AB27B6C1A801CE037
:105DC0003B685B78012B18D17B683B657B68502270
:105DD0009B5A9BB21A003B6D9B183B653B681B7836
:105DE000DA003B6DD318934A94466344FB647B1DF1
:105DF000FF331B689AB2FB6C1A8076203B183A6816
:105E000012891A803B6859697B1DFF331B689CB25D
:105E10003B181A887868230000F0D2FF3B685A6963
:105E20007B1DFF331B68D2183B685A613B681A6AB6
:105E30003B681B699A4208D93B681A6A7B1DFF338D
:105E40001B68D21A3B681A6207E03B681B6A7A1D1E
:105E5000FF3213603B6800221A627B683B643B6838
:105E60005B78002B00D070E07B68BB637B685022BE
:105E70009B5A9BB21A00BB6B9B18BB633B681B7899
:105E8000DA00BB6BD3186D4A944663447B637B6B2B
:105E90001B889BB29B059B0D9AB27B6B1A807B1D66
:105EA000FF331B68002B08D17B6B1B889BB2624AB7
:105EB00013439AB27B6B1A8062E07B1DFF331B6831
:105EC0003E2B1FD87B1DFF331B685B08F4217A181B
:105ED00013607B1DFF331B680122134004D07B1825
:105EE0001B6801337A1813607B6B1B889AB2F4230A
:105EF000FB181B689BB29B029BB213439AB27B6B4D
:105F00001A803DE07B1DFF331B685B09F4217A1882
:105F100013607B1DFF331B681F22134004D17B18C5
:105F20001B68013B7A1813607B6B1B889AB2F423C1
:105F3000FB181B689BB29B029BB213439BB23E4A69
:105F400013439AB27B6B1A801AE03B685B78012B93
:105F500016D17B6850229B5A9BB21A003B6C9B184F
:105F60003B643B681B78DA003B6CD318334A944699
:105F70006344FB637B1DFF331B689AB2FB6B1A8083
:105F800076203B183A6852891A803B6859697B1D14
:105F9000FF331B689CB23B181A887868230000F016
:105FA0000FFFB6E13B681B6A7A1DFF3213607A6807
:105FB0003B681B789B00D3181B889AB262203B1861
:105FC0001F490A401A807A683B681B789B00D318E7
:105FD0003A1812881B490A4392B21A807B68FB6503
:105FE0007B6850229B5A9BB21A00FB6D9B18FB6585
:105FF0003B681B78DA00FB6DD3180E4A9446634465
:10600000BB657B1DFF331B689AB2BB6D1A8076207F
:106010003B183A6812891A803B6859697B1DFF3327
:106020001B689CB23B181A887868230000F0C8FEF1
:106030006FE1C046020400000080FFFF060400007C
:106040008F8EFFFF8080FFFF3B681A6A7B1DFF3346
:106050001B68D21A3B681A627A683B681B789B00FF
:10606000D3181B889BB21A004023134000D1A4E030
:106070007B683B673B685B78002B00D070E07B68F7
:10608000BB667B6850229B5A9BB21A00BB6E9B1862
:10609000BB663B681B78DA00BB6ED318DA4A9446BD
:1060A00063447B667B6E1B889BB29B059B0D9AB2FB
:1060B0007B6E1A807B1DFF331B68002B08D17B6E23
:1060C0001B889BB2D14A13439AB27B6E1A8062E05E
:1060D0007B1DFF331B683E2B1FD87B1DFF331B68C6
:1060E0005B08F0217A1813607B1DFF331B680122C7
:1060F000134004D07B181B6801337A1813607B6E41
:106100001B889AB2F023FB181B689BB29B029BB2C0
:1061100013439AB27B6E1A803DE07B1DFF331B68F0
:106120005B09F0217A1813607B1DFF331B681F2267
:10613000134004D17B181B68013B7A1813607B6EF7
:106140001B889AB2F023FB181B689BB29B029BB280
:1061500013439BB2AD4A13439AB27B6E1A801AE086
:106160003B685B78012B16D17B6850229B5A9BB20F
:106170001A003B6F9B183B673B681B78DA003B6F4C
:10618000D318A14A94466344FB667B1DFF331B680A
:106190009AB2FB6E1A8076203B183A6852891A80B0
:1061A0003B6859697B1DFF331B689CB23B181A88FA
:1061B0007868230000F004FEABE03B685B78002BBE
:1061C00000D070E07B68FB677B6850229B5A9BB2D3
:1061D0001A00FB6F9B18FB673B681B78DA00FB6FAC
:1061E000D3188B4A94466344BB67BB6F1B889BB232
:1061F0009B059B0D9AB2BB6F1A807B1DFF331B68FA
:10620000002B08D1BB6F1B889BB2804A13439AB204
:10621000BB6F1A806CE07B1DFF331B683E2B1FD8C1
:106220007B1DFF331B685B08EC217A1813607B1D14
:10623000FF331B680122134004D07B181B68013315
:106240007A181360BB6F1B889AB2EC23FB181B688B
:106250009BB29B029BB213439AB2BB6F1A8047E07A
:106260007B1DFF331B685B09EC217A1813607B1DD3
:10627000FF331B681F22134004D17B181B68013BAE
:106280007A181360BB6F1B889AB2EC23FB181B684B
:106290009BB29B029BB213439BB25C4A13439AB2DC
:1062A000BB6F1A8024E03B685B78012B20D17B68B0
:1062B00084217A1813607B6850229B5A9BB21A0083
:1062C0007B181B689B187A1813603B681B78DA00F0
:1062D0007B181B68D3184E4A9446634480217A1871
:1062E00013607B1DFF331B689AB27B181B681A80F2
:1062F00076203B183A6812891A803B6859697B1DE1
:10630000FF331B689CB23B181A887868230000F0A2
:1063100057FD7A683B681B789B00D3181B889AB29C
:106320000A203B183B490A401A803B183A18128849
:1063300010214A401A803B183A18128820214A40FE
:106340001A807A683B681B789B00D3183A18128829
:1063500031490A4392B21A8000F0E9FB3B681B7B8B
:10636000002B00D0A8E03B689A693B681B699A4201
:106370000DD93B681B697A1DFF3213603B689A692F
:106380007B1DFF331B68D21A3B689A6107E03B68AC
:106390009B697A1DFF3213603B6800229A617B681B
:1063A00090217A1813607B6850229B5A9BB21A0086
:1063B0007B181B689B187A1813603B681B78DA00FF
:1063C0007B181B68D318104A944663448C217A18B2
:1063D00013607B181B681B889BB29B059B0D9AB2B0
:1063E0007B181B681A807B1DFF331B68002B15D19F
:1063F0007B181B681B889BB2044A13439AB27B1814
:106400001B681A806EE3C046060400000080FFFF90
:1064100002040000BF8FFFFF8080FFFF7B1DFF3362
:106420001B683E2B22D87B1DFF331B685B08E821CD
:106430007A1813607B1DFF331B680122134004D0C0
:106440007B181B6801337A1813608C217B181B683A
:106450001B889AB2E823FB181B689BB29B029BB275
:1064600013439AB27B181B681A803BE37B1DFF33F2
:106470001B685B09E8217A1813607B1DFF331B68DA
:106480001F22134004D17B181B68013B7A1813604C
:106490008C217B181B681B889AB2E823FB181B68A9
:1064A0009BB29B029BB213439BB2D74A13439AB24F
:1064B0007B181B681A8015E33B68DB78022B00D041
:1064C00089E13B685B78002B00D07BE07B68AC21E6
:1064D0007A1813607B6850229B5A9BB21A007B1873
:1064E0001B689B187A1813603B681B78DA007B18CE
:1064F0001B68D318C54A94466344A8217A181360D0
:106500007B181B681B889BB29B059B0D9AB27B185E
:106510001B681A803B681B69002B0AD17B181B681B
:106520001B889BB2B84A13439AB27B181B681A8027
:106530006CE03B681B693E2B20D83B681B695B08FD
:10654000E4217A1813603B681B690122134004D0D0
:106550007B181B6801337A181360A8217B181B680D
:106560001B889AB2E423FB181B689BB29B029BB268
:1065700013439AB27B181B681A8047E03B681B697B
:106580005B09E4217A1813603B681B691F221340E2
:1065900004D17B181B68013B7A181360A8217B1873
:1065A0001B681B889AB2E423FB181B689BB29B02F2
:1065B0009BB213439BB2944A13439AB27B181B6855
:1065C0001A8023E03B685B78012B1FD17B68B421E4
:1065D0007A1813607B6850229B5A9BB21A007B1872
:1065E0001B689B187A1813603B681B78DA007B18CD
:1065F0001B68D318854A94466344B0217A18136007
:106600003B681B699AB27B181B681A807B68A422BE
:10661000BA1813603B685B78002B00D07BE07B6886
:106620009C217A1813607B6850229B5A9BB21A00F7
:106630007B181B689B187A1813603B681B78DA007C
:106640007B181B68D318724A9446634498217A18C1
:1066500013607B181B681B889BB29B059B0D9AB22D
:106660007B181B681A803B681B69002B0AD17B18BA
:106670001B681B889BB2644A13439AB27B181B6841
:106680001A8069E03B681B693E2B20D83B681B6978
:106690005B08E0217A1813603B681B6901221340F4
:1066A00004D07B181B6801337A18136098217B187B
:1066B0001B681B889AB2E023FB181B689BB29B02E5
:1066C0009BB213439AB27B181B681A8044E03B6864
:1066D0001B695B09E0217A1813603B681B691F2264
:1066E000134004D17B181B68013B7A181360982172
:1066F0007B181B681B889AB2E023FB181B689BB2AF
:106700009B029BB213439BB23F4A13439AB27B183E
:106710001B681A8020E03B685B78012B1CD17B68EA
:1067200050229B5A9BB21A00A4217B181B689B180D
:106730007A1813603B681B78DA007B181B68D31843
:10674000334A94466344A0217A1813603B681B695E
:106750009AB27B181B681A803B68DB69002B00D15A
:10676000C0E17A683B681B789B00D21896217B18A1
:1067700012881A807B181A888023DB01134004D00A
:106780007B181B88402213400DD196217B181A8854
:106790008023DB01134000D0A4E17B181B8840223A
:1067A000134000D09EE17A683B681B789B00D318A9
:1067B0001B889AB294203B1816490A401A807A68BE
:1067C0003B681B789B00D3183A18128812490A4379
:1067D00092B21A8086E13B68DB78012B00D07FE122
:1067E0003B689A693B681B699A4217D93B681B69E9
:1067F0007A1DFF3213603B689A697B1DFF331B686B
:10680000D21A3B689A6111E00080FFFF0204000089
:10681000060400008F8FFFFFC080FFFF3B689B696D
:106820007A1DFF3213603B6800229A613B685B78F7
:10683000002B00D081E07B68CC217A1813607B6844
:1068400050229B5A9BB21A007B181B689B187A181F
:1068500013603B681B78DA007B181B68D318B64AB4
:1068600094466344C8217A1813607B181B681B8800
:106870009BB29B059B0D9AB27B181B681A807B1DEF
:10688000FF331B68002B0AD17B181B681B889BB247
:10689000AA4A13439AB27B181B681A8072E07B1DC8
:1068A000FF331B683E2B22D87B1DFF331B685B0820
:1068B000DC217A1813607B1DFF331B680122134013
:1068C00004D07B181B6801337A181360C8217B1829
:1068D0001B681B889AB2DC23FB181B689BB29B02C7
:1068E0009BB213439AB27B181B681A804AE07B1D47
:1068F000FF331B685B09DC217A1813607B1DFF33B3
:106900001B681F22134004D17B181B68013B7A18B7
:106910001360C8217B181B681B889AB2DC23FB1804
:106920001B689BB29B029BB213439BB2834A1343E7
:106930009AB27B181B681A8024E03B685B78012BB5
:1069400020D17B68D4217A1813607B6850229B5A2F
:106950009BB21A007B181B689B187A1813603B685F
:106960001B78DA007B181B68D318734A944663447B
:10697000D0217A1813607B1DFF331B689AB27B18F5
:106980001B681A807B68C422BA1813603B685B7866
:10699000002B00D081E07B68BC217A1813607B68F3
:1069A00050229B5A9BB21A007B181B689B187A18BE
:1069B00013603B681B78DA007B181B68D318604AA9
:1069C00094466344B8217A1813607B181B681B88AF
:1069D0009BB29B059B0D9AB27B181B681A807B1D8E
:1069E000FF331B68002B0AD17B181B681B889BB2E6
:1069F000524A13439AB27B181B681A8072E07B1DBF
:106A0000FF331B683E2B22D87B1DFF331B685B08BE
:106A1000D8217A1813607B1DFF331B6801221340B5
:106A200004D07B181B6801337A181360B8217B18D7
:106A30001B681B889AB2D823FB181B689BB29B0269
:106A40009BB213439AB27B181B681A804AE07B1DE5
:106A5000FF331B685B09D8217A1813607B1DFF3355
:106A60001B681F22134004D17B181B68013B7A1856
:106A70001360B8217B181B681B889AB2D823FB18B7
:106A80001B689BB29B029BB213439BB22B4A1343DE
:106A90009AB27B181B681A8024E03B685B78012B54
:106AA00020D17B6850229B5A9BB21A00C4217B18CC
:106AB0001B689B187A1813603B681B78DA007B18F8
:106AC0001B68D3181E4A94466344C0217A18136089
:106AD0007B1DFF331B689AB27B181B681A8001E08C
:106AE000012325E07A683B681B789B00D3181B883C
:106AF0009AB28A203B1813490A401A803B183A1868
:106B00001288802149014A401A803B183A1812889D
:106B1000802189014A401A807A683B681B789B0073
:106B2000D3183A18128808490A4392B21A800023EF
:106B30001800BD4643B090BD020400000080FFFF76
:106B4000060400008FBFFFFF8080FFFF80B584B088
:106B500000AF786039603B685B78002B1DD07A68A5
:106B60003B681B789B00D3181B889AB20C203B18FB
:106B70001B490A401A803B183A18128810214A40D3
:106B80001A807A683B681B789B00D3183A181288E1
:106B900014490A4392B21A801DE07A683B681B7858
:106BA0009B00D3181B889AB20E203B180E490A404E
:106BB0001A803B183A181288802149014A401A80ED
:106BC0007A683B681B789B00D3183A1812880549ED
:106BD0000A4392B21A8000231800BD4604B080BD5B
:106BE000BF8FFFFF8080FFFF8FBFFFFF80B586B0A4
:106BF00000AF786039603B681B7B002B00D095E0CC
:106C00003B685B78002B46D07A683B681B789B001A
:106C1000D21810217B1812881A807B181B884022FA
:106C2000134016D07A683B681B789B00D3181B88EA
:106C30009AB20E203B1840490A401A807A683B6895
:106C40001B789B00D3183A1812883C490A4392B229
:106C50001A803B68DB78012B68D07A683B681B7828
:106C60009B00D3181B889AB20C203B1834490A4069
:106C70001A803B183A18128820214A401A807A68F4
:106C80003B681B789B00D3183A1812882D490A4399
:106C900092B21A804AE07A683B681B789B00D2184F
:106CA00016217B1812881A807B181A888023DB0132
:106CB000134016D07A683B681B789B00D3181B885A
:106CC0009AB214203B181C490A401A807A683B6823
:106CD0001B789B00D3183A1812881B490A4392B2BA
:106CE0001A807A683B681B789B00D3181B889AB27D
:106CF00012203B1815490A401A803B183A1812888E
:106D0000802149014A401A803B183A181288802194
:106D100089014A401A807A683B681B789B00D31827
:106D20003A18128807490A4392B21A8000231800C1
:106D3000BD4606B080BDC0468F8FFFFFC080FFFFFD
:106D4000BF8FFFFF8080FFFF80C0FFFF8FBFFFFF6F
:106D500080B582B000AF78600A00FB1C1A70FB1C83
:106D60001B78002B03D17B684C2280219952002391
:106D70001800BD4602B080BD80B582B000AF78601B
:106D80007B6858229B5A9BB2054A134399B27B6891
:106D90005822995200231800BD4602B080BDC0465B
:106DA0000080FFFF80B584B000AF78607B6844222C
:106DB0009B5A9BB2FB60FB681800BD4604B080BDC7
:106DC00080B58AB000AFF860B9601900BB1D1A80A9
:106DD0003B1D0A1C1A803B1D1B8801335B08BB61ED
:106DE000FB687B61BB68FB61BB1D1A887B69D3189C
:106DF0008022D200944663443B62BB697B6221E0FF
:106E0000FB691A7812217B181A80FB6901331B7801
:106E10001BB21B021AB27B1800201B5E13431AB26E
:106E20007B181A803B6A7A1812881A803B6A0233F0
:106E30003B62FB690133FB61FB690133FB617B6AE8
:106E4000013B7B627B6A002BDAD1C046C046BD465F
:106E50000AB080BD80B58AB000AFF860B960190093
:106E6000BB1D1A803B1D0A1C1A803B1D1B885B083A
:106E70009BB2BB61FB687B61BB68FB61BB1D1A8871
:106E80007B69D3188022D200944663443B62BB697D
:106E90007B6218E03B6A1B889BB23B613B6A023312
:106EA0003B623B69DAB2FB691A70FB690133FB6133
:106EB0003B691B0ADAB2FB691A70FB690133FB619B
:106EC0007B6A013B7B627B6A002BE3D13B1D1B8805
:106ED000012213409BB2002B07D03B6A1B889BB258
:106EE0003B613B69DAB2FB691A70C046BD460AB025
:106EF00080BD80B582B000AF78600A00FB1C1A70BC
:106F0000786808230322812101F05FFE7B6801225B
:106F1000DA62102001F0DAFF01007A68AE239B00EC
:106F2000D1507A68AE239B00D358002B01D10223A5
:106F300006E07A68AE239B00D35800221A73002320
:106F40001800BD4602B080BD80B582B000AF786049
:106F50000A00FB1C1A707B688121180001F06CFE8E
:106F60007B680022DA627A68AE239B00D358002B3C
:106F70000BD07A68AE239B00D358180001F0B2FF03
:106F80007A68AE239B000021D15000231800BD4633
:106F900002B080BD80B588B000AF786039607A6893
:106FA000AE239B00D3583B611E23FB1800221A809E
:106FB0000023BB610E23FB1800221A801723FB1845
:106FC00000221A703B681B781A00602313403AD0E5
:106FD000202B00D0D6E03B685B780B2B08D026DC5A
:106FE0000A2B13D023DC022B19D0032B07D01EE071
:106FF0003B685B88DBB21A003B691A6022E03969A2
:107000007B680122180001F0BCFA1BE03B685B883A
:107010001B0A9BB2DBB21A003B695A6012E03B6963
:10702000191D7B680122180001F0ABFA0AE03A68EA
:107030007B681100180001F026FA1723FB180222C2
:107040001A70C046A9E03B685B780B2B00D175E055
:1070500000DD8BE00A2B57D000DD87E0002B02D04B
:10706000062B19D082E07A68A7239B00D35C032B00
:1070700007D10E23F9187B680222180001F081FA6B
:107080007FE03A687B681100180001F0FCF91723D3
:10709000FB1802221A7074E03B685B881B0A9BB2E3
:1070A000222B0BD13B68DB881E22BA1899B23F29EC
:1070B00000D93F2313803C4BBB611CE03B685B88DD
:1070C0001B0A9BB2212B0BD1384BBB613B68DB8881
:1070D0001E22BA1899B2092900D9092313800AE09F
:1070E0003A687B681100180001F0CDF91723FB18EE
:1070F00002221A7045E01E23FB181A88B9697B68C2
:10710000180001F03EFA3CE07A68A7239B00D35CAC
:10711000032B08D13B69083319007B680122180052
:1071200001F02FFA2DE03A687B681100180001F099
:10713000AAF91723FB1802221A7022E07A68A72303
:107140009B00D35C032B06D13B685B88DBB21A0043
:107150003B699A6015E03A687B681100180001F0FD
:1071600092F91723FB1802221A700AE03A687B682A
:107170001100180001F087F91723FB1802221A707A
:10718000C0460AE03A687B681100180001F07BF9FC
:107190001723FB1802221A70C0461723FB181B780E
:1071A0001800BD4608B080BDC8000020B000002017
:1071B00080B586B000AFF860B960BB1D1A80FA6870
:1071C000AE239B00D3587B61FA68A7239B00D35C56
:1071D000032B0DD17B691B7B002B09D17B6901221D
:1071E0001A73BB1D1B88BA68F868812101F000FE84
:1071F00000231800BD4606B080BD000080B582B0F7
:1072000000AF78607B6822221A80024B1800BD46CE
:1072100002B080BD4400002080B582B000AF78602D
:107220007B6822221A80024B1800BD4602B080BD46
:107230006800002080B582B000AF78607B682222B1
:107240001A80024B1800BD4602B080BD8C000020A1
:1072500080B582B000AF78600A00FB1C1A707A68B3
:10726000AE239B00D35800221A7300231800BD469A
:1072700002B080BD80B582B000AF78607B680A2222
:107280001A80024B1800BD4602B080BDBC00002031
:1072900080B584B000AFF860B960FB1D1A70FB6860
:1072A000002B01D1022320E0FA68AD239B00D358C4
:1072B000002B04D0FA68AD239B000021D150BB689D
:1072C000002B04D0FA68AC239B00B968D150FA684F
:1072D000A7239B000121D154FB68FA1D12781A7074
:1072E000FB68180001F0FCFB00231800BD4604B049
:1072F00080BD80B584B000AF786039600F203B1846
:1073000000221A703B68002B08D07A68AD239B00DE
:107310003968D1503B1800221A7003E00F23FB1884
:1073200002221A700F23FB181B781800BD4604B008
:1073300080BD80B582B000AF78607B68180001F036
:107340001FFC00231800BD4602B080BD80B582B08E
:1073500000AF786000231800BD4602B080BD90B534
:1073600085B000AF78600A00FB1C1A700F243B192F
:1073700002221A707A68AD239B00D358002B0ED0DE
:107380007A68AD239B00D3581B68FA1C11787A6881
:1073900010009847031E02D13B1900221A700F23D8
:1073A000FB181B781800BD4605B090BD80B582B0B3
:1073B00000AF78600A00FB1C1A707A68AD239B004E
:1073C000D3585B68FA1C11787A681000984700233C
:1073D0001800BD4602B080BD80B582B000AF7860B5
:1073E00039607B68AA229200944663443A6811008F
:1073F000180001F010F87A68A5239B000121D150F4
:107400007B68234A9B5A19007A68A6239B00D150B7
:107410007A68AA239B00D35C1A001F231340022B17
:1074200019D022D8002B02D0012B0AD01DE07B6896
:10743000AA2292009A187B681100180000F010FA36
:1074400020E07B68AA2292009A187B68110018003D
:1074500000F078FA16E07B68AA2292009A187B68FE
:107460001100180000F0C5FA0CE07A68AA239B000E
:10747000D35C7F229343DAB27B681100180001F0DD
:1074800006FCC04600231800BD4602B080BDC046C1
:10749000AE02000080B586B000AFF8607A600B20C5
:1074A0003B180A1C1A703B181B78002B54D1FB6840
:1074B0005533FF337B61FA68A5239B00D358032B18
:1074C00039D17B69DA687B691B699A4219D97B6972
:1074D000DA687B691B69D21A7B69DA607B69DA68D2
:1074E0007B691B699A4203D27B69DB689BB202E02D
:1074F0007B691B699BB27968F8681A0001F074F81F
:1075000045E0FA68AD239B00D3581B69002B0DD0D2
:10751000FA68A7239B00D35C032B07D1FA68AD233D
:107520009B00D3581B69FA6810009847FB68180045
:1075300001F06DF82BE0FA68A5239B00D358052BCA
:1075400025D1FA68A5239B000021D150FB680021BA
:10755000180001F09CFB1AE0FA68AD239B00D35899
:107560009B69002B11D0FA68A7239B00D35C032BE7
:107570000BD1FA68AD239B00D3589B690B22BA1834
:107580001178FA681000984701E0022300E0002318
:107590001800BD4606B080BD80B586B000AFF8606B
:1075A0007A600B203B180A1C1A703B181B78002BC2
:1075B00000D08EE0FB6814337B61FA68A5239B0042
:1075C000D358022B64D17B69DA687B691B699A42C4
:1075D00015D97B69DA687B691B69D21A7B69DA6025
:1075E0007B69DB689AB27968FB68180000F0E9FFF4
:1075F000F86800230022002101F031FC59E07B698A
:107600009A687B691B6919001000F8F703FE0B1ECE
:107610001FD17B699A687B691B699A4219D37B6980
:107620009A68F968A6239B00CB589A4211D2FB684E
:1076300000220021180000F0C4FFFA68A6239B0076
:107640000021D150F86800230022002101F007FC3E
:107650002FE0FA68AD239B00D358DB68002B0DD0D8
:10766000FA68A7239B00D35C032B07D1FA68AD23EC
:107670009B00D358DB68FA6810009847FB688021AC
:10768000180001F004FBFB68180000F0D4FF10E0C4
:10769000FA68A5239B00D358042B05D0FA68A523CC
:1076A0009B00D358002B04D1FB688021180001F007
:1076B000EEFAFA68A8239B00D35C012B24D1FB6867
:1076C0001800FFF743FEFA68A8239B000021D1545D
:1076D0001AE0FA68AD239B00D3585B69002B11D0E8
:1076E000FA68A7239B00D35C032B0BD1FA68AD2368
:1076F0009B00D3585B690B22BA181178FA68100006
:10770000984701E0022300E000231800BD4606B0C0
:1077100080BD80B582B000AF7860786840230022D9
:10772000002101F052FA7A68AC235B000121D150AC
:107730007A68B2235B004021D15078684023002250
:10774000802101F042FA7B6801229A617B68402225
:107750005A627A68A7239B000121D1547A68A52335
:107760009B000021D1507B6800225A607A68A923CF
:107770009B000021D1507A68AE239B00D358002B88
:107780000AD07A68AD239B00D3585A687B685B683F
:10779000D9B27B681800904700231800BD4602B09C
:1077A00080BD80B582B000AF78600A00FB1C1A7003
:1077B0007B68FA1C12781A7400231800BD4602B0C8
:1077C00080BD000080B582B000AF78607A68A723E2
:1077D0009B00D15C7B68064A99547A68A7239B007A
:1077E0000421D15400231800BD4602B080BDC0461C
:1077F0009D02000080B582B000AF78607A68A72350
:107800009B00D35C042B06D17B68054A995C7A689F
:10781000A7239B00D15400231800BD4602B080BDB1
:107820009D02000080B582B000AF78607A68A7231F
:107830009B00D35C032B0ED17A68AD239B00D358F9
:10784000DB69002B07D07A68AD239B00D358DB6936
:107850007A681000984700231800BD4602B080BD2A
:1078600080B584B000AF786039600F23FB18002228
:107870001A703B681B781A0060231340402B04D019
:107880004FD8002B0BD0202B4BD17A68AD239B0017
:10789000D3589B6839687A681000984748E03B687D
:1078A0005B78092B35D89A00254BD3181B689F4667
:1078B0003A687B681100180000F052FA30E03A682C
:1078C0007B681100180000F0FDFB29E03A687B6836
:1078D0001100180000F04AFC22E03A687B681100B1
:1078E000180000F0E7FC1BE03A687B681100180004
:1078F00000F01BFD14E03A687B681100180000F0EE
:107900004EFD0DE03A687B681100180000F05DFD47
:1079100006E03A687B681100180000F0B4FDC0462C
:1079200006E03A687B681100180000F0ACFDC04624
:107930000F23FB181B781800BD4604B080BDC0465D
:1079400058900008B0B584B000AF786039600F235C
:10795000FB1800221A703B681B781A006023134042
:10796000402B04D039D8002B01D0202B35D17A6898
:10797000A7239B00D35C013B022B25D83B689B8847
:10798000DBB2012B19D87A68AD239B00D3589B68D2
:107990000F257C1939687A68100098470300237016
:1079A0003B68DB88002B16D17B191B78002B12D18A
:1079B0007B68180000F02BFE0DE03A687B68110030
:1079C000180000F060FD06E03A687B6811001800BE
:1079D00000F059FD00E0C04606E03A687B681100FF
:1079E000180000F050FDC04600231800BD4604B04A
:1079F000B0BDB0B584B000AF786039600F23FB181C
:107A000000221A703B689A880E23FB181A703B6894
:107A10001B781A0060231340402B06D000D990E158
:107A2000002B0CD0202B00D08BE17A68AD239B007B
:107A3000D3589B6839687A681000984788E13B689A
:107A40001B781A0060231340202B0FD17A68AD23D6
:107A50009B00D3589B680F257C1939687A68100001
:107A60009847030023707B191B7874E13B685B78AF
:107A7000032B07D000DD5CE1002B00D192E0012B4D
:107A80004BD056E17A68A7239B00D35C022B02D02F
:107A9000032B1DD039E00E22BB181B78002B10D011
:107AA000BB181B78802B0CD0BB181A787B68110090
:107AB000180001F0ECF87B688021180001F0E7F86D
:107AC0002AE03A687B681100180000F0DCFC23E033
:107AD0003B685B88002B13D10E22BB181B78002B50
:107AE0000ED0BB181B78802B0AD03B68DB88002B9C
:107AF00006D1BB181A787B681100180001F0C7F88E
:107B00007B68180000F083FD06E03A687B6811008E
:107B1000180000F0B8FCC04612E17A68A7239B0069
:107B2000D35C022B02D0032B1DD032E00E22BB18F7
:107B30001B78002B10D0BB181B78802B0CD0BB18E7
:107B40001A787B681100180001F0A1F87B68802189
:107B5000180001F09CF824E03A687B6811001800D6
:107B600000F091FC1DE03B685B88002B18D10E21D2
:107B70007B181B787F22134006D07B181A787B680D
:107B80001100180001F0AEF87B68180000F03FFD0E
:107B900006E03A687B681100180000F074FC00E011
:107BA000C046CDE07A68A7239B00D35C022B02D0AD
:107BB000032B3CD0B5E00E22BB181B78002B0AD05B
:107BC000BB181B78802B06D03A687B681100180020
:107BD00000F059FCACE00E22BB181B785BB2002B06
:107BE0000CDABB181B787F221A4013009B009B18ED
:107BF0009B0010337A68D31804330DE00E23FB1872
:107C00001B787F221A4013009B009B189B00513366
:107C1000FF337A68D3180433BB60BB6800221A6054
:107C2000B9687B680222180000F0ABFC80E00E22ED
:107C3000BB181B785BB2002B14DABB181B780F2221
:107C40001A40796813009B009B189B00CB181833CF
:107C50001B68002B1ED13A687B681100180000F0E9
:107C600012FC65E00E23FB181B780F221A4078687F
:107C7000AC23590013009B009B189B00C3185B1892
:107C80001B68002B06D13A687B681100180000F0D1
:107C9000FAFB4DE00E22BB181B785BB2002B0CDA0E
:107CA000BB181B787F221A4013009B009B189B0077
:107CB00010337A68D31804330DE00E23FB181B78B9
:107CC0007F221A4013009B009B189B005133FF3307
:107CD0007A68D3180433BB600E22BB181B78002BC4
:107CE00003D0BB181B78802B03D1BB6800221A601D
:107CF00010E00E23FB181A787B681100180001F0C1
:107D00001CF8031E03D0BB6801221A6002E0BB68A6
:107D100000221A60B9687B680222180000F031FC6A
:107D200006E03A687B681100180000F0ACFBC04622
:107D300006E03A687B681100180000F0A4FBC0461A
:107D400006E03A687B681100180000F09CFBC04612
:107D50000F23FB181B781800BD4604B0B0BD00000F
:107D600080B584B000AF786039600823FB1800222A
:107D70001A800023FB600B23FB1800221A703B685B
:107D80005B881B0A9BB2072B00D959E19A00CB4BA9
:107D9000D3181B689F467A68AC239B00D3581B6896
:107DA0007A68127C08217918100098470300FB605C
:107DB00053E17B681B7C002B0FD17A68AD239B00BD
:107DC000D3589B6A0822BA18100098470300FB603A
:107DD000FB68013302221A703FE17A68AD239B00F1
:107DE000D358DB6A0822BA18100098470300FB60DA
:107DF000FB68013302221A702FE13B685B88DBB21B
:107E0000052B00D9D0E09A00AD4BD3181B689F46D4
:107E10007A68AC239B00D3585B68002B0DD07A683E
:107E2000AC239B00D3585B687A68127C08217918D0
:107E3000100098470300FB60C3E03A687B681100BC
:107E4000180000F020FB0B217B181A787B180132F8
:107E50001A70B6E07A68AC239B00D3589B68002B5D
:107E60000DD07A68AC239B00D3589B687A68127C4B
:107E700008217918100098470300FB60A1E03A68D8
:107E80007B681100180000F0FEFA0B217B181A78AD
:107E90007B1801321A7094E07A68AC239B00D358A7
:107EA000DB68002B0DD07A68AC239B00D358DB68CD
:107EB0007A68127C08217918100098470300FB604B
:107EC0007FE03A687B681100180000F0DCFA0B21B3
:107ED0007B181A787B1801321A7072E07A68AC232A
:107EE0009B00D3581B69002B0DD07A68AC239B00F4
:107EF000D3581B697A68127C0821791810009847BA
:107F00000300FB605DE03A687B681100180000F038
:107F1000BAFA0B217B181A787B1801321A7050E0DC
:107F20007A68AC239B00D3585B69002B0DD07A682C
:107F3000AC239B00D3585B697A68127C08217918BE
:107F4000100098470300FB603BE03A687B68110033
:107F5000180000F098FA0B217B181A787B18013270
:107F60001A702EE07A68AC239B00D3589B69002BD3
:107F70000DD07A68AC239B00D3589B697A68127C39
:107F800008217918100098470300FB6019E03A684F
:107F90007B681100180000F076FA0B217B181A7824
:107FA0007B1801321A700CE03A687B6811001800E7
:107FB00000F069FA0B217B181A787B1801321A70CD
:107FC0004BE04AE07B681B7C002B0BD17A68AD2329
:107FD0009B00D3585B6B0822BA1810009847030027
:107FE000FB603AE03A687B681100180000F04BFA39
:107FF0000B217B181A787B1801321A702DE07B68F0
:108000001B7C002B0FD17A68AD239B00D3581B6BD0
:108010000822BA18100098470300FB60FB68013380
:1080200007221A7019E03A687B681100180000F006
:108030002AFA0B217B181A787B1801321A700CE08F
:108040003A687B681100180000F01DFA0B217B18BC
:108050001A787B1801321A70C0460B23FB181B7864
:10806000002B27D108217B181B88002B19D03B68D7
:10807000DB88002B15D03B68DA887B181B88181C1E
:10808000111C8AB283B29A4200D9011C8AB208211B
:108090007B181A807B181A88F9687B68180000F032
:1080A00070FA3B68DB88002B05D17B68180000F074
:1080B000AEFA00E0C046BD4604B080BD8090000826
:1080C000A090000890B585B000AF786039603B683B
:1080D0009B88002B3DD13B68DB88002B39D13B6866
:1080E0005B887F2B35D83B685B88DAB20F23FB189F
:1080F0007F210A401A707A68A7239B00D35C032B68
:1081000006D13A687B681100180000F0BCF927E03E
:108110007B680F243A19144912785A543B191A787B
:108120007B681100180000F038FE7B68180000F032
:108130006EFA3B191B78002B05D07A68A7239B00A9
:108140000221D1540CE07A68A7239B000121D1546D
:1081500006E03A687B681100180000F094F9C04608
:10816000C046BD4605B090BD9E02000080B582B0FD
:1081700000AF786039603B685B88DAB24C4B1A70AC
:108180004B4B1B78012B06D93A687B68110018000D
:1081900000F079F988E07A68A7239B00D35C022B72
:1081A00002D0032B29D071E0414B1B78002B1FD04C
:1081B0003F4B1B781A007B685A607A68A7239B00A4
:1081C0000321D1543A4B1A787B6811001800FFF74D
:1081D000C6F80300022B06D13A687B68110018002C
:1081E00000F051F960E07B68180000F010FA5BE0E5
:1081F0007B68180000F00BFA56E02D4B1B78002B23
:1082000015D17A68A7239B000221D154284B1B78F3
:108210001A007B685A60264B1A787B681100180098
:10822000FFF7C4F87B68180000F0F1F93CE0204B40
:108230001B781A007B685B689A4222D07B685B6877
:10824000DAB27B6811001800FFF7B0F8184B1B7802
:108250001A007B685A60164B1A787B681100180068
:10826000FFF77DF80300022B06D13A687B68110006
:10827000180000F008F917E07B68180000F0C7F953
:1082800012E07B68180000F0C2F90DE03A687B68E4
:108290001100180000F0F7F8054B1A787B68110000
:1082A0001800FFF783F8C046BD4602B080BDC04647
:1082B000F401002080B582B000AF786039603B687F
:1082C000DB88012B06D03A687B681100180000F0AB
:1082D000DAF826E07A68A7239B00D35C022B02DC45
:1082E000002B03DC16E0032B0CD013E07B6800228C
:1082F0009A607B68083319007B680122180000F03F
:1083000040F90EE07B68191D7B680122180000F01F
:1083100038F906E03A687B681100180000F0B3F8FD
:10832000C046C046BD4602B080BD80B582B000AF39
:10833000786039607A68A7239B00D35C013B022BED
:1083400022D83B68DB88022B06D03A687B68110094
:10835000180000F098F81EE07B680122DA607A6865
:10836000A9239B00D358002B05D07B68DB68022231
:108370001A437B68DA607B680C3319007B68022241
:10838000180000F0FEF806E03A687B68110018005B
:1083900000F079F8C046C046BD4602B080BD80B549
:1083A00082B000AF786039603B685B88012B08D1F0
:1083B0007A68A9239B000121D1507B68180000F046
:1083C00026F9C046BD4602B080BD80B582B000AF80
:1083D000786039607A68A7239B00D35C013B022B4D
:1083E0000DD83B685B88012B10D17A68A9239B00CC
:1083F0000021D1507B68180000F009F906E03A68C6
:108400007B681100180000F03EF800E0C046C0464E
:10841000BD4602B080BD80B582B000AF78603960E3
:108420003B681A787B681A703B685A787B685A7088
:108430003B6802331B781A003B6803331B781B022E
:108440009BB2D3189AB27B685A803B6804331B787E
:108450001A003B6805331B781B029BB2D3189AB2F3
:108460007B689A803B6806331B781A003B680733A9
:108470001B781B029BB2D3189AB27B68DA80C04685
:10848000BD4602B080BD80B582B000AF7860396073
:108490007B688021180000F0FAFB7B68002118003F
:1084A00000F0F5FBC046BD4602B080BD90B587B078
:1084B00000AFF860B9607A6017243B1900221A7087
:1084C000FB68002B3CD0FB68180000F03DF803006F
:1084D00001339BB2DB189AB27B681A803B191B7878
:1084E0003A19591C11701A00BB689B187A681278E7
:1084F0001A703B191B783A19591C11701A00BB6885
:108500009B1803221A7017E0FB685A1CFA601724A4
:108510003A1912783919501C08701100BA685218AB
:108520001B7813703B191B783A19591C11701A00EB
:10853000BB689B1800221A70FB681B78002BE3D1E4
:10854000C046BD4607B090BD80B584B000AF78602E
:108550000F23FB1800221A7008E00F217B181A78ED
:108560007B1801321A707B6801337B607B681B7853
:10857000002BF2D10F23FB181B781800BD4604B066
:1085800080BD80B584B000AFF860B960BB1D1A80B3
:10859000FA68A5239B000221D150BB1D1A88FB68F5
:1085A000DA61BB1D1A88FB681A62BB1D1B88BA689A
:1085B000F868002100F01CFC00231800BD4604B040
:1085C00080BD80B584B000AFF860B960BB1D1A8073
:1085D000BB1D1B88BA68F868002100F009FC002365
:1085E0001800BD4604B080BD80B584B000AFF8600F
:1085F000B960BB1D1A80BB1D1B88BA68F8680021D2
:1086000000F02DFC00231800BD4604B080BD80B5ED
:1086100082B000AF78607A68A5239B000421D15016
:10862000786800230022002100F0E2FB00231800FC
:10863000BD4602B080BD80B582B000AF78607A6878
:10864000A5239B000521D15078680023002200213A
:1086500000F005FC00231800BD4602B080BD0000FC
:1086600080B500AF0F49104B00221800FEF710FE36
:10867000031E01D0F8F7F2FC0C4A0B4B1100180056
:10868000FEF737FE031E01D0F8F7E8FC064B180092
:10869000FEF74FFE031E01D0F8F7E0FCC046BD46D2
:1086A00080BDC04608010020F80100200C00002019
:1086B00080B582B000AF02003960FB1D1A703B68C4
:1086C00012221A80024B1800BD4602B080BDC0467F
:1086D0002401002080B582B000AF02003960FB1D8C
:1086E0001A703B6804221A80024B1800BD4602B083
:1086F00080BDC0463801002080B582B000AF0200C6
:108700003960FB1D1A70FB1D1B78002B06D13A68DF
:108710000849094B1800FFF7C9FE05E03A6805490A
:10872000054B1800FFF7C2FE024B1800BD4602B011
:1087300080BDC046BC040020E08F000880B582B038
:1087400000AF02003960FB1D1A703A680449054BFE
:108750001800FFF7ABFE024B1800BD4602B080BD0B
:10876000BC040020F88F000880B582B000AF020082
:108770003960FB1D1A703B681A221A8000F04CF811
:10878000024B1800BD4602B080BDC0463C0100202F
:1087900080B582B000AF02003960FB1D1A70FB1D6E
:1087A0001B78002B06D13A680849094B1800FFF7DF
:1087B0007DFE05E03A680549054B1800FFF776FE97
:1087C000024B1800BD4602B080BDC046BC0400206C
:1087D0000C90000880B582B000AF02003960FB1D2C
:1087E0001A70FB1D1B78002B06D13A680849094B0B
:1087F0001800FFF75BFE05E03A680549054B1800D5
:10880000FFF754FE024B1800BD4602B080BDC046C3
:10881000BC0400201890000880B584B000AF104B55
:108820001B68FB600F4B1B68BB600F4B1B687B60BA
:10883000FA687B68D318FB60FB68002B0BD00B49F0
:10884000FB680822180000F015F80949BB680422EB
:10885000180000F00FF8C046BD4604B080BDC04609
:10886000ACF7FF1FB0F7FF1FB4F7FF1F3E0100205A
:108870004E01002080B586B000AFF860B960FB1DE6
:108880001A7017217B1800221A707B1800221A70A8
:108890002FE0FB681B0F092B0DD8FB681B0FDAB20A
:1088A0001723FB181B785B001900BB685B1830327C
:1088B000D2B21A700CE0FB681B0FDAB21723FB1858
:1088C0001B785B001900BB685B183732D2B21A7094
:1088D000FB681B01FB6017217B181B785B000133D1
:1088E000BA68D31800221A707B181A787B180132E4
:1088F0001A701723FA18FB1D12781B789A42C8D3F6
:10890000C046C046BD4606B080BD000080B584B0FC
:1089100000AF78607B681B680E4A934215D10E4BFE
:10892000DA690D4B802109040A43DA610A4BDA69DE
:1089300080231B041340FB60FB68002200211F20E2
:10894000F9F744FC1F20F9F756FCC046BD4604B0B9
:1089500080BDC046005C00400010024080B582B07F
:1089600000AF78607A68B6239B00D2587B68A62156
:1089700089008C46634419001000FEF72DFDC046A7
:10898000BD4602B080BD90B583B000AF78600A00EC
:10899000FB1C1A707A68B6239B00D458FB1C1A780B
:1089A0007868B223590013009B009B18DB00C318A2
:1089B0005B181A68FB1C1B7819002000FEF76AFD83
:1089C000C046BD4603B090BD80B582B000AF7860B0
:1089D0000A00FB1C1A707A68B6239B00D058FB1C57
:1089E0001A78796813009B009B18DB00CB1824339E
:1089F0001A68FB1C1B781900FEF7CEFDC046BD4669
:108A000002B080BD80B582B000AF78607A68B623CE
:108A10009B00D3581800FEF705FFC046BD4602B0C4
:108A200080BD80B584B000AF78600F23FB180122B1
:108A30001A707B685B79022B01D0F8F70FFB7A681C
:108A4000B6239B00D2580F23FB181B781900100087
:108A5000FEF7A7FE7A68B6239B00D3581800FEF7EE
:108A600058FEC046BD4604B080BD000080B582B04F
:108A700000AF78607A68B6239B00D3581800FEF7E1
:108A8000A1FE7B685B7A002B05D0054B1A69044B6D
:108A900006210A431A61C046BD4602B080BDC046E9
:108AA00000ED00E080B582B000AF78607B685B7A53
:108AB000002B07D0094B1A69084B06218A431A611B
:108AC00000F018FA7A68B6239B00D3581800FEF716
:108AD00091FEC046BD4602B080BDC04600ED00E03C
:108AE00080B582B000AF7860234AB6239B007968D6
:108AF000D1507A68B0239B001F49D1501E4B1F4AAA
:108B00001A601D4B08221A711B4B02225A711A4B14
:108B10000222DA71184B00225A72174B00229A7205
:108B2000154B0022DA72144B1800F9F731FD031EC1
:108B300001D0F8F793FA7A68B0239B00D058182335
:108B400000220021FBF7CAFA7A68B0239B00D058B4
:108B5000582300228021FBF7C1FA7A68B0239B00DA
:108B6000D05880235B0000228121FBF7B7FA002355
:108B70001800BD4602B080BDBC060020005C00406D
:108B8000F0B585B000AF78600F217B1800221A7015
:108B90000E26BB1900221A707A68B0239B00D358A6
:108BA0000D007C181800F9F7E7FD03002370BC19CD
:108BB0007B191B78180000F0A4F903002370BB197F
:108BC0001B781800BD4605B0F0BDF0B585B000AF0C
:108BD00078600C0010001900FB1C221C1A70BB1CD2
:108BE000021C1A703B000A1C1A800F26BB190022B7
:108BF0001A700E257B1900221A707A68B0239B0028
:108C0000D058BC19BB1C1D783B001A88FB1C197876
:108C10002B00F9F745FF030023700E257C19BB19C3
:108C20001B78180000F06DF9030023707B191B7886
:108C30001800BD4605B0F0BDF0B585B000AF786056
:108C40000A00FB1C1A700F217B1800221A700E26D6
:108C5000BB1900221A707A68B0239B00D2580D000D
:108C60007C18FB1C1B7819001000F9F788FF030023
:108C70002370BC197B191B78180000F042F903001F
:108C80002370BB191B781800BD4605B0F0BDF0B5C8
:108C900085B000AF78600A00FB1C1A700F217B18AA
:108CA00000221A700E26BB1900221A707A68B023AF
:108CB0009B00D2580D007C18FB1C1B78190010007B
:108CC000FAF721F803002370BC197B191B781800F0
:108CD00000F017F903002370BB191B781800BD467C
:108CE00005B0F0BDF0B585B000AF78600A00FB1CA0
:108CF0001A700F217B1800221A700E26BB19002251
:108D00001A707A68B0239B00D2580D007C18FB1CA7
:108D10001B7819001000FAF752F803002370BC19F1
:108D20007B191B78180000F0ECF803002370BB19C6
:108D30001B781800BD4605B0F0BD80B584B000AF0B
:108D400078600A00FB1C1A707A68B0239B00D35825
:108D5000FB60FB1C1B785BB2002B0CDAFB1C1B7846
:108D60007F221A40F96813009B009B18DB00CB1888
:108D700012331B780DE0FB1C1B787F221A40F86829
:108D8000A923590013009B009B18DB00C3185B1834
:108D90001B781800BD4604B080BDF0B585B000AFAB
:108DA00078600A00FB1C1A700F217B1800221A70D1
:108DB0000E26BB1900221A707A68B0239B00D25885
:108DC0000D007C18FB1C1B7819001000F9F73EFE03
:108DD00003002370BC197B191B78180000F091F870
:108DE00003002370BB191B781800BD4605B0F0BD09
:108DF000F0B587B000AFF86008007A6019000B2367
:108E0000FB18021C1A7008243B190A1C1A8017212F
:108E10007B1800221A7016257B1900221A70FA6836
:108E2000B0239B00D0583B191D880E007C187A682F
:108E30000B23FB1819782B00F9F729FF0300237087
:108E400016257C19BB191B78180000F05AF803008E
:108E500023707B191B781800BD4607B0F0BDF0B534
:108E600087B000AFF86008007A6019000B23FB1888
:108E7000021C1A7008243B190A1C1A8017217B183F
:108E800000221A7016257B1900221A70FA68B02386
:108E90009B00D0583B191D880E007C187A680B2364
:108EA000FB1819782B00F9F7BBFE03002370162579
:108EB0007C19BB191B78180000F023F803002370FD
:108EC0007B191B781800BD4607B0F0BD80B582B095
:108ED00000AF7860024B1800BD4602B080BDC046AE
:108EE0009809002080B582B000AF7860C046BD46CA
:108EF00002B080BD80B500AFF7F7B4FFC046BD46F5
:108F000080BD80B584B000AF0200FB1D1A700F2336
:108F1000FB1800221A70FB1D1B78032B17D01BDCDB
:108F2000022B0FD018DC002B02D0012B05D013E050
:108F30000F23FB1800221A7013E00F23FB180222E4
:108F40001A700EE00F23FB1801221A7009E00F239C
:108F5000FB1802221A7004E00F23FB1802221A7079
:108F6000C0460F23FB181B781800BD4604B080BD17
:108F700003008218934200D1704719700133F9E75A
:108F800070B500260C4C0D4D641BA410A64209D1EF
:108F9000002600F019F80A4C0A4D641BA410A642E2
:108FA00005D170BDB300EB5898470136EEE7B3002A
:108FB000EB5898470136F2E7B8900008B8900008DF
:108FC000BC900008B8900008F8B5C046F8BC08BCD2
:108FD0009E467047F8B5C046F8BC08BC9E46704730
:108FE00053544D33322048756D616E20696E74653F
:108FF000726661636500000053544D6963726F656A
:109000006C656374726F6E69637300004849442035
:10901000436F6E666967000048494420496E746575
:10902000726661636500000000000000000000003F
:1090300001020304060708090203040506070809DC
:109040000A0B0C0D0E0F1010010203040506070891
:10905000090A0B0C0D0E0F10E878000804790008BF
:1090600012790008F678000812790008BE78000826
:10907000B078000812790008DA780008CC78000887
:1090800040800008967D0008B27D0008FA7D000847
:109090004080000840800008C47F0008FE7F000870
:1090A000107E0008547E0008987E0008DC7E0008D0
:0890B000207F0008647F000826
:0490B800E9000008C3
:0490BC00C1000008E7
:1090C00000127A000400000001000000F36E0008A6
:1090D000496F0008956F00080000000000000000C4
:1090E00051720008000000000000000000000000B5
:1090F0000000000019720008FD71000835720008B8
:109100007572000809022200010100E03209040022
:10911000000103010100092111010001223F0007A4
:1091200005810308000A000009022200010100E095
:1091300032090400000103010200092111010001AC
:10914000223F0007058103080007000009022200F2
:10915000010100E0320904000001030102000921BD
:1091600011010001223F000705810308000A0000E9
:10917000092111010001223F000000000A0600023F
:10918000000000400100000005010906A1010507DB
:1091900019E029E71500250175019508810295015F
:1091A00075088103950575010508190129059102C6
:1091B000950175039103950675081500256505074A
:1091C000190029658100C000B1860008D586000815
:1091D0003D870008F9860008698700089187000824
:1091E000D5870008120100020000004083042B57BD
:1091F0000002010203010000040309041A03000035
:10920000000000000000000000000000000000005E
:08921000000000000000000056
:04000005080011CD11
:00000001FF
