:020000040800F2
:10000000004000200111000891100008991000081C
:1000100000000000000000000000000000000000E0
:10002000000000000000000000000000A110000817
:100030000000000000000000AB100008B510000830
:100040005111000851110008511100085111000808
:1000500051110008511100085111000851110008F8
:1000600051110008511100085111000851110008E8
:1000700051110008511100085111000851110008D8
:1000800051110008511100085111000851110008C8
:1000900051110008511100085111000851110008B8
:1000A00051110008511100085111000851110008A8
:1000B0005111000851110008C5100008DD1000089A
:1000C00010B5064C2378002B07D1054B002B02D02E
:1000D000044800E000BF0123237010BD5801002038
:1000E00000000000FC8E0008044B10B5002B03D06C
:1000F0000349044800E000BF10BDC04600000000F6
:100100005C010020FC8E0008002243088B4274D35F
:1001100003098B425FD3030A8B4244D3030B8B4208
:1001200028D3030C8B420DD3FF22090212BA030C11
:100130008B4202D31212090265D0030B8B4219D3F2
:1001400000E0090AC30B8B4201D3CB03C01A524112
:10015000830B8B4201D38B03C01A5241430B8B425A
:1001600001D34B03C01A5241030B8B4201D30B0343
:10017000C01A5241C30A8B4201D3CB02C01A52416A
:10018000830A8B4201D38B02C01A5241430A8B422D
:1001900001D34B02C01A5241030A8B4201D30B0216
:1001A000C01A5241CDD2C3098B4201D3CB01C01A30
:1001B000524183098B4201D38B01C01A524143093A
:1001C0008B4201D34B01C01A524103098B4201D328
:1001D0000B01C01A5241C3088B4201D3CB00C01A95
:1001E000524183088B4201D38B00C01A524143080D
:1001F0008B4201D34B00C01A5241411A00D2014632
:10020000524110467047FFE701B5002000F006F8A4
:1002100002BDC0460029F7D076E770477047C04658
:1002200080B582B000AF78600E4B0F4A786800212D
:1002300001F058FB031E10D19023DB0501211800AB
:1002400002F025F9094B01221A70074B1B69012B9B
:1002500003D1044B1A78064B1A70C046BD4602B053
:1002600080BDC046D8010020B4010020E401002078
:10027000E601002080B582B000AF78609023DB05F6
:100280000121180002F003F9FA235B00180000F0C6
:10029000C5FF9023DB050221180002F0F8F8C046E4
:1002A000BD4602B080BD000080B500AF00F052FF37
:1002B00000F072FD00F024FE00F0C2FD08F06AF9C3
:1002C0008C4B992292001A608A4B00225A60894B0B
:1002D0000022DA60874B00229A60864B08221A615E
:1002E000844B00221A75844B180001F0ABF9824B45
:1002F0000221180001F021FC7E4B03221A617F4B82
:10030000E0221A707D4B01225A707C4B00229A70B9
:10031000C046794B180001F0ADFA031EF9D0784BB6
:10032000764A7449744801F0D3F9031E05D190232D
:10033000DB050221180002F0AAF8724B1B78002B93
:10034000FBD0714B1B69032B31D1704B1B78E02B19
:100350002DD16E4B5B78012B29D16C4B9B78002BF8
:1003600025D16B4B00221A70624B03221A61634B3A
:10037000E0221A70614B01225A70604B00229A7081
:10038000C0465D4B180001F075FA031EF9D05C4BB6
:100390005A4A5849584801F09BF9031E00D0E0E042
:1003A0009023DB050221180002F071F8D9E0564BCA
:1003B0001B69022B00D072E0544B1B78E12B6ED1ED
:1003C000524B5B78012B6AD14A4B07221A61504B82
:1003D0001B780F221340DBB21033DAB2474B1A708E
:1003E000464B15225A70454B01229A70434B01220D
:1003F000DA70424B02221A71404B00225A713F4B75
:1004000000229A71C0463C4B180001F033FA031EDB
:10041000F9D03B4B394A3749374801F059F9031EA7
:100420000BD19023DB050221180002F030F8384B85
:100430001B780133DAB2364B1A702E4B04221A6144
:10044000334B1B780F221340DBB21033DAB22B4B45
:100450001A702A4B27225A70284B02229A70274B77
:100460000022DA70C046244B180001F003FA031E84
:10047000F9D0234B214A1F491F4801F029F9031ED7
:1004800000D06EE09023DB050221180001F0FFFF91
:100490001F4B1B780133DAB21D4B1A7061E01A4B07
:1004A0001B69022B36D1194B1B78A32B32D1174B6A
:1004B0005B78002B2ED10F4B02221A610F4BE122E9
:1004C0001A700E4B01225A70C0460B4B180001F0F7
:1004D000D1F9031EF9D00A4B084A0649064801F033
:1004E000F7F8031E3DD19023DB050221180001F02F
:1004F000CEFF36E09C01002074010020D0010020D6
:10050000E0010020E4010020B4010020D801002017
:10051000E6010020D04B1B69012B22D9CF4B0122D1
:100520001A61CF4B1B780133DBB20F221340DBB2D1
:10053000503BDAB2CB4B1A70C046CB4B180001F0DF
:1005400099F9031EF9D0C94BC64AC449C64801F0FF
:10055000BFF8031E05D19023DB050221180001F02E
:1005600096FFBD4B1B69032B34D1BD4B5B78002B31
:1005700030D1BB4B9B78012B2CD1B84B03221A6195
:10058000BB4B1B780F221340DBB21033DAB2B54BF2
:100590001A70B44B01225A70B24B01229A70C046B5
:1005A000B14B180001F066F9031EF9D0AF4BAD4A0C
:1005B000AA49AD4801F08CF8031E0BD19023DB054E
:1005C0000221180001F063FFA94B1B780133DAB256
:1005D000A74B1A70A04B1B69022B00D0F7E0A04B71
:1005E0005B78082B00D0F2E09C4B08221A61A04BEC
:1005F0001B780F221340DAB29A4B1A70994B0922DA
:100600005A70984B01229A70964B0122DA70954BE2
:1006100020221A71934B44225A71924B33229A71C1
:10062000904B3122DA71C0468F4B180001F022F94D
:10063000031EF9D08D4B8B4A88498B4801F048F84E
:10064000031E0BD19023DB050221180001F01FFFD0
:10065000874B1B780133DAB2854B1A70052000F006
:10066000DDFD7E4B08221A61814B1B780F2213405F
:10067000DAB27C4B1A707B4B31225A70794B3122A3
:100680009A70784B3122DA70764B31221A71754BA1
:1006900031225A71734B31229A71724B3122DA71C5
:1006A000C046714B180001F0E5F8031EF9D06F4BFE
:1006B0006C4A6A496C4801F00BF8031E0BD1902379
:1006C000DB050221180001F0E2FE694B1B780133C3
:1006D000DAB2674B1A70052000F0A0FD5F4B0822CC
:1006E0001A61634B1B780F221340DAB25D4B1A700C
:1006F0005C4B00225A705B4B32229A70594B32226B
:10070000DA70584B32221A71564B32225A71554BBD
:1007100032229A71534B3222DA71C046524B180082
:1007200001F0A8F8031EF9D0504B4E4A4B494E48F1
:1007300000F0CEFF031E0BD19023DB050221180031
:1007400001F0A5FE4A4B1B780133DAB2484B1A7010
:10075000052000F063FD414B08221A61444B1B78D1
:100760000F221340DBB21033DAB23E4B1A703D4B0E
:1007700032225A703B4B32229A703A4B3222DA7054
:10078000384B32221A71374B00225A71354B2222D4
:100790009A71344B1122DA71C046334B180001F0C4
:1007A00069F8031EF9D0314B2E4A2C492E4800F02F
:1007B0008FFF031E0BD19023DB050221180001F0EF
:1007C00066FE2B4B1B780133DAB2294B1A70224B91
:1007D0001B69052B00D0C5E1214B5B78302B00D085
:1007E000C0E11F4B9B78012B00D0BBE1214B1B7854
:1007F0000133DAB21F4B1A70194BDB78402B08D14A
:100800001D4B62229A701C491C4B0822180006F0EE
:1008100069FC134BDB78412B08D1174B59229A7096
:100820001549164B0822180006F05CFC0C4BDB78CF
:10083000422B30D1124B1B7801225340DBB2002BEC
:1008400020D00D4B52229A700B490C4B08221800F5
:1008500006F048FC1FE0C046B40100209C010020C7
:10086000D8010020D001002074010020E001002008
:10087000E6010020E7010020E8010020F801002047
:10088000E5010020AD4B5A229A70AC49AC4B0822CE
:10089000180006F027FCAB4BDB78432B08D1A74BA5
:1008A0005B229A70A549A64B0822180006F01AFC94
:1008B000A44BDB78442B19D1A34B1B780122534066
:1008C000DBB2002B09D09D4B50229A709B499C4B68
:1008D0000822180006F006FC08E0984B5C229A708B
:1008E0009649974B0822180006F0FCFB954BDB78E5
:1008F000452B2BD1954B1B78282B0DD1924B1B7878
:100900005A1E9341DBB201225340DBB21A1C012371
:100910001340DAB28C4B1A708B4B1B780122534078
:10092000DBB2002B09D0854B28229A708349844B77
:100930000822180006F0D6FB08E0804B5D229A7072
:100940007E497F4B0822180006F0CCFB7D4BDB78FC
:10095000462B19D17C4B1B7801225340DBB2002B74
:1009600009D0764B4F229A707449754B08221800B3
:1009700006F0B8FB08E0714B5E229A706F49704B2D
:100980000822180006F0AEFB6E4BDB78472B08D12F
:100990006A4B5F229A706949694B0822180006F079
:1009A000A1FB684BDB78482B19D1674B1B780122E0
:1009B0005340DBB2002B09D0604B51229A705F4943
:1009C0005F4B0822180006F08DFB08E05B4B6022AD
:1009D0009A705A495A4B0822180006F083FB594B6B
:1009E000DB78492B08D1554B61229A705349544BFF
:1009F0000822180006F076FB524BDB78502B40D1D2
:100A0000524B1B78012B08D14C4B55229A704B4905
:100A10004B4B0822180006F065FB4C4B1B78282B2B
:100A20002FD14B4B04221A614A4B1B780F221340E3
:100A3000DBB21033DAB2484B1A70474B2D225A7092
:100A4000454B01229A70444B0122DA70C046434B59
:100A5000180000F00FFF031EF9D0414B3E4A3C49FD
:100A60003E4800F035FE031E0BD19023DB0502212A
:100A7000180001F00CFD374B1B780133DAB2354B0F
:100A80001A70304BDB78512B08D12C4B63229A70B3
:100A90002A492B4B0822180006F024FB294BDB784F
:100AA000622B08D1254B05229A702449244B082239
:100AB000180006F017FB234BDB78632B08D11F4B84
:100AC00011229A701D491E4B0822180006F00AFBDD
:100AD0001C4BDB78682B08D1184B11229A701749F0
:100AE000174B0822180006F0FDFA164BDB78692B2D
:100AF00008D1124B05229A701049114B0822180098
:100B000006F0F0FA0F4BDB78712B08D10B4B282243
:100B10009A700A490A4B0822180006F0E3FA094BBA
:100B2000DB78802B36D1054B2A229A700349044B7F
:100B30000822180006F0D6FA2CE0C046E801002092
:100B4000F8010020D8010020E5010020E701002085
:100B50009C010020E6010020D0010020740100204B
:100B6000E0010020864B1B69052B13D1854B5B7878
:100B7000302B0FD1834B9B78022B0BD1824B002261
:100B80001A70824B00229A708049814B082218000B
:100B900006F0A8FA7A4B1B69052B35D1794B5B78A7
:100BA000342B31D1774B9B78012B14D1774B4F22CB
:100BB0009A707649764B0822180006F093FA322094
:100BC00000F02CFB714B00229A707049704B082288
:100BD000180006F087FA6B4B9B78022B14D16B4BF5
:100BE00050229A7069496A4B0822180006F07AFA76
:100BF000322000F013FB654B00229A706349644B6E
:100C00000822180006F06EFA5D4B1B69032B35D1E4
:100C10005C4B5B782A2B31D15A4B9B78012B14D13A
:100C20005A4B3A229A705949594B0822180006F03B
:100C300059FA322000F0F2FA544B00229A705349CC
:100C4000534B0822180006F04DFA4E4B9B78022BAE
:100C500014D14E4B3B229A704C494D4B0822180040
:100C600006F040FA322000F0D9FA484B00229A7080
:100C70004649474B0822180006F034FA404B1B69DE
:100C8000032B1CD13F4B5B782C2B18D13D4B9B7811
:100C9000012B14D13D4B3A229A703C493C4B08221F
:100CA000180006F01FFA322000F0B8FA374B002285
:100CB0009A703649364B0822180006F013FA304B6A
:100CC0001B69032B35D12F4B5B783A2B31D12D4B40
:100CD0009B78002B14D12D4B3A229A702B492C4B28
:100CE0000822180006F0FEF9322000F097FA274B90
:100CF00000229A702549264B0822180006F0F2F9C6
:100D0000204B9B78012B14D1204B3B229A701F491A
:100D10001F4B0822180006F0E5F9322000F07EFA99
:100D20001A4B00229A701949194B0822180006F034
:100D3000D9F9134B1B69032B1CD1124B5B78362B53
:100D400018D1104B9B78022B14D1104B3E229A7075
:100D50000E490F4B0822180006F0C4F9322000F0AB
:100D60005DFA0A4B00229A700849094B08221800C4
:100D700006F0B8F9074B00221A70FFF7DEFAC046FA
:100D8000B4010020D8010020E7010020E801002084
:100D9000F8010020E401002090B599B000AF2C24A8
:100DA0003B19180034231A00002108F07BF81C239B
:100DB000FB18180010231A00002108F073F83B00FC
:100DC00018001C231A00002108F06CF83B1920229F
:100DD0001A603B1901221A623B1900225A623B1920
:100DE000180003F099F9031E01D000F0D1F81C217E
:100DF0007B1807221A607B1803225A607B18002296
:100E00009A607B180022DA607B180121180003F039
:100E100009FD031E01D000F0BBF83B0080229202C6
:100E20001A603B0000229A613B00180003F046FE66
:100E3000031E01D000F0ACF8C046BD4619B090BD0D
:100E400080B58AB000AF2B4B2B4A1A60294B242265
:100E50005A60284B00229A60264B0022DA60254B0C
:100E6000C02212031A61234B802252035A61214B84
:100E700000221A761F4B01225A761E4B00229A76C8
:100E80001C4B0122DA761B4B00221A77194B0122E8
:100E90005A77184B180000F0E5F9031E01D000F056
:100EA00077F83B0000225A613B0001229A613B0027
:100EB0000122DA613B00114A1A603B0000225A60AD
:100EC0003B000E4A9A603B000022DA603B000022A1
:100ED0001A613B0001221A623A00064B1100180009
:100EE00000F0BEFA031E01D000F052F8C046BD4625
:100EF0000AB080BD7401002000640040808C0000B6
:100F000090B589B000AF0C243B19180014231A00C7
:100F1000002107F0C7FF1D4B5A691C4B8021890235
:100F20000A435A61194B5A6980239B021340BB60E4
:100F3000BB68164B5A69154B8021C9020A435A6196
:100F4000124B5A698023DB0213407B607B6890233D
:100F5000DB0501220321180001F07CFA21007B1837
:100F600003221A607B1801225A607B1800229A60C3
:100F70007B180022DA607A189023DB051100180034
:100F800001F0F0F8C046BD4609B090BD0010024027
:100F900080B500AF72B6C046C046FDE780B582B0EE
:100FA00000AF0F4B9A690E4B01210A439A610C4B1B
:100FB0009B69012213407B607B68094BDA69084B0F
:100FC000802149050A43DA61054BDA6980235B0514
:100FD00013403B603B68C046BD4602B080BDC04682
:100FE0000010024090B58BB000AF786014243B191C
:100FF000180014231A00002107F054FF7B681B68B7
:10100000204A93423AD1204BDA691F4B8021890450
:101010000A43DA611C4BDA6980239B0413403B616D
:101020003B69194B5A69184B8021C9020A435A611E
:10103000154B5A698023DB021340FB60FB683B19A8
:10104000C02292001A6021007B1802225A607B188D
:1010500000229A607B180322DA607B1804221A614E
:101060007B180A4A1900100001F07CF800220021C8
:101070001E2001F045F81E2001F057F8C046BD467D
:101080000BB090BD00640040001002400004004816
:1010900080B500AFC046FDE780B500AFC046FDE7B4
:1010A00080B500AFC046BD4680BD80B500AFC0462C
:1010B000BD4680BD80B500AF00F094F8C046BD4687
:1010C00080BD000080B500AF034B180000F05FFD4D
:1010D000C046BD4680BDC0467401002080B500AF4B
:1010E000034B180001F008FBC046BD4680BDC0465A
:1010F000BC06002080B500AFC046BD4680BD0000E4
:101100000D4885460D480E490E4A002302E0D4588A
:10111000C4500433C4188C42F9D30B4A0B4C00233F
:1011200001E013600432A242FBD3FFF7E3FF07F0B4
:10113000C1FEFFF7B9F8FEE70040002000000020E4
:1011400058010020F48F000858010020AC0900204D
:10115000FEE7000080B500AF074B1A68064B102170
:101160000A431A60032000F009F8FFF717FF002375
:101170001800BD4680BDC0460020024090B583B037
:1011800000AF7860144B1C68144B1B781900FA23CD
:101190009800FEF7B9FF030019002000FEF7B4FF26
:1011A0000300180000F0D1FF031E01D001230FE05F
:1011B0007B68032B0BD8796801235B42002218005F
:1011C00000F09EFF064B7A681A60002300E00123BE
:1011D0001800BD4603B090BD0000002008000020AC
:1011E0000400002080B500AF054B1B781A00054BAA
:1011F0001B68D218034B1A60C046BD4680BDC0466E
:1012000008000020F001002080B500AF024B1B68F1
:101210001800BD4680BDC046F001002080B584B0F6
:1012200000AF7860FFF7F0FF0300BB607B68FB60F6
:10123000FB68013305D00A4B1B781A00FB689B182A
:10124000FB60C046FFF7E0FF0200BB68D31AFA68F4
:101250009A42F7D8C046C046BD4604B080BDC046DD
:101260000800002080B584B000AF78607B68002B58
:1012700001D10123F0E07B6820229B5CDBB2002BD4
:1012800003D17B681800FFF7ADFE7B681B681A6806
:101290007B681B6801210A431A60FFF7B5FF030052
:1012A000FB6013E0FFF7B0FF0200FB68D31A0A2BC4
:1012B0000CD97B685B6A802292021A437B685A626F
:1012C0007B682022052199540123C5E07B681B68B7
:1012D0005B6801221340E5D07B681B681A687B6855
:1012E0001B6802218A431A60FFF78EFF0300FB6030
:1012F00013E0FFF789FF0200FB68D31A0A2B0CD911
:101300007B685B6A802292021A437B685A627B6820
:1013100020220521995401239EE07B681B685B68AD
:1013200002221340E5D17B681B7E012B08D17B682C
:101330001B681A687B681B6880210A431A6007E0F3
:101340007B681B681A687B681B6880218A431A6067
:101350007B685B7E012B08D17B681B681A687B6801
:101360001B6840210A431A6007E07B681B681A6803
:101370007B681B6840218A431A607B689B7E012B37
:1013800008D17B681B681A687B681B6820210A43A8
:101390001A6007E07B681B681A687B681B6820215D
:1013A0008A431A607B68DB7E012B08D17B681B684F
:1013B0001A687B681B6810218A431A6007E07B6803
:1013C0001B681A687B681B6810210A431A607B68D7
:1013D0001B7F012B08D17B681B681A687B681B6820
:1013E00008210A431A6007E07B681B681A687B685B
:1013F0001B6808218A431A607B685B7F012B08D138
:101400007B681B681A687B681B6804210A431A60A2
:1014100007E07B681B681A687B681B6804218A43A5
:101420001A607B689A687B68DB681A437B681B6973
:101430001A437B685B691A4311007B685B685A1E1C
:101440007B681B680A43DA617B6800225A627B680A
:1014500020220121995400231800BD4604B080BD0C
:1014600080B586B000AF786039607B681B687B61AF
:1014700013203B187A682021525C1A700200BB18B6
:101480001B78012B04D0BB181B78022B00D0CDE0B9
:101490007A6980239B00D35801221A4311007A698C
:1014A00080239B00D1503B685B691F2213400122BF
:1014B0009A401300FB607A6987239B00D358FA682F
:1014C000D2431A4011007A6987239B00D1503B68B0
:1014D000DB69002B29D17A6983239B00D358FA68F2
:1014E000D2431A4011007A6983239B00D1503B6894
:1014F000DB6818043B685B681B04190C3B685A697D
:1015000001437B694832D200D1503B689B68190483
:101510003B681B681B041A0C3B685B690A437969CA
:101520004833DB00CB1804331A603B68DB69012BBE
:1015300028D17A6983239B00D258FB681A43110093
:101540007A6983239B00D1503B681B6818043B6871
:101550005B681B04190C3B685A6901437B6948327C
:10156000D200D1503B689B6819043B68DB681B04C0
:101570001A0C3B685B690A4379694833DB00CB1876
:1015800004331A603B689B69002B0CD17A69812374
:101590009B00D358FA68D2431A4011007A6981231C
:1015A0009B00D1500AE07A6981239B00D258FB68E6
:1015B0001A4311007A6981239B00D1503B681B6953
:1015C000002B0CD17A6985239B00D358FA68D2434B
:1015D0001A4011007A6985239B00D1500AE07A698C
:1015E00085239B00D258FB681A4311007A69852332
:1015F0009B00D1503B681B6A012B0AD17A69872373
:101600009B00D258FB681A4311007A6987239B001C
:10161000D1507A6980239B00D3580122934319004B
:101620007A6980239B00D150002307E07B685B6AC6
:101630008022D2021A437B685A6201231800BD46F9
:1016400006B080BD80B584B000AF78607B68202292
:101650009B5CDBB2012B2FD17B68202202219954A5
:101660007B681B681A687B681B6801218A431A60C3
:10167000FFF7CAFD0300FB6013E0FFF7C5FD0200A2
:10168000FB68D31A0A2B0CD97B685B6A8022920212
:101690001A437B685A627B682022052199540123F2
:1016A00012E07B681B685B6801221340E5D17B6810
:1016B00000225A62002307E07B685B6A80221203E3
:1016C0001A437B685A6201231800BD4604B080BDEE
:1016D00080B588B000AFF860B9607A603B601F20C9
:1016E0003B18FA682021525C1A70FB681B689B68E3
:1016F000BB613B181B78012B04D03B181B78022BD5
:1017000000D0ABE0BA698023DB0413400AD1BA6988
:1017100080231B05134005D1BA6980235B05134064
:1017200000D192E0BB691B0E032213407B610122B2
:101730007B699A403B681A60BB689B68002B0CD1A0
:10174000BB681B685905BB68DA68FB681B681143F6
:101750007A6918321201D1500FE0BB685B68DA0079
:10176000BB689B681A431100BB68DA68FB681B689A
:1017700011437A6918321201D150FB681968BB68AD
:101780001A697B6918331B01CB1804331A60BB68D4
:101790001B7D012B12D1FB681A687B6918331B0172
:1017A000D31804331A68FB68196880235B001A4356
:1017B0007B6918331B01CB1804331A607B6807332D
:1017C0001B781A067B6806331B781B041A437B6858
:1017D00005331B781B021A437B6804331B781900FE
:1017E000FB6818680A437969C6235B000901411840
:1017F000CB181A607B6803331B781A067B680233A8
:101800001B781B041A437B6801331B781B021A43A5
:101810007B681B781900FB6818680A437969C42340
:101820005B0009014118CB181A60FB681B687A69D4
:1018300018321201D258FB681B68012111437A69E2
:1018400018321201D150002310E0FB685B6A80223D
:1018500092031A43FB685A62012307E0FB685B6A44
:101860008022D2021A43FB685A6201231800BD4647
:1018700008B080BD80B584B000AF78600023FB6005
:101880000B203B187A682021525C1A700200BB18AA
:101890001B78012B03D0BB181B78022B1DD17B6852
:1018A0001B689A688023DB04134002D0FB68013375
:1018B000FB607B681B689A6880231B05134002D07D
:1018C000FB680133FB607B681B689A6880235B05BB
:1018D000134002D0FB680133FB60FB681800BD4673
:1018E00004B080BD80B586B000AFF860B9607A60A2
:1018F0003B6017203B18FA682021525C1A700200E6
:10190000BB181B78012B04D0BB181B78022B00D00E
:1019100007E1BB68002B0ED1FB681B68DB68032264
:10192000134017D1FB685B6A802292031A43FB685D
:101930005A620123FDE0FB681B681B690322134008
:1019400008D1FB685B6A802292031A43FB685A62E3
:101950000123EEE0FB681B68BA681B321201D35802
:1019600004221A407B689A607B689B68002B0BD12D
:10197000FB681B68BA681B321201D3585B0D5B050C
:101980005A0D7B681A600AE0FB681B68BA681B3254
:101990001201D358DB08DB00DA087B685A60FB6869
:1019A0001B68BA681B321201D35802221A407B68A6
:1019B000DA60FB681A68BB681B331B01D318043359
:1019C0001B680822134003D07B6808221A610BE0D1
:1019D000FB681A68BB681B331B01D31804331B68F0
:1019E0000F221A407B681A61FB681A68BB681B33B8
:1019F0001B01D31804331B681B0AFF221A407B68A3
:101A00009A61FB681A68BB681B331B01D318043347
:101A10001B681B0C1B041A0C7B685A61FB68196855
:101A2000BA68DC235B0012018A18D3181B68DAB28B
:101A30003B681A70FB681968BA68DC235B00120106
:101A40008A18D3181B681A0A3B680133D2B21A707D
:101A5000FB681968BA68DC235B0012018A18D31886
:101A60001B681A0C3B680233D2B21A70FB68196803
:101A7000BA68DC235B0012018A18D3181B681A0E9F
:101A80003B680333D2B21A70FB681968BA68DE2368
:101A90005B0012018A18D3181A683B680433D2B26B
:101AA0001A70FB681968BA68DE235B0012018A1895
:101AB000D3181B681A0A3B680533D2B21A70FB6848
:101AC0001968BA68DE235B0012018A18D3181B68F4
:101AD0001A0C3B680633D2B21A70FB681968BA68F0
:101AE000DE235B0012018A18D3181B681A0E3B68AC
:101AF0000733D2B21A70BB68002B08D1FB681B6891
:101B0000DA68FB681B6820210A43DA6007E0FB689B
:101B10001B681A69FB681B6820210A431A610023AD
:101B200007E0FB685B6A8022D2021A43FB685A62B4
:101B300001231800BD4606B080BD80B584B000AF5B
:101B4000786039600F203B187A682021525C1A7047
:101B50000200BB181B78012B03D0BB181B78022B8B
:101B600009D17B681B6859697B681B683A680A431E
:101B70005A61002307E07B685B6A8022D2021A4325
:101B80007B685A6201231800BD4604B080BD80B551
:101B90008AB000AF786000237B627B681B685B695A
:101BA0003B627B681B685B68FB617B681B689B68AA
:101BB000BB617B681B68DB687B617B681B681B699A
:101BC0003B617B681B689B69FB603B6A0122134099
:101BD00000D184E0BB690122134024D07B681B68DC
:101BE00001229A60BB690222134004D07B6818006E
:101BF00000F081F917E0BB690422134005D07B6A2D
:101C00008022120113437B620DE0BB69082213405E
:101C100005D07B6A8022520113437B6203E07B681C
:101C2000180000F080F9BA6980235B00134028D0C7
:101C30007B681B68802252009A60BA6980239B00EF
:101C4000134004D07B68180000F05DF919E0BA6910
:101C50008023DB00134005D07B6A8022920113436E
:101C60007B620EE0BA6980231B01134005D07B6ABA
:101C70008022D20113437B6203E07B68180000F0EE
:101C80005AF9BA6980235B02134028D07B681B682D
:101C9000802252029A60BA6980239B02134004D0CA
:101CA0007B68180000F037F919E0BA698023DB027D
:101CB000134005D07B6A8022120213437B620EE040
:101CC000BA6980231B03134005D07B6A802252022D
:101CD00013437B6203E07B68180000F034F93B6A31
:101CE000082213400CD07B691022134008D07B6A75
:101CF0008022920013437B627B681B681022DA60AB
:101D00003B6A042213400BD07B690822134007D0A2
:101D10007B681B680822DA607B68180000F01BF9FA
:101D20003B6A0222134009D07B681B68DB680322F0
:101D3000134003D07B681800FEF772FA3B6A40221A
:101D400013400CD03B691022134008D07B6A8022DC
:101D5000D20013437B627B681B6810221A613B6AC6
:101D6000202213400BD03B690822134007D07B6828
:101D70001B6808221A617B68180000F0FCF83B6AB7
:101D80001022134009D07B681B681B690322134093
:101D900003D07B68180000F0E6F83A6A80239B02C3
:101DA00013400BD0FB691022134007D07B681B68DF
:101DB00010225A607B68180000F0E5F83A6A802328
:101DC0005B0213400BD0FB690822134007D07B68ED
:101DD0001B6808225A607B68180000F0DCF83A6A39
:101DE00080231B02134000D174E0FB6904221340DE
:101DF00000D16BE03A6A80235B00134007D0FB6898
:101E00000122134003D07B6A012213437B623A6AAA
:101E100080239B00134007D0FB680222134003D0AD
:101E20007B6A022213437B623A6A8023DB00134001
:101E300007D0FB680422134003D07B6A04221343BB
:101E40007B623A6A80231B0113403FD0FB687022FB
:101E500013403BD0FB6870221340602B27D02CD856
:101E6000502B1FD029D8402B17D026D8302B0FD07D
:101E700023D8102B02D0202B05D01EE07B6A08222D
:101E800013437B621AE07B6A102213437B6215E0E6
:101E90007B6A202213437B6210E07B6A402213435B
:101EA0007B620BE07B6A802213437B6206E07B6AE5
:101EB0008022520013437B6200E0C0467B681B68AF
:101EC0009A697B681B6870218A439A617B681B68EA
:101ED00004225A607B6A002B09D07B685A6A7B6AAD
:101EE0001A437B685A627B681800FEF7C3F9C04644
:101EF000BD460AB080BD80B582B000AF7860C046F4
:101F0000BD4602B080BD80B582B000AF7860C046EB
:101F1000BD4602B080BD80B582B000AF7860C046DB
:101F2000BD4602B080BD80B582B000AF7860C046CB
:101F3000BD4602B080BD80B582B000AF7860C046BB
:101F4000BD4602B080BD80B582B000AF7860C046AB
:101F5000BD4602B080BD80B582B000AF7860C0469B
:101F6000BD4602B080BD80B582B000AF7860C0468B
:101F7000BD4602B080BD80B582B000AF7860C0467B
:101F8000BD4602B080BD80B582B000AF7860C0466B
:101F9000BD4602B080BD80B582B000AF7860C0465B
:101FA000BD4602B080BD000080B582B000AF020027
:101FB000FB1D1A70FB1D1B787F2B09D8FB1D1B789E
:101FC0001A001F231A40044B012191400A001A6095
:101FD000C046BD4602B080BD00E100E090B583B0D0
:101FE00000AF02003960FB1D1A70FB1D1B787F2BB0
:101FF00028D82F4AFB1D1B785BB29B08C0339B007F
:102000009B58FA1D1278110003220A40D200FF21CA
:1020100091400A00D2431A4011003B689B01FF2205
:102020001A40FB1D1B78180003230340DB009A4075
:102030001F48FB1D1B785BB29B080A43C0339B0003
:102040001A5031E01B4AFB1D1B7819000F230B406F
:10205000083B9B0806339B00D31804331B68FA1D0A
:102060001278110003220A40D200FF2191400A0099
:10207000D2431A4011003B689B01FF221A40FB1D0E
:102080001B78180003230340DB009A400948FB1D1E
:102090001B781C000F232340083B9B080A43063390
:1020A0009B00C31804331A60C046BD4603B090BD00
:1020B00000E100E000ED00E080B582B000AF7860A4
:1020C0007B685A1E80235B049A4201D3012310E0EF
:1020D0000A4B7A68013A5A6001235B4203211800D7
:1020E000FFF77CFF054B00229A60044B07221A6021
:1020F00000231800BD4602B080BDC04610E000E0DD
:1021000080B584B000AFB9607A600F217B18021CE3
:102110001A70BA687B181B785BB211001800FFF7C1
:102120005DFFC046BD4604B080BD80B582B000AF43
:102130000200FB1D1A70FB1D1B785BB21800FFF735
:1021400033FFC046BD4602B080BD80B582B000AF4F
:1021500078607B681800FFF7AFFF03001800BD46EA
:1021600002B080BD80B586B000AF786039600023D2
:102170007B6155E13B681B6801217A6991400A0047
:102180001340FB60FB68002B00D146E13B685B68B5
:1021900003221340012B05D03B685B6803221340E8
:1021A000022B30D17B689B683B617B695B0003221B
:1021B0009A401300DA433B6913403B613B68DA689D
:1021C0007B695B009A4013003A6913433B617B686B
:1021D0003A699A607B685B683B6101227B699A403F
:1021E0001300DA433B6913403B613B685B681B09A2
:1021F00001221A407B699A4013003A6913433B61FC
:102200007B683A695A603B685B6803221340032B82
:1022100017D07B68DB683B617B695B0003229A40D7
:102220001300DA433B6913403B613B689A687B6962
:102230005B009A4013003A6913433B617B683A693B
:10224000DA603B685B6803221340022B23D17B6971
:10225000DA087B6808329200D3583B617B69072219
:1022600013409B000F229A401300DA433B6913404E
:102270003B613B681A697B6907210B409B009A40D0
:1022800013003A6913433B617B69DA087B680832C3
:1022900092003969D1507B681B683B617B695B00A8
:1022A00003229A401300DA433B6913403B613B68C9
:1022B0005B6803221A407B695B009A4013003A690D
:1022C00013433B617B683A691A603B685A68C023D4
:1022D0009B02134000D1A0E0574B9A69564B012155
:1022E0000A439A61544B9B6901221340BB60BB684F
:1022F000524A7B699B0802339B009B583B617B6978
:10230000032213409B000F229A401300DA433B69DB
:1023100013403B617A689023DB059A4219D07B68B1
:10232000474A934213D07B68464A93420DD07B685C
:10233000454A934207D07B68444A934201D1042323
:1023400008E0052306E0032304E0022302E0012362
:1023500000E000237A6903210A40920093403A6921
:1023600013433B6135497B699B0802339B003A6903
:102370005A50374B9B683B61FB68DA433B6913401B
:102380003B613B685A6880235B03134003D03A6982
:10239000FB6813433B612E4B3A699A602C4BDB6818
:1023A0003B61FB68DA433B6913403B613B685A6819
:1023B00080239B03134003D03A69FB6813433B61BE
:1023C000234B3A69DA60224B5B683B61FB68DA4376
:1023D0003B6913403B613B685A6880239B02134072
:1023E00003D03A69FB6813433B61194B3A695A6061
:1023F000174B1B683B61FB68DA433B6913403B6149
:102400003B685A6880235B02134003D03A69FB683B
:1024100013433B610E4B3A691A607B6901337B6160
:102420003B681A687B69DA40131E00D0A2E6C046FA
:10243000C046BD4606B080BD00100240000001400D
:102440000004004800080048000C00480010004844
:102450000004014080B582B000AF78600800110030
:10246000BB1C021C1A807B1C0A1C1A707B1C1B786C
:10247000002B04D0BB1C1A887B689A6103E0BB1C4C
:102480001A887B689A62C046BD4602B080BD80B59E
:1024900084B000AF78600A00BB1C1A807B685B695F
:1024A000FB60BB1C1B88FA6813401A04FB68DB4303
:1024B000B91C09880B401A437B689A61C046BD4627
:1024C00004B080BD90B585B000AF78607B68002B0C
:1024D00001D10123E4E07B68734A9B5CDBB2002BF3
:1024E00008D17A68A4239B000021D1547B6818008E
:1024F00006F0A6F97B686C4A032199547B681B6837
:10250000180002F0EFFB0F23FB1800221A7047E0BF
:102510000F203B181A78796813009B009B18DB008A
:10252000CB18113301221A703B181A7879681300FE
:102530009B009B18DB00CB1810333A1812781A70E6
:102540003B181A78796813009B009B18DB00CB18A6
:10255000133300221A703B181A78796813009B0015
:102560009B18DB00CB18203300221A603B181A7826
:10257000796813009B009B18DB00CB1824330022E2
:102580001A603B181B7879685A1C13009B009B1833
:10259000DB0000225A503B181A783B1801321A709F
:1025A0007B681B790F217A1812789A42B0D37B1876
:1025B00000221A7056E00F243B191A7878685223CB
:1025C000FF33190013009B009B18DB00C3185B1836
:1025D00000221A703B191A787868A8235900130052
:1025E0009B009B18DB00C3185B183A1912781A700D
:1025F0003B191A7878685423FF33190013009B00A5
:102600009B18DB00C3185B1800221A703B191A785C
:102610007868B023590013009B009B18DB00C31897
:102620005B1800221A603B191A787868B2235900A7
:1026300013009B009B18DB00C3185B1800221A6074
:102640003B191A787868B423590013009B009B1833
:10265000DB00C3185B1800221A603B191A783B197B
:1026600001321A707B681B790F22BA1812789A42CD
:10267000A1D37B6818687B6859689A6802F04CFBA4
:102680007B6800221A737B68074A012199547B6892
:102690009B7A012B03D17B68180001F007FD002312
:1026A0001800BD4605B090BD9102000080B582B013
:1026B00000AF78607A68A4239B00D35C012B01D122
:1026C000022314E07A68A4239B000121D1547B6883
:1026D0001B68180002F0F0FA7B681B68180004F011
:1026E000E5FA7A68A4239B000021D1540023180046
:1026F000BD4602B080BD000080B584B000AF7860F8
:102700007B681B68180004F0E7FA0300FB60FA68B6
:1027100080231B02134004D07B68180000F048FBA4
:102720001DE1FA688023DB00134015D07B681B682D
:1027300044229B5A9AB27B681B688A490A4091B22C
:10274000442299527B68180006F005F97B68002145
:10275000180000F015F902E1FA688023DB0113404C
:102760000CD07B681B6844229B5A9AB27B681B681A
:102770007D490A4091B244229952F0E0FA688023E0
:102780009B0113400CD07B681B6844229B5A9AB271
:102790007B681B6875490A4091B244229952DEE079
:1027A000FA6880235B01134038D07B681B684022A5
:1027B0009B5A9AB27B681B6804218A4391B24022DB
:1027C00099527B681B6840229B5A9AB27B681B68AF
:1027D00008218A4391B2402299527A68B2239B0021
:1027E000D35C012B09D17A68B2239B000021D1541C
:1027F0007B680021180001F083FC7B68180006F05C
:10280000EBF87B681B6844229B5A9AB27B681B6872
:1028100057490A4091B244229952A0E0FA688023B5
:102820001B01134028D07B681B6840229B5A9AB238
:102830007B681B6808210A4391B2402299527B6849
:102840001B6844229B5A9AB27B681B6849490A401C
:1028500091B2442299527B681B6840229B5A9AB2DB
:102860007B681B6804210A4391B2402299527B681D
:10287000180006F095F872E0FB688022134046D0FD
:102880007B681B6844229B5A9AB27B681B68802134
:102890008A4391B2442299527A68B2239B00D35C56
:1028A000002B2FD17B681B6840229B5A9AB27B6811
:1028B0001B6804210A4391B2402299527B681B682D
:1028C00040229B5A9AB27B681B6808210A4391B246
:1028D000402299527A68B2239B000121D1547B682F
:1028E0001B6854229B5A9BB29B083C221340190040
:1028F0007A68B3239B00D1507B680121180001F056
:10290000FFFB2CE07B68180006F04AF827E0FA6825
:1029100080239B00134010D07B681B6844229B5A85
:102920009AB27B681B6814490A4091B244229952BA
:102930007B68180006F000F811E0FA6880235B005D
:1029400013400CD07B681B6844229B5A9AB27B6868
:102950001B680A490A4091B244229952C046BD46BA
:1029600004B080BDFFFBFFFFFFBFFFFFFFDFFFFFE6
:10297000FFEFFFFFFFF7FFFFFFFDFFFFFFFEFFFF82
:1029800080B582B000AF78600A00FB1C1A707A68CC
:10299000A4239B00D35C012B01D1022316E07A68AB
:1029A000A4239B000121D1547B68FA1C12781A736E
:1029B0007B681A68FB1C1B781900100004F062F990
:1029C0007A68A4239B000021D15400231800BD463F
:1029D00002B080BD90B585B000AF78600C001000EB
:1029E0001900FB1C221C1A703B00021C1A80BB1C25
:1029F0000A1C1A700B23FB1800221A70FB1C1B7890
:102A00005BB2002B0FDAFB1C1B7807221A40130065
:102A10009B009B18DB0010337A68D318FB60FB68BF
:102A200001225A700FE0FB1C1B7807221A4013008A
:102A30009B009B18DB005133FF337A68D318FB608F
:102A4000FB6800225A70FB1C1B7807221340DAB285
:102A5000FB681A703B001A88FB681A61FB68BA1C95
:102A60001278DA70BB1C1B78022B02D1FB680022A3
:102A70001A717A68A4239B00D35C012B01D1022335
:102A800013E07A68A4239B000121D1547B681B6862
:102A9000FA681100180002F05BF97A68A4239B0021
:102AA0000021D1540B23FB181B781800BD4605B03C
:102AB00090BD80B584B000AF78600A00FB1C1A702E
:102AC000FB1C1B785BB2002B0FDAFB1C1B78072268
:102AD0001A4013009B009B18DB0010337A68D31850
:102AE000FB60FB6801225A700FE0FB1C1B78072279
:102AF0001A4013009B009B18DB005133FF337A68A8
:102B0000D318FB60FB6800225A70FB1C1B7807225D
:102B10001340DAB2FB681A707A68A4239B00D35C76
:102B2000012B01D1022311E07A68A4239B0001212B
:102B3000D1547B681B68FA681100180002F0B0FCE1
:102B40007A68A4239B000021D15400231800BD46BD
:102B500004B080BD80B586B000AFF8607A603B609D
:102B60000B203B180A1C1A7001007B181B780722E7
:102B70001A4013009B009B18DB005133FF33FA68A7
:102B8000D3187B617B697A685A617B693A689A617C
:102B90007B690022DA617B6900225A707B181B78FE
:102BA00007221340DAB27B691A70FB681B687A69E6
:102BB0001100180002F034FE00231800BD4606B0D4
:102BC00080BD80B586B000AFF8607A603B600B20B6
:102BD0003B180A1C1A703B181B7807221A40130076
:102BE0009B009B18DB001033FA68D3187B617B696C
:102BF0007A685A617B693A689A617B69242201216B
:102C000099547B693A681A627B690022DA617B69B0
:102C100001225A703B181B7807221340DAB27B69F5
:102C20001A70FB681B687A691100180002F0F8FD41
:102C300000231800BD4606B080BD80B584B000AF4B
:102C400078600A00FB1C1A70FB1C1B7807221340DB
:102C50007A681279934201D9012346E0FB1C1B7864
:102C60005BB2002B0FDAFB1C1B7807221A40130003
:102C70009B009B18DB0010337A68D318FB60FB685D
:102C800001225A700DE0FB1C1A7813009B009B1860
:102C9000DB005133FF337A68D318FB60FB680022F6
:102CA0005A70FB6801229A70FB1C1B7807221340A4
:102CB000DAB2FB681A707A68A4239B00D35C012BFC
:102CC00001D1022311E07A68A4239B000121D15491
:102CD0007B681B68FA681100180003F0D1FE7A685F
:102CE000A4239B000021D15400231800BD4604B04A
:102CF00080BD80B584B000AF78600A00FB1C1A70FC
:102D0000FB1C1B780F2213407A681279934201D979
:102D1000012348E0FB1C1B785BB2002B0FDAFB1C85
:102D20001B7807221A4013009B009B18DB0010330E
:102D30007A68D318FB60FB6801225A700FE0FB1C15
:102D40001B7807221A4013009B009B18DB005133AD
:102D5000FF337A68D318FB60FB6800225A70FB6867
:102D600000229A70FB1C1B7807221340DAB2FB6822
:102D70001A707A68A4239B00D35C012B01D1022333
:102D800011E07A68A4239B000121D1547B681B6861
:102D9000FA681100180003F0C3FE7A68A4239B00B0
:102DA0000021D15400231800BD4604B080BD0000AE
:102DB000B0B596B000AF786000F0EAFB7B681A68A7
:102DC00048203B184421525A1A803B181B88DAB21B
:102DD0004F243B190F210A401A703B191B78002B16
:102DE00000D08DE13B181B881022134052D17B6824
:102DF0001B681B889AB20E203B18BA490A401A80F9
:102E00007B681B683A181288B7490A4392B21A8045
:102E10007B6810337B657B681B6850229B5A9BB292
:102E20001A007B6D1B78DB00D2187B681B68D318F7
:102E3000AE4A944663441B889B059A0D7B6DDA610C
:102E40007B6D5A697B6DDB69D2187B6D5A617B683B
:102E50000021180005F052FD7B681B7BDBB2002BC4
:102E600001D100F095FB7B6D9B69002B01D000F038
:102E70008FFB7B681B7BDBB2802252421343DAB2AA
:102E80007B681B6811004C2299527B6800221A73E0
:102E900000F07EFB7B685133FF337B657B681A68EB
:102EA0004C217B1812881A807B181A8880231B01FA
:102EB000134037D07B681B6850229B5A9BB21A0084
:102EC0007B6D1B78DB00D2187B681B68D318884A9F
:102ED000944663441B889B059A0D7B6DDA617B6881
:102EE00018687B68A622920099187B6DDA887B6D42
:102EF000DB699BB203F048FF7B681B681B889AB2B2
:102F000010203B187B490A401A807B681B683A18DE
:102F1000128880210A4392B21A807B68180005F05B
:102F2000B7FC35E34C23FB1800229B5E002B00DB33
:102F30002EE37B681B681B889AB21E203B186D49E4
:102F40000A401A807B681B683A18128880210A435D
:102F500092B21A807B681B6850229B5A9BB21A005F
:102F60007B6D1B78DB00D2187B681B68D318604A26
:102F7000944663441B889B059A0D7B6DDA617B6DDB
:102F8000DB69002B1AD07B6D5B69002B16D07B6848
:102F900018687B6D59697B6DDA887B6DDB699BB244
:102FA00003F0F2FE7B6D5A697B6DDB69D2187B6D95
:102FB0005A617B680021180005F07FFC7B681A6865
:102FC0004C217B1812881A807B181A8880231B01D9
:102FD000134000D0DCE27B181A88C0239B011A4002
:102FE000C0239B019A4200D1D2E27B681B68BB617F
:102FF0007B681B6850229B5A9BB21A00BB699B18C6
:10300000BB61BB693A4A944663447B617B691B8818
:103010009BB29B059B0D9AB27B691A807B6D1B69E5
:10302000002B08D17B691B889BB22F4A13439AB2AD
:103030007B691A8035E07B6D1B693E2B17D87B6D51
:103040001B695B087B647B6D1B690122134002D006
:103050007B6C01337B647B691B889AB27B6C9BB26F
:103060009B029BB213439AB27B691A8019E07B6D75
:103070001B695B097B647B6D1B691F22134002D1B6
:103080007B6C013B7B647B691B889AB27B6C9BB237
:103090009B029BB213439BB2134A13439AB27B69C0
:1030A0001A807B681B681B889AB212203B18124951
:1030B0000A401A803B183A181288802149014A4078
:1030C0001A803B183A181288802189014A401A80D8
:1030D0007B681B683A18128808490A4392B21A8022
:1030E00056E2C0460F8FFFFF0080FFFF0204000082
:1030F000060400008F0F00008FBFFFFF8080FFFFDE
:103100007B681B681A004F203B181B789B00D21865
:103110004C217B1812881A807B1800229B5E002BA2
:1031200000DBFAE07B681B681A003B181B789B00E9
:10313000D3181B889AB24A243B19D1490A401A80F5
:103140007B681B681A003B181B789B00D3183A1940
:10315000128880210A4392B21A803B181A78130011
:103160009B009B18DB005133FF337A68D3187B65D3
:103170007B6D1B7B002B25D17B681B6850229B5AE3
:103180009BB21A007B6D1B78DB00D2187B681B6832
:10319000D318BC4A944663441A8850243B199205BC
:1031A000920D1A803B191B88002B00D18DE07B68A3
:1031B00018687B6D59697B6DDA883B191B8803F0B1
:1031C000E3FD82E07B6DDB78022B0CD15023FC18F1
:1031D0004C23FB181A88796D7B68180000F0ECF915
:1031E0000300238071E07B681B681A007B6D1B78ED
:1031F0009B00D3181B889AB252203B18A2490A4060
:103200001A807B681B681A007B6D1B789B00D318A3
:103210003A1812889D490A4392B21A807B681B684B
:103220001A007B6D1B789B00D3181B889BB21A0079
:103230008023DB01134024D07B681B6850229B5AFB
:103240009BB21A007B6D1B78DB00D2187B681B6871
:10325000D3188F4A944663441A8850243B19920528
:10326000920D1A803B191B88002B2ED07B681868A2
:103270007B6D59697B6D1A893B191B8803F084FDAE
:1032800023E07B681B6850229B5A9BB21A007B6D1F
:103290001B78DB00D2187B681B68D318794A9446E8
:1032A00063441A8850243B199205920D1A803B19E9
:1032B0001B88002B09D07B6818687B6D59697B6D72
:1032C0005A893B191B8803F05FFD7B6DDA69502139
:1032D0007B181B88D2187B6DDA617B6D5A697B186D
:1032E0001B88D2187B6D5A617B6D9B69002B05D0C2
:1032F0007B181A887B6D1B699A4207D27B6D1A78FE
:103300007B681100180005F0D8FA06E07B681B689E
:103310007A6D1100180002F083FA4C243B191B88C7
:103320008022134000D133E14F203B181A7813005C
:103330009B009B18DB0010337A68D3187B657B6891
:103340001B681A003B181B789B00D3181B889AB285
:1033500042257B194F490A401A807B681B681A0076
:103360003B181B789B00D3187A1912884A490A43E4
:1033700092B21A807B6DDB78012B00D0AFE07B6DC1
:1033800000229A617B6D1B7B002B00D19FE03B19D3
:103390001B884022134046D07B6D5B78002B25D1E3
:1033A0007B681B687B627B681B6850229B5A9BB2C0
:1033B0001A007B6A9B187B627B6D1B78DA007B6A44
:1033C000D318334A944663443B623B6A1B889BB2E2
:1033D0009B059B0D9AB23B6A1A803B6A1B889BB285
:1033E0002D4A13439AB23B6A1A8070E07B6D5B787A
:1033F000012B6CD17B681B68FB627B681B685022C9
:103400009B5A9BB21A00FB6A9B18FB627B6D1B7870
:10341000DA00FB6AD3181E4A94466344BB62BB6A57
:1034200000221A8053E07B681B68FB637B6D5B782E
:10343000002B33D17B681B687B637B681B68502241
:103440009B5A9BB21A007B6B9B187B637B6D1B782E
:10345000DA007B6BD3180B4A944663443B633B6BA7
:103460001B889BB29B059B0D9AB23B6B1A803B6BF2
:103470001B889BB2084A13439AB23B6B1A8026E022
:103480008F0F0000060400008F8FFFFFC080FFFF3A
:10349000020400000F8FFFFF0080FFFF7B6D5B7851
:1034A000012B14D17B681B6850229B5A9BB21A00D7
:1034B000FB6B9B18FB637B6D1B78DA00FB6BD318EF
:1034C0003B4A94466344BB63BB6B00221A807B6D0E
:1034D0001A787B681100180005F010FA58E04C23A8
:1034E000FB181A8880235B00134049D17B681B6856
:1034F00050229B5A9BB21A007B6D1B78DB00D218BE
:103500007B681B68D3182B4A944663441A88402171
:103510007B189205920D1A807B6D9A697B181B8827
:103520009A4207D97B6D9A697B181B88D21A7B6DEA
:103530009A6102E07B6D00229A617B6D9B69002B92
:1035400007D17B6D1A787B681100180005F0D6F959
:103550001EE07B6D5A6940217B181B88D2187B6D59
:103560005A617B6DDA697B181B88D2187B6DDA6132
:103570007B681B687A6D1100180002F051F907E0B2
:103580004C23FB181A88796D7B68180000F030F91D
:103590007B681B6844229B5A9BB21BB2002B01DA4A
:1035A000FFF70CFC00231800BD4616B0B0BDC046A6
:1035B000060400000204000090B589B000AFF86076
:1035C000B960BB1D1A80BB1D1A888023DB01134024
:1035D00000D17DE0FB681B6850229B5A9BB21A0009
:1035E000BB681B78DB00D218FB681B68D3187A4ACB
:1035F000944663441A881A217B189205920D1A800A
:10360000BB689A697B181B889A4207D3BB689A6982
:103610007B181B88D21ABB689A6102E0BB68002243
:103620009A61BB689B69002B21D1FB681B681A005B
:10363000BB681B789B00D3181B889AB218203B18D4
:1036400066490A401A803B183A181288802189017D
:103650004A401A80FB681B681A00BB681B789B00F5
:10366000D3183A1812885E490A4392B21A80BB1DD9
:103670001B88402213401AD0FB681B681A00BB68E5
:103680001B789B00D3181B889AB216203B1855490B
:103690000A401A80FB681B681A00BB681B789B00F5
:1036A000D3183A18128850490A4392B21A801A2441
:1036B0003B191B88002B00D186E0FB681868BB68AB
:1036C0005969BB681A893B191B8803F05DFB7BE0D5
:1036D000FB681B6850229B5A9BB21A00BB681B7880
:1036E000DB00D218FB681B68D318404A9446634439
:1036F0001A881A217B189205920D1A80BB689A6964
:103700007B181B889A4207D3BB689A697B181B8871
:10371000D21ABB689A6102E0BB6800229A61BB685A
:103720009B69002B21D1FB681B681A00BB681B78C2
:103730009B00D3181B889AB21E203B1827490A40C9
:103740001A803B183A181288802189014A401A8051
:10375000FB681B681A00BB681B789B00D3183A18DB
:1037600012881F490A4392B21A80BB1D1B8840224F
:1037700013401AD1FB681B681A00BB681B789B00BA
:10378000D3181B889AB21C203B1816490A401A808D
:10379000FB681B681A00BB681B789B00D3183A189B
:1037A000128811490A4392B21A801A243B191B88C5
:1037B000002B09D0FB681868BB685969BB685A8937
:1037C0003B191B8803F0E0FA1A23FB181B8818002A
:1037D000BD4609B090BDC046020400008FBFFFFF88
:1037E0008080FFFF8F8FFFFFC080FFFF0604000077
:1037F00080B5A4B000AFF860B960BB1D1A80BB1DD6
:103800001B884022134000D1E4E1FB681B68502272
:103810009B5A9BB21A00BB681B78DB00D218FB686E
:103820001B68D318D04A944663441A8888217B18B1
:103830009205920D1A80BB689A697B181B889A4280
:1038400007D9BB689A697B181B88D21ABB689A6132
:1038500002E0BB6800229A61BB689B69002B00D024
:10386000B5E0BB685B78002B25D1FB681B68FB6269
:10387000FB681B6850229B5A9BB21A00FB6A9B187C
:10388000FB62BB681B78DA00FB6AD318B64A944621
:103890006344BB62BB6A1B889BB29B059B0D9AB2BB
:1038A000BB6A1A80BB6A1B889BB2B04A13439AB2A8
:1038B000BB6A1A801BE0BB685B78012B17D1FB68E1
:1038C0001B687B63FB681B6850229B5A9BB21A00E3
:1038D0007B6B9B187B63BB681B78DA007B6BD31810
:1038E000A14A944663443B633B6B00221A80FB6809
:1038F0001B687B62BB685B78002B25D1FB681B686B
:10390000FB61FB681B6850229B5A9BB21A00FB6943
:103910009B18FB61BB681B78DA00FB69D318944ADB
:1039200094466344BB61BB691B889BB29B059B0D9E
:103930009AB2BB691A80BB691B889BB28B4A13433E
:103940009AB2BB691A8018E0BB685B78012B14D16E
:10395000FB681B6850229B5A9BB21A007B6A9B181B
:103960007B62BB681B78DA007B6AD318804A944676
:1039700063443B623B6A00221A80BB681A78FB688A
:103980001100180004F0BAFFBB1D1A888023DB0168
:10399000134000D108E3FB681B681A00BB681B7862
:1039A0009B00D3181B889AB216203B1871490A4015
:1039B0001A80FB681B681A00BB681B789B00D31831
:1039C0003A1812886C490A4392B21A80ECE2BB1D85
:1039D0001A888023DB0113401AD0FB681B681A0089
:1039E000BB681B789B00D3181B889AB28A203B18AF
:1039F00060490A401A80FB681B681A00BB681B7884
:103A00009B00D3183A1812885B490A4392B21A8075
:103A1000BB6824229B5C012B00D0C5E2BB685A69BD
:103A200088217B181B88D218BB685A61BB68DA6989
:103A30007B181B88D218BB68DA61BB681A6ABB683E
:103A40001B699A420CD3BB681B698C217A181360DE
:103A5000BB681A6A7B181B68D21ABB681A621AE024
:103A6000BB681B6A002B0AD18823FB181B888C2299
:103A7000BA181360BB682422002199540BE0BB687C
:103A8000242200219954BB681B6A8C22BA18136047
:103A9000BB6800221A62BB685B78002B00D06DE027
:103AA000FB681B68FB63FB681B6850229B5A9BB238
:103AB0001A00FB6B9B18FB63BB681B78DA00FB6B7F
:103AC000D318294A94466344BB63BB6B1B889BB2E3
:103AD0009B059B0D9AB2BB6B1A808C23FB181B684D
:103AE000002B08D1BB6B1B889BB2204A13439AB2B0
:103AF000BB6B1A8061E08C22BB181B683E2B17D869
:103B0000BB181B685B08BB64BB181B680122134011
:103B100002D0BB6C0133BB64BB6B1B889AB2BB6C1D
:103B20009BB29B029BB213439AB2BB6B1A8044E0D8
:103B30008C22BB181B685B09BB64BB181B681F2267
:103B4000134002D1BB6C013BBB64BB6B1B889AB2B8
:103B5000BB6C9BB29B029BB213439BB2034A1343C1
:103B60009AB2BB6B1A8028E0020400000080FFFFBD
:103B7000060400008F8FFFFF80C0FFFFBB685B78EB
:103B8000012B1AD1FB681B687B64FB681B68502201
:103B90009B5A9BB21A007B6C9B187B64BB681B789A
:103BA000DA007B6CD318D94A944663443B648C2377
:103BB000FB181B689AB23B6C1A80FB681868BB68DC
:103BC0005969BB681A898C23FB181B689BB203F0E8
:103BD00091F8E9E1FB681B6850229B5A9BB21A00DE
:103BE000BB681B78DB00D218FB681B68D318C84A77
:103BF000944663441A8888217B189205920D1A8096
:103C0000BB689A697B181B889A4207D3BB689A697C
:103C10007B181B88D21ABB689A6102E0BB6800223D
:103C20009A61BB689B69002B00D0BBE0BB685B78E6
:103C3000002B25D1FB681B68FB67FB681B685022C3
:103C40009B5A9BB21A00FB6F9B18FB67BB681B78E3
:103C5000DA00FB6FD318AD4A94466344BB67BB6F71
:103C60001B889BB29B059B0D9AB2BB6F1A80BB6FE2
:103C70001B889BB2A74A13439AB2BB6F1A801BE002
:103C8000BB685B78012B17D1FB681B687B66FB6800
:103C90001B6850229B5A9BB21A007B6E9B187B6656
:103CA000BB681B78DA007B6ED318984A944663444D
:103CB0003B663B6E00221A80FB681B687B67BB6813
:103CC0005B78002B2BD1FB681B68FB66FB681B68CD
:103CD00050229B5A9BB21A00FB6E9B18FB66BB6876
:103CE0001B78DA00FB6ED318894A9446634484211A
:103CF0007A1813607B181B681B889BB29B059B0D71
:103D00009AB27B181B681A807B181B681B889BB2B1
:103D1000804A13439AB27B181B681A8018E0BB686C
:103D20005B78012B14D1FB681B6850229B5A9BB215
:103D30001A007B6F9B187B67BB681B78DA007B6F70
:103D4000D318734A944663443B673B6F00221A8042
:103D5000BB681A78FB681100180004F0CFFDBB1D8A
:103D60001A888023DB01134000D01DE1FB681B682B
:103D70001A00BB681B789B00D3181B889AB282205C
:103D80003B1865490A401A80FB681B681A00BB682B
:103D90001B789B00D3183A18128860490A4392B2E4
:103DA0001A8001E1BB1D1A888023DB0113401AD160
:103DB000FB681B681A00BB681B789B00D3181B8824
:103DC0009AB24E203B1854490A401A80FB681B687F
:103DD0001A00BB681B789B00D3183A1812884F4909
:103DE0000A4392B21A80BB6824229B5C012B00D04C
:103DF000DAE0BB685A6988217B181B88D218BB6837
:103E00005A61BB68DA697B181B88D218BB68DA6113
:103E1000BB681A6ABB681B699A420CD3BB681B69F2
:103E20008C217A181360BB681A6A7B181B68D21A37
:103E3000BB681A621AE0BB681B6A002B0AD1882390
:103E4000FB181B888C22BA181360BB68242200213F
:103E500099540BE0BB681B6A8C22BA181360BB68CC
:103E600000221A62BB68242200219954FB681B6857
:103E70007B65BB685B78002B00D06DE0FB681B683E
:103E8000FB65FB681B6850229B5A9BB21A00FB6DB6
:103E90009B18FB65BB681B78DA00FB6DD3181C4AC6
:103EA00094466344BB65BB6D1B889BB29B059B0D11
:103EB0009AB2BB6D1A808C23FB181B68002B08D1AB
:103EC000BB6D1B889BB2134A13439AB2BB6D1A8019
:103ED0005EE08C22BB181B683E2B21D8BB181B68E8
:103EE0005B08BB66BB181B680122134002D0BB6E87
:103EF0000133BB66BB6D1B889AB2BB6E9BB29B0243
:103F00009BB213439AB2BB6D1A8041E002040000D9
:103F1000060400000080FFFF8F8FFFFF80C0FFFFBF
:103F20008C22BB181B685B09BB66BB181B681F2271
:103F3000134002D1BB6E013BBB66BB6D1B889AB2BE
:103F4000BB6E9BB29B029BB213439BB22C4A1343A2
:103F50009AB2BB6D1A801BE0BB685B78012B17D14E
:103F6000FB681B6850229B5A9BB21A007B6D9B1802
:103F70007B65BB681B78DA007B6DD318214A9446B9
:103F800063443B658C23FB181B689AB23B6D1A8017
:103F9000FB681868BB685969BB685A898C23FB1891
:103FA0001B689BB202F0A6FEFB681B681A00BB6888
:103FB0001B789B00D3181B889AB214203B18124917
:103FC0000A401A803B183A18128810214A401A8079
:103FD0003B183A18128820214A401A80FB681B6857
:103FE0001A00BB681B789B00D3183A18128807493F
:103FF0000A4392B21A8000231800BD4624B080BD47
:104000000080FFFF06040000BF8FFFFF8080FFFFDE
:1040100090B587B000AFF860080011007B600A24FB
:104020003B19021C1A800823FB180A1C1A80210065
:104030007B181B88802213409BB2002B0CD07B186E
:104040001B8807221A4013009B009B18DB001033CB
:10405000FA68D3187B610BE00A23FB181A88130057
:104060009B009B18DB005133FF33FA68D3187B6148
:104070000823FB181B88002B07D17B6900221A73C9
:104080007B689AB27B69DA800BE07B6901221A7344
:104090007B689AB27B691A817B681B0C9AB27B6938
:1040A0005A8100231800BD4607B090BD80B584B08A
:1040B00000AF78607B681B68FB607A68B4239B0064
:1040C0000121D1507A68B2239B000021D154FB68B2
:1040D00054229B5A9BB20122134399B2FB6854228B
:1040E0009952FB6854229B5A9BB20222134399B205
:1040F000FB685422995200231800BD4604B080BDCD
:1041000080B582B000AF78600A00FB1C1A70C04610
:10411000BD4602B080BD000080B588B000AF7860B9
:104120007B68002B02D1012300F076FB7B681B68C3
:104130000122134000D18EE0C54B5B680C22134076
:10414000042B0ED0C24B5B680C221340082B17D1F6
:10415000BF4B5A68C0235B021A4080235B029A421D
:104160000ED1BB4B1A6880239B02134000D171E033
:104170007B685B68002B00D06CE0012300F04CFBF7
:104180007B685B68012B07D1B14B1A68B04B80216B
:1041900049020A431A602FE07B685B68002B0CD150
:1041A000AB4B1A68AA4BAB490A401A60A84B1A6875
:1041B000A74BA9490A401A601EE07B685B68052B83
:1041C0000ED1A34B1A68A24B8021C9020A431A6080
:1041D0009F4B1A689E4B802149020A431A600BE0EC
:1041E0009B4B1A689A4B9B490A401A60984B1A6875
:1041F000974B99490A401A607B685B68002B14D082
:10420000FDF702F80300BB6108E0FCF7FDFF0200C8
:10421000BB69D31A642B01D90323FDE28C4B1A68C6
:1042200080239B021340F0D015E0FCF7EDFF030064
:10423000BB6108E0FCF7E8FF0200BB69D31A642BFE
:1042400001D90323E8E2824B1A6880239B021340C2
:10425000F0D100E0C0467B681B680222134000D109
:104260006CE07B4B5B680C2213400ED0784B5B6894
:104270000C221340082B1FD1754B5A68C0235B02D8
:104280001A4080231B029A4216D1714B1B680222EE
:10429000134005D07B68DB68012B01D00123BBE212
:1042A0006B4B1B68F822934319007B681B69DA008B
:1042B000674B0A431A6041E07B68DB68002B24D01F
:1042C000634B1A68624B01210A431A60FCF79CFF9A
:1042D0000300BB6108E0FCF797FF0200BB69D31A3B
:1042E000022B01D9032397E2594B1B68022213408A
:1042F000F1D0574B1B68F822934319007B681B6968
:10430000DA00534B0A431A6018E0514B1A68504BBD
:1043100001218A431A60FCF777FF0300BB6108E0C4
:10432000FCF772FF0200BB69D31A022B01D90323E9
:1043300072E2474B1B6802221340F1D17B681B6875
:104340000822134036D07B68DB69002B19D0404B24
:104350005A6A3F4B01210A435A62FCF755FF03009A
:10436000BB6108E0FCF750FF0200BB69D31A022BC7
:1043700001D9032350E2364B5B6A02221340F1D08D
:1043800018E0334B5A6A324B01218A435A62FCF7D8
:104390003BFF0300BB6108E0FCF736FF0200BB698E
:1043A000D31A022B01D9032336E2294B5B6A02227E
:1043B0001340F1D17B681B680422134000D1B5E0A3
:1043C0001F203B1800221A70214BDA6980235B05FD
:1043D000134010D11E4BDA691D4B802149050A4359
:1043E000DA611B4BDA6980235B051340FB60FB68D5
:1043F0003B1801221A70194B1A6880235B00134086
:104400001AD1164B1A68154B802149000A431A60CD
:10441000FCF7FAFE0300BB6108E0FCF7F5FE0200C2
:10442000BB69D31A642B01D90323F5E10B4B1A683E
:1044300080235B001340F0D07B689B68012B0FD179
:10444000034B1A6A024B01210A431A6236E0C04646
:1044500000100240FFFFFEFFFFFFFBFF0070004067
:104460007B689B68002B0CD1CA4B1A6AC94B01218F
:104470008A431A62C74B1A6AC64B04218A431A62DE
:104480001CE07B689B68052B0CD1C24B1A6AC14BA0
:1044900004210A431A62BF4B1A6ABE4B01210A4328
:1044A0001A620BE0BB4B1A6ABA4B01218A431A62AB
:1044B000B84B1A6AB74B04218A431A627B689B681F
:1044C000002B14D0FCF7A0FE0300BB6109E0FCF751
:1044D0009BFE0200BB69D31AAF4A934201D9032362
:1044E0009AE1AC4B1B6A02221340F0D013E0FCF7B8
:1044F0008BFE0300BB6109E0FCF786FE0200BB698E
:10450000D31AA54A934201D9032385E1A14B1B6A23
:1045100002221340F0D11F23FB181B78012B05D179
:104520009C4BDA699B4B9D490A40DA617B681B68AA
:104530001022134063D07B685B69012B2AD1954B15
:104540005A6B944B04210A435A63924B5A6B914B1A
:1045500001210A435A63FCF757FE0300BB6108E0E0
:10456000FCF752FE0200BB69D31A022B01D90323C8
:1045700052E1884B5B6B02221340F1D0854B5B6BA1
:10458000F822934319007B689B69DA00814B0A4348
:104590005A6334E07B685B69053311D17D4B5A6BFC
:1045A0007C4B04218A435A637A4B5B6BF82293431A
:1045B00019007B689B69DA00764B0A435A631EE058
:1045C000744B5A6B734B04210A435A63714B5A6BF9
:1045D000704B01218A435A63FCF716FE0300BB614E
:1045E00008E0FCF711FE0200BB69D31A022B01D9C7
:1045F000032311E1674B5B6B02221340F1D17B680F
:104600001B68202213405CD0624B5B680C22134075
:104610000C2B0ED05F4B5B680C221340082B14D17F
:104620005C4B5A68C0235B021A40C0235B029A426B
:104630000BD1584B5A6B80239B02134040D07B68B0
:104640001B6A012B3CD00123E6E07B681B6A002B30
:104650001BD0504B5A6B4F4B802149020A435A637F
:10466000FCF7D2FD0300BB6108E0FCF7CDFD0200C2
:10467000BB69D31A022B01D90323CDE0454B5A6BFA
:1046800080239B021340F0D01BE0424B5A6B414BFE
:1046900043490A405A63FCF7B7FD0300BB6108E0D9
:1046A000FCF7B2FD0200BB69D31A022B01D9032328
:1046B000B2E0384B5A6B80239B021340F0D100E0EC
:1046C000C0467B685B6A002B00D1A4E0314B5B687D
:1046D0000C221340082B00D178E07B685B6A022B28
:1046E0004CD12C4B1A682B4B2E490A401A60FCF710
:1046F0008BFD0300BB6108E0FCF786FD0200BB698F
:10470000D31A022B01D9032386E0224B1A68802397
:104710009B041340F0D11F4BDB6A0F229343190017
:104720007B681A6B1B4B0A43DA621A4B5B681E4AA2
:10473000134019007B68DA6A7B689B6A1A43154B41
:104740000A435A60134B1A68124B802149040A43EA
:104750001A60FCF759FD0300BB6108E0FCF754FD4B
:104760000200BB69D31A022B01D9032354E0094B81
:104770001A6880239B041340F0D04CE0054B1A6864
:10478000044B08490A401A60FCF73EFD0300BB6178
:1047900015E0C0460010024088130000FFFFFFEF45
:1047A000FFFFFEFFFFFFFFFEFF7FC2FFFCF72CFDB8
:1047B0000200BB69D31A022B01D903232CE0184B4A
:1047C0001A6880239B041340F0D124E07B685B6A65
:1047D000012B01D101231FE0114B5B687B61104B62
:1047E000DB6A3B617A69C0235B021A407B689B6A83
:1047F0009A420ED13B690F221A407B681B6B9A428A
:1048000007D17A69F0239B031A407B68DB6A9A42DE
:1048100001D0012300E000231800BD4608B080BD90
:104820000010024080B584B000AF786039607B68CA
:10483000002B01D10123BFE0614B1B680122134013
:104840003A689A4211D95E4B1B68012293431900C2
:104850005B4B3A680A431A60594B1B6801221340AC
:104860003A689A4201D00123A6E07B681B680222C5
:10487000134015D07B681B680422134006D0514BAF
:104880005A68504BE021C9000A435A604D4B5B689F
:10489000F022934319007B689A684A4B0A435A6096
:1048A0007B681B68012213404CD07B685B68012B3E
:1048B00007D1444B1A6880239B02134020D1012367
:1048C0007AE07B685B68022B07D13E4B1A68802335
:1048D0009B04134014D101236EE07B685B68032BBB
:1048E00007D1384B5A6B80239B02134008D1012318
:1048F00062E0344B1B680222134001D101235BE0CC
:10490000304B5B680322934319007B685A682D4B38
:104910000A435A60FCF778FC0300FB6009E0FCF7EF
:1049200073FC0200FB68D31A274A934201D9032380
:1049300042E0244B5B680C221A407B685B689B005A
:104940009A42ECD11E4B1B68012213403A689A42EE
:1049500011D21B4B1B68012293431900184B3A6874
:104960000A431A60164B1B68012213403A689A42A8
:1049700001D0012320E07B681B680422134009D08A
:10498000104B5B68114A134019007B68DA680D4BC5
:104990000A435A6000F020F801000A4B5B681B09CB
:1049A0000F2213400A4AD35C0A00DA40094B1A600E
:1049B0000320FCF7E3FB00231800BD4604B080BDD4
:1049C000002002400010024088130000FFF8FFFFA3
:1049D0005C8F00080000002080B586B000AF002387
:1049E000FB600023BB6000237B6100237B6000230E
:1049F0003B612D4B5B68FB60FB680C2213400C2B6A
:104A000046D048D8042B02D0082B03D043E0274BD4
:104A10003B6143E0FB689B0C0F221340244AD35CAC
:104A20007B60214BDB6A0F221340224AD35CBB60C0
:104A3000FA68C0235B021A4080235B029A4209D1C4
:104A4000B9681A48FBF760FB03001A007B68534300
:104A50007B611AE0FA68C0235B021A40C0235B0244
:104A60009A4209D1B9681448FBF74EFB03001A00BB
:104A70007B6853437B6108E0B9680C48FBF744FB53
:104A800003001A007B6853437B617B693B6105E04F
:104A9000094B3B6102E0054B3B61C0463B69180096
:104AA000BD4606B080BDC0460010024000127A002C
:104AB0006C8F00087C8F0008006CDC0280B586B02B
:104AC00000AF786000233B610023FB607B681A68BD
:104AD00080235B02134000D18EE017203B18002298
:104AE0001A706E4BDA6980235B05134010D16B4B53
:104AF000DA696A4B802149050A43DA61674BDA6952
:104B000080235B051340BB60BB683B1801221A7011
:104B1000634B1A6880235B0013401AD1604B1A68FC
:104B20005F4B802149000A431A60FCF76DFB0300CC
:104B30003B6108E0FCF768FB02003B69D31A642B79
:104B400001D90323A6E0564B1A6880235B0013406B
:104B5000F0D0524B1A6AC0239B001340FB60FB68E5
:104B6000002B34D07B685A68C0239B001340FA683E
:104B70009A422CD0494B1B6A4A4A1340FB60474B70
:104B80001A6A464B802149020A431A62434B1A6A49
:104B9000424B45490A401A62404BFA681A62FB6868
:104BA0000122134013D0FCF72FFB03003B6109E007
:104BB000FCF72AFB02003B69D31A3C4A934201D915
:104BC000032367E0354B1B6A02221340F0D0334BBE
:104BD0001B6A344A134019007B685A682F4B0A43FA
:104BE0001A621723FB181B78012B05D12B4BDA69AE
:104BF0002A4B2F490A40DA617B681B680122134067
:104C000009D0264B1B6B0322934319007B689A68DB
:104C1000224B0A431A637B681B680222134009D0A7
:104C20001E4B1B6B234A134019007B68DA681B4B31
:104C30000A431A637B681B682022134009D0174B74
:104C40001B6B1022934319007B681A69134B0A43AC
:104C50001A637B681A6880239B02134009D00F4BAC
:104C60001B6B8022934319007B689A690B4B0A43A4
:104C70001A637B681A688023DB00134009D0074B56
:104C80001B6B4022934319007B685A69034B0A430C
:104C90001A6300231800BD4606B080BD0010024014
:104CA00000700040FFFCFFFFFFFFFEFF88130000C5
:104CB000FFFFFFEFFFFFFCFF80B584B000AF78601F
:104CC0007B68442200219952054BFB60FB6899B236
:104CD0007B684022995200231800BD4604B080BD75
:104CE00080BF000080B584B000AF7860094BFB60E6
:104CF0007B6840229B5A9BB2FA6892B2D24392B22E
:104D0000134099B27B684022995200231800BD4697
:104D100004B080BD80BF000080B584B000AFF860F3
:104D20003B1D19605A60FB68402201219952FB68C3
:104D3000402200219952FB68442200219952FB68CD
:104D400050220021995200231800BD4604B080BDB6
:104D500080B59CB000AF786039606F23FB180022EB
:104D60001A707A683B681B789B00D3181B889AB22C
:104D70006C23FB18A1490A401A803B68DB78032B9F
:104D800017D028DC022B0ED025DC002B02D0012B03
:104D900018D020E06C22BB18BA1812888021890034
:104DA0000A431A801CE06C22BB18BA1812881A80B9
:104DB00016E06C22BB18BA181288C021C9000A4339
:104DC0001A800DE06C22BB18BA1812888021C90025
:104DD0000A431A8004E06F23FB1801221A70C046B0
:104DE0007A683B681B789B00D3186C22BA1812882B
:104DF00083490A4392B21A807A683B681B789B0009
:104E0000D3181B889BB21BB27E4A13401AB23B6870
:104E10001B781BB213431AB266217B181A807A687A
:104E20003B681B789B00D3187A18128874490A4390
:104E300092B21A803B681B7B002B00D077E13B6865
:104E40005B78002B00D17AE07B68BB617B685022E5
:104E50009B5A9BB21A00BB699B18BB613B681B78CD
:104E6000DA00BB69D3188022D200944663447B6188
:104E70003B68DB885B089BB2DB189AB27B691A80BF
:104E80007A683B681B789B00D21812217B18128825
:104E90001A807B181B884022134016D07A683B6822
:104EA0001B789B00D3181B889AB210203B185549D9
:104EB0000A401A807A683B681B789B00D3183A181E
:104EC000128851490A4392B21A803B68DB78012B61
:104ED0001DD07A683B681B789B00D3181B889AB258
:104EE0000C203B1849490A401A803B183A1812888E
:104EF00020214A401A807A683B681B789B00D318AF
:104F00003A1812883E490A4392B21A80B5E27A688A
:104F10003B681B789B00D3181B889AB20E203B1865
:104F20003A490A401A807A683B681B789B00D3187C
:104F30003A18128832490A4392B21A809DE27B687D
:104F40003B637B6850229B5A9BB21A003B6B9B18B9
:104F50003B633B681B78DA003B6BD3182C4A9446C2
:104F60006344FB623B68DB885B089BB2DB189AB248
:104F7000FB6A1A807B68BB627B6850229B5A9BB29B
:104F80001A00BB6A9B18BB623B681B78DA00BB6ADD
:104F9000D318204A944663447B627B6A1B889BB289
:104FA0009B059B0D9AB27B6A1A803B681B69002B9C
:104FB00008D17B6A1B889BB2174A13439AB27B6A5B
:104FC0001A8045E03B681B693E2B27D83B681B696C
:104FD0005B08BB663B681B690122134002D0BB6EB5
:104FE0000133BB667B6A1B889AB2BB6E9BB29B0285
:104FF0009BB213439AB27B6A1A8029E08F89FFFF24
:105000008080FFFF8F8FFFFFC080FFFFBF8FFFFFFC
:1050100004040000060400000080FFFF3B681B69D9
:105020005B09BB663B681B691F22134002D1BB6E44
:10503000013BBB667B6A1B889AB2BB6E9BB29B022C
:105040009BB213439BB2B54A13439AB27B6A1A8050
:105050007A683B681B789B00D21822217B18128843
:105060001A807B181A888023DB01134016D07A68D7
:105070003B681B789B00D3181B889AB220203B18F2
:10508000A7490A401A807A683B681B789B00D318AE
:105090003A181288A3490A4392B21A803B681B78D7
:1050A000002B25D17A683B681B789B00D3181B889E
:1050B0009AB21C203B189C490A401A803B183A18A7
:1050C0001288802149014A401A803B183A181288F8
:1050D000802189014A401A807A683B681B789B00CE
:1050E000D3183A18128891490A4392B21A80C4E13F
:1050F0007A683B681B789B00D3181B889AB21E20E5
:105100003B1889490A401A803B183A1812888021B6
:1051100089014A401A807A683B681B789B00D31843
:105120003A18128881490A4392B21A80A5E13B6875
:10513000DB78022B17D17A683B681B789B00D31869
:105140001B889AB262203B1875490A401A807A6817
:105150003B681B789B00D3183A18128874490A439D
:1051600092B21A8016E07A683B681B789B00D318CD
:105170001B889AB264203B186E490A401A807A68EC
:105180003B681B789B00D3183A18128867490A437A
:1051900092B21A807B68FB657B6850229B5A9BB257
:1051A0001A00FB6D9B18FB653B681B78DA00FB6DF2
:1051B000D3188022D20094466344BB653B681B89A8
:1051C0005B089BB2DB189AB2BB6D1A807B687B656B
:1051D0007B6850229B5A9BB21A007B6D9B187B65A3
:1051E0003B681B78DA007B6DD318534A94466344BE
:1051F0003B653B685B895B089BB2DB189AB23B6DF1
:105200001A803B685B78002B00D09BE07A683B6893
:105210001B789B00D21840217B1812881A807B18BB
:105220001A888023DB01134016D07A683B681B780C
:105230009B00D3181B889AB23E203B1838490A407D
:105240001A807A683B681B789B00D3183A1812883A
:1052500034490A4392B21A807A683B681B789B00F3
:10526000D2183C217B1812881A807B181B88402298
:10527000134016D07A683B681B789B00D3181B88B4
:105280009AB23A203B1826490A401A807A683B684D
:105290001B789B00D3183A18128828490A4392B207
:1052A0001A807A683B681B789B00D3181B889AB2D7
:1052B00038203B181C490A401A803B183A181288BB
:1052C000802149014A401A803B183A1812888021EF
:1052D00089014A401A807A683B681B789B00D31882
:1052E0003A18128811490A4392B21A807A683B68C8
:1052F0001B789B00D3181B889AB236203B181049A4
:105300000A401A807A683B681B789B00D3183A18C9
:10531000128806490A4392B21A80AEE00080FFFF6D
:105320008F8FFFFF80C0FFFF8FBFFFFF8080FFFFD9
:105330008081FFFF8F8EFFFF04040000C080FFFF0D
:10534000BF8FFFFF7A683B681B789B00D2184E2105
:105350007B1812881A807B181A888023DB0113407F
:1053600016D07A683B681B789B00D3181B889AB2CA
:105370004C203B1844490A401A807A683B681B78E5
:105380009B00D3183A18128840490A4392B21A80F7
:105390007A683B681B789B00D2184A217B181288D8
:1053A0001A807B181B884022134016D07A683B680D
:1053B0001B789B00D3181B889AB248203B183249AF
:1053C0000A401A807A683B681B789B00D3183A1809
:1053D00012882F490A4392B21A803B68DB78012B6E
:1053E0001DD07A683B681B789B00D3181B889AB243
:1053F00044203B1827490A401A803B183A18128863
:1054000020214A401A807A683B681B789B00D31899
:105410003A18128820490A4392B21A8016E07A6834
:105420003B681B789B00D3181B889AB246203B1818
:1054300018490A401A807A683B681B789B00D31889
:105440003A18128814490A4392B21A807A683B6863
:105450001B789B00D3181B889AB242203B180F4937
:105460000A401A807A683B681B789B00D3183A1868
:10547000128809490A4392B21A806F23FB181B78DD
:105480001800BD461CB080BD8F8FFFFF80C0FFFF9E
:10549000C080FFFFBF8FFFFF8080FFFF8FBFFFFF38
:1054A00080B58CB000AF786039603B681B7B002B07
:1054B00000D07EE03B685B78002B3CD07A683B688C
:1054C0001B789B00D2180C217B1812881A807B183D
:1054D0001B884022134016D07A683B681B789B00DB
:1054E000D3181B889AB20A203B18C7490A401A8071
:1054F0007A683B681B789B00D3183A181288C34916
:105500000A4392B21A807A683B681B789B00D318D2
:105510001B889AB208203B18BD490A401A807A6855
:105520003B681B789B00D3183A181288B9490A4384
:1055300092B21A8063E17A683B681B789B00D218AC
:1055400012217B1812881A807B181A888023DB01AD
:10555000134016D07A683B681B789B00D3181B88D1
:105560009AB210203B18A8490A401A807A683B6812
:105570001B789B00D3183A181288A7490A4392B2A5
:105580001A807A683B681B789B00D3181B889AB2F4
:105590000E203B18A1490A401A807A683B681B78A4
:1055A0009B00D3183A1812889A490A4392B21A807B
:1055B00025E13B685B78002B00D090E07A683B687F
:1055C0001B789B00D21820217B1812881A807B1828
:1055D0001A888023DB01134016D07A683B681B7859
:1055E0009B00D3181B889AB21E203B1886490A409C
:1055F0001A807A683B681B789B00D3183A18128887
:1056000085490A4392B21A807A683B681B789B00EE
:10561000D2181C217B1812881A807B181B88402204
:10562000134016D07A683B681B789B00D3181B8800
:105630009AB21A203B1874490A401A807A683B686B
:105640001B789B00D3183A18128870490A4392B20B
:105650001A807A683B681B789B00D3181B889AB223
:1056600018203B1868490A401A807A683B681B7802
:105670009B00D3183A18128864490A4392B21A80E0
:105680007A683B681B789B00D3181B889AB2162057
:105690003B1862490A401A807A683B681B789B0075
:1056A000D3183A1812885B490A4392B21A807A6872
:1056B0003B681B789B00D3181B889AB214203B18B8
:1056C00053490A401A807A683B681B789B00D318BC
:1056D0003A1812884F490A4392B21A808FE07A68CA
:1056E0003B681B789B00D2182E217B1812881A80E9
:1056F0007B181A888023DB01134016D07A683B6838
:105700001B789B00D3181B889AB22C203B183E496B
:105710000A401A807A683B681B789B00D3183A18B5
:1057200012883D490A4392B21A807A683B681B7816
:105730009B00D2182A217B1812881A807B181B889C
:105740004022134016D07A683B681B789B00D31820
:105750001B889AB228203B182B490A401A807A6885
:105760003B681B789B00D3183A18128827490A43D4
:1057700092B21A807A683B681B789B00D3181B880A
:105780009AB226203B1820490A401A807A683B6862
:105790001B789B00D3183A1812881F490A4392B20B
:1057A0001A807A683B681B789B00D3181B889AB2D2
:1057B00024203B1816490A401A807A683B681B78F7
:1057C0009B00D3183A18128812490A4392B21A80E1
:1057D0007A683B681B789B00D3181B889AB22220FA
:1057E0003B180E490A401A807A683B681B789B0078
:1057F000D3183A18128807490A4392B21A80002334
:105800001800BD460CB080BD8F8FFFFFC080FFFF2A
:10581000BF8FFFFF8080FFFF80C0FFFF8FBFFFFFB4
:1058200090B5C3B000AF786039603B685B78012BFE
:1058300001D000F02DFD3B689A693B681B699A42D4
:1058400005D93B681B697A1DFF32136004E03B6891
:105850009B697A1DFF3213603B681B7B002B25D1AF
:105860003B6859693B68DA887B1DFF331B689BB234
:10587000786801F03FFA7B683B617B6850229B5A55
:105880009BB21A003B699B183B613B681B78DA00AE
:105890003B69D318D74A94466344FB607B1DFF33B2
:1058A0001B689AB2FB681A8000F0CDFC3B68DB787D
:1058B000022B00D062E33B681A6A3B681B699A427C
:1058C00000D809E37A683B681B789B00D3181B88D3
:1058D0009AB256203B18C8490A401A807A683B6839
:1058E0001B789B00D3183A181288C4490A4392B215
:1058F0001A803B681A6A7B1DFF331B68D21A3B680B
:105900001A627A683B681B789B00D3181B889BB28D
:105910001A004023134000D176E17B683B633B686B
:105920005B78002B00D074E07B68BB627B68502200
:105930009B5A9BB21A00BB6A9B18BB623B681B78E0
:10594000DA00BB6AD318AE4A944663447B627B6A32
:105950001B889BB29B059B0D9AB27B6A1A807B1DAC
:10596000FF331B68002B08D17B6A1B889BB2A54ABA
:1059700013439AB27B6A1A8066E07B1DFF331B6873
:105980003E2B21D87B1DFF331B685B087A1CFF323E
:1059900013607B1DFF331B680122134006D07B1C64
:1059A000FF331B6801337A1CFF3213607B6A1B884C
:1059B0009AB27B1CFF331B689BB29B029BB21343C2
:1059C0009AB27B6A1A803FE07B1DFF331B685B093C
:1059D0007A1CFF3213607B1DFF331B681F221340AC
:1059E00006D17B1CFF331B68013B7A1CFF3213601E
:1059F0007B6A1B889AB27B1CFF331B689BB29B029D
:105A00009BB213439BB27F4A13439AB27B6A1A80BC
:105A10001AE03B685B78012B16D17B6850229B5AB9
:105A20009BB21A003B6B9B183B633B681B78DA0008
:105A30003B6BD318724A94466344FB627B1DFF3371
:105A40001B689AB2FB6A1A8076203B183A68528922
:105A50001A803B6859697B1DFF331B689CB23B1859
:105A60001A887868230001F045F93B685A697B1D64
:105A7000FF331B68D2183B685A613B681A6A3B685F
:105A80001B699A4208D93B681A6A7B1DFF331B6861
:105A9000D21A3B681A6207E03B681B6A7A1DFF3224
:105AA00013603B6800221A623B685B78002B00D0D1
:105AB00070E07B68BB617B6850229B5A9BB21A00E6
:105AC000BB699B18BB613B681B78DA00BB69D318C4
:105AD000484A944663447B617B691B889BB29B0563
:105AE0009B0D9AB27B691A807B1DFF331B68002BCC
:105AF00008D17B691B889BB2424A13439AB27B69E7
:105B00001A8064E07B1DFF331B683E2B1FD87B1D72
:105B1000FF331B685B08FC217A1813607B1DFF3381
:105B20001B680122134004D07B181B6801337A18CC
:105B300013607B691B889AB2FC23FB181B689BB21D
:105B40009B029BB213439AB27B691A803FE07B1D94
:105B5000FF331B685B09FC217A1813607B1DFF3340
:105B60001B681F22134004D17B181B68013B7A1865
:105B700013607B691B889AB2FC23FB181B689BB2DD
:105B80009B029BB213439BB21E4A13439AB27B699A
:105B90001A801CE03B685B78012B18D17B683B6264
:105BA0007B6850229B5A9BB21A003B6A9B183B624F
:105BB0003B681B78DA003B6AD3180E4A944663446C
:105BC000FB617B1DFF331B689AB2FB691A8076204C
:105BD0003B183A6812891A803B6859697B1DFF336C
:105BE0001B689CB23B181A887868230001F082F881
:105BF00029E3C046020400008F8FFFFF8081FFFF72
:105C0000060400000080FFFF3B685B78002B00D09B
:105C100070E07B68BB647B6850229B5A9BB21A0081
:105C2000BB6C9B18BB643B681B78DA00BB6CD31859
:105C3000CD4A944663447B647B6C1B889BB29B0576
:105C40009B0D9AB27B6C1A807B1DFF331B68002B67
:105C500008D17B6C1B889BB2C44A13439AB27B6CFD
:105C60001A8064E07B1DFF331B683E2B1FD87B1D11
:105C7000FF331B685B08F8217A1813607B1DFF3324
:105C80001B680122134004D07B181B6801337A186B
:105C900013607B6C1B889AB2F823FB181B689BB2BD
:105CA0009B029BB213439AB27B6C1A803FE07B1D30
:105CB000FF331B685B09F8217A1813607B1DFF33E3
:105CC0001B681F22134004D17B181B68013B7A1804
:105CD00013607B6C1B889AB2F823FB181B689BB27D
:105CE0009B029BB213439BB2A04A13439AB27B6CB4
:105CF0001A801CE03B685B78012B18D17B683B6500
:105D00007B6850229B5A9BB21A003B6D9B183B65E7
:105D10003B681B78DA003B6DD318934A9446634482
:105D2000FB647B1DFF331B689AB2FB6C1A807620E4
:105D30003B183A6812891A803B6859697B1DFF330A
:105D40001B689CB23B181A887868230000F0D2FFC9
:105D50003B685A697B1DFF331B68D2183B685A6148
:105D60003B681A6A3B681B699A4208D93B681A6A01
:105D70007B1DFF331B68D21A3B681A6207E03B6841
:105D80001B6A7A1DFF3213603B6800221A627B682F
:105D90003B643B685B78002B00D070E07B68BB63A2
:105DA0007B6850229B5A9BB21A00BB6B9B18BB634B
:105DB0003B681B78DA00BB6BD3186D4A944663448A
:105DC0007B637B6B1B889BB29B059B0D9AB27B6BA5
:105DD0001A807B1DFF331B68002B08D17B6B1B884F
:105DE0009BB2624A13439AB27B6B1A8062E07B1DBE
:105DF000FF331B683E2B1FD87B1DFF331B685B08DE
:105E0000F4217A1813607B1DFF331B6801221340B5
:105E100004D07B181B6801337A1813607B6B1B88D6
:105E20009AB2F423FB181B689BB29B029BB21343EC
:105E30009AB27B6B1A803DE07B1DFF331B685B09C8
:105E4000F4217A1813607B1DFF331B681F22134057
:105E500004D17B181B68013B7A1813607B6B1B888D
:105E60009AB2F423FB181B689BB29B029BB21343AC
:105E70009BB23E4A13439AB27B6B1A801AE03B688E
:105E80005B78012B16D17B6850229B5A9BB21A007B
:105E90003B6C9B183B643B681B78DA003B6CD31867
:105EA000334A94466344FB637B1DFF331B689AB2FD
:105EB000FB6B1A8076203B183A6852891A803B683F
:105EC00059697B1DFF331B689CB23B181A887868A0
:105ED000230000F00FFFB6E13B681B6A7A1DFF321A
:105EE00013607A683B681B789B00D3181B889AB2B2
:105EF00062203B181F490A401A807A683B681B7869
:105F00009B00D3183A1812881B490A4392B21A8090
:105F10007B68FB657B6850229B5A9BB21A00FB6D25
:105F20009B18FB653B681B78DA00FB6DD3180E4AA3
:105F300094466344BB657B1DFF331B689AB2BB6DFF
:105F40001A8076203B183A6812891A803B68596992
:105F50007B1DFF331B689CB23B181A8878682300AE
:105F600000F0C8FE6FE1C046020400000080FFFFA1
:105F7000060400008F8EFFFF8080FFFF3B681A6AD7
:105F80007B1DFF331B68D21A3B681A627A683B6834
:105F90001B789B00D3181B889BB21A004023134028
:105FA00000D1A4E07B683B673B685B78002B00D0A6
:105FB00070E07B68BB667B6850229B5A9BB21A00DC
:105FC000BB6E9B18BB663B681B78DA00BB6ED318B0
:105FD000DA4A944663447B667B6E1B889BB29B05C2
:105FE0009B0D9AB27B6E1A807B1DFF331B68002BC2
:105FF00008D17B6E1B889BB2D14A13439AB27B6E49
:106000001A8062E07B1DFF331B683E2B1FD87B1D6F
:10601000FF331B685B08F0217A1813607B1DFF3388
:106020001B680122134004D07B181B6801337A18C7
:1060300013607B6E1B889AB2F023FB181B689BB21F
:106040009B029BB213439AB27B6E1A803DE07B1D8C
:10605000FF331B685B09F0217A1813607B1DFF3347
:106060001B681F22134004D17B181B68013B7A1860
:1060700013607B6E1B889AB2F023FB181B689BB2DF
:106080009B029BB213439BB2AD4A13439AB27B6E01
:106090001A801AE03B685B78012B16D17B6850228E
:1060A0009B5A9BB21A003B6F9B183B673B681B785F
:1060B000DA003B6FD318A14A94466344FB667B1D0C
:1060C000FF331B689AB2FB6E1A8076203B183A6841
:1060D00052891A803B6859697B1DFF331B689CB24B
:1060E0003B181A887868230000F004FEABE03B6898
:1060F0005B78002B00D070E07B68FB677B685022E8
:106100009B5A9BB21A00FB6F9B18FB673B681B787E
:10611000DA00FB6FD3188B4A94466344BB67BB6FAE
:106120001B889BB29B059B0D9AB2BB6F1A807B1D8F
:10613000FF331B68002B08D1BB6F1B889BB2804AC2
:1061400013439AB2BB6F1A806CE07B1DFF331B6850
:106150003E2B1FD87B1DFF331B685B08EC217A1890
:1061600013607B1DFF331B680122134004D07B1892
:106170001B6801337A181360BB6F1B889AB2EC233B
:10618000FB181B689BB29B029BB213439AB2BB6F76
:106190001A8047E07B1DFF331B685B09EC217A18EE
:1061A00013607B1DFF331B681F22134004D17B1833
:1061B0001B68013B7A181360BB6F1B889AB2EC23F3
:1061C000FB181B689BB29B029BB213439BB25C4AB9
:1061D00013439AB2BB6F1A8024E03B685B78012BB3
:1061E00020D17B6884217A1813607B6850229B5AE7
:1061F0009BB21A007B181B689B187A1813603B68C7
:106200001B78DA007B181B68D3184E4A9446634407
:1062100080217A1813607B1DFF331B689AB27B18AC
:106220001B681A8076203B183A6812891A803B68EE
:1062300059697B1DFF331B689CB23B181A8878682C
:10624000230000F057FD7A683B681B789B00D31849
:106250001B889AB20A203B183B490A401A803B1817
:106260003A18128810214A401A803B183A181288AE
:1062700020214A401A807A683B681B789B00D3181B
:106280003A18128831490A4392B21A8000F0E9FBA9
:106290003B681B7B002B00D0A8E03B689A693B68F9
:1062A0001B699A420DD93B681B697A1DFF32136046
:1062B0003B689A697B1DFF331B68D21A3B689A6161
:1062C00007E03B689B697A1DFF3213603B68002240
:1062D0009A617B6890217A1813607B6850229B5AE0
:1062E0009BB21A007B181B689B187A1813603B68D6
:1062F0001B78DA007B181B68D318104A9446634455
:106300008C217A1813607B181B681B889BB29B0535
:106310009B0D9AB27B181B681A807B1DFF331B688C
:10632000002B15D17B181B681B889BB2044A1343B2
:106330009AB27B181B681A806EE3C0460604000000
:106340000080FFFF02040000BF8FFFFF8080FFFF7F
:106350007B1DFF331B683E2B22D87B1DFF331B6840
:106360005B08E8217A1813607B1DFF331B6801224C
:10637000134004D07B181B6801337A1813608C21FA
:106380007B181B681B889AB2E823FB181B689BB21A
:106390009B029BB213439AB27B181B681A803BE3A3
:1063A0007B1DFF331B685B09E8217A1813607B1D96
:1063B000FF331B681F22134004D17B181B68013B6D
:1063C0007A1813608C217B181B681B889AB2E8230B
:1063D000FB181B689BB29B029BB213439BB2D74A2C
:1063E00013439AB27B181B681A8015E33B68DB786D
:1063F000022B00D089E13B685B78002B00D07BE06A
:106400007B68AC217A1813607B6850229B5A9BB240
:106410001A007B181B689B187A1813603B681B785E
:10642000DA007B181B68D318C54A94466344A82138
:106430007A1813607B181B681B889BB29B059B0D09
:106440009AB27B181B681A803B681B69002B0AD123
:106450007B181B681B889BB2B84A13439AB27B18FF
:106460001B681A806CE03B681B693E2B20D83B6898
:106470001B695B08E4217A1813603B681B690122E1
:10648000134004D07B181B6801337A181360A821CD
:106490007B181B681B889AB2E423FB181B689BB20D
:1064A0009B029BB213439AB27B181B681A8047E089
:1064B0003B681B695B09E4217A1813603B681B6920
:1064C0001F22134004D17B181B68013B7A1813600C
:1064D000A8217B181B681B889AB2E423FB181B6851
:1064E0009BB29B029BB213439BB2944A13439AB252
:1064F0007B181B681A8023E03B685B78012B1FD157
:106500007B68B4217A1813607B6850229B5A9BB237
:106510001A007B181B689B187A1813603B681B785D
:10652000DA007B181B68D318854A94466344B0216F
:106530007A1813603B681B699AB27B181B681A8033
:106540007B68A422BA1813603B685B78002B00D0EC
:106550007BE07B689C217A1813607B6850229B5AF1
:106560009BB21A007B181B689B187A1813603B6853
:106570001B78DA007B181B68D318724A9446634470
:1065800098217A1813607B181B681B889BB29B05A7
:106590009B0D9AB27B181B681A803B681B69002B05
:1065A0000AD17B181B681B889BB2644A13439AB2BA
:1065B0007B181B681A8069E03B681B693E2B20D85A
:1065C0003B681B695B08E0217A1813603B681B6914
:1065D0000122134004D07B181B6801337A18136022
:1065E00098217B181B681B889AB2E023FB181B6854
:1065F0009BB29B029BB213439AB27B181B681A8012
:1066000044E03B681B695B09E0217A1813603B6832
:106610001B691F22134004D17B181B68013B7A18A9
:10662000136098217B181B681B889AB2E023FB1823
:106630001B689BB29B029BB213439BB23F4A13431E
:106640009AB27B181B681A8020E03B685B78012BAC
:106650001CD17B6850229B5A9BB21A00A4217B1844
:106660001B689B187A1813603B681B78DA007B184C
:106670001B68D318334A94466344A0217A181360E8
:106680003B681B699AB27B181B681A803B68DB6900
:10669000002B00D1C0E17A683B681B789B00D218C0
:1066A00096217B1812881A807B181A888023DB01B8
:1066B000134004D07B181B88402213400DD1962133
:1066C0007B181A888023DB01134000D0A4E17B18DB
:1066D0001B884022134000D09EE17A683B681B78FB
:1066E0009B00D3181B889AB294203B1816490A4085
:1066F0001A807A683B681B789B00D3183A18128876
:1067000012490A4392B21A8086E13B68DB78012B7A
:1067100000D07FE13B689A693B681B699A4217D9B0
:106720003B681B697A1DFF3213603B689A697B1DC9
:10673000FF331B68D21A3B689A6111E00080FFFFAB
:1067400002040000060400008F8FFFFFC080FFFFDF
:106750003B689B697A1DFF3213603B6800229A6197
:106760003B685B78002B00D081E07B68CC217A18F5
:1067700013607B6850229B5A9BB21A007B181B68DF
:106780009B187A1813603B681B78DA007B181B682B
:10679000D318B64A94466344C8217A1813607B180C
:1067A0001B681B889BB29B059B0D9AB27B181B68CC
:1067B0001A807B1DFF331B68002B0AD17B181B68D6
:1067C0001B889BB2AA4A13439AB27B181B681A8093
:1067D00072E07B1DFF331B683E2B22D87B1DFF33ED
:1067E0001B685B08DC217A1813607B1DFF331B6874
:1067F0000122134004D07B181B6801337A18136000
:10680000C8217B181B681B889AB2DC23FB181B6805
:106810009BB29B029BB213439AB27B181B681A80EF
:106820004AE07B1DFF331B685B09DC217A1813608B
:106830007B1DFF331B681F22134004D17B181B688C
:10684000013B7A181360C8217B181B681B889AB219
:10685000DC23FB181B689BB29B029BB213439BB2C9
:10686000834A13439AB27B181B681A8024E03B6862
:106870005B78012B20D17B68D4217A1813607B6868
:1068800050229B5A9BB21A007B181B689B187A18DF
:1068900013603B681B78DA007B181B68D318734AB7
:1068A00094466344D0217A1813607B1DFF331B6824
:1068B0009AB27B181B681A807B68C422BA181360CE
:1068C0003B685B78002B00D081E07B68BC217A18A4
:1068D00013607B6850229B5A9BB21A007B181B687E
:1068E0009B187A1813603B681B78DA007B181B68CA
:1068F000D318604A94466344B8217A1813607B1811
:106900001B681B889BB29B059B0D9AB27B181B686A
:106910001A807B1DFF331B68002B0AD17B181B6874
:106920001B889BB2524A13439AB27B181B681A8089
:1069300072E07B1DFF331B683E2B22D87B1DFF338B
:106940001B685B08D8217A1813607B1DFF331B6816
:106950000122134004D07B181B6801337A1813609E
:10696000B8217B181B681B889AB2D823FB181B68B8
:106970009BB29B029BB213439AB27B181B681A808E
:106980004AE07B1DFF331B685B09D8217A1813602E
:106990007B1DFF331B681F22134004D17B181B682B
:1069A000013B7A181360B8217B181B681B889AB2C8
:1069B000D823FB181B689BB29B029BB213439BB26C
:1069C0002B4A13439AB27B181B681A8024E03B6859
:1069D0005B78012B20D17B6850229B5A9BB21A0016
:1069E000C4217B181B689B187A1813603B681B78BE
:1069F000DA007B181B68D3181E4A94466344C021F2
:106A00007A1813607B1DFF331B689AB27B181B68D2
:106A10001A8001E0012325E07A683B681B789B001F
:106A2000D3181B889AB28A203B1813490A401A804F
:106A30003B183A181288802149014A401A803B18B5
:106A40003A181288802189014A401A807A683B6886
:106A50001B789B00D3183A18128808490A4392B24F
:106A60001A8000231800BD4643B090BD0204000008
:106A70000080FFFF060400008FBFFFFF8080FFFF44
:106A800080B584B000AF786039603B685B78002BDC
:106A90001DD07A683B681B789B00D3181B889AB27C
:106AA0000C203B181B490A401A803B183A181288E0
:106AB00010214A401A807A683B681B789B00D318E3
:106AC0003A18128814490A4392B21A801DE07A6873
:106AD0003B681B789B00D3181B889AB20E203B188A
:106AE0000E490A401A803B183A1812888021490141
:106AF0004A401A807A683B681B789B00D3183A1882
:106B0000128805490A4392B21A8000231800BD4634
:106B100004B080BDBF8FFFFF8080FFFF8FBFFFFFEE
:106B200080B586B000AF786039603B681B7B002B76
:106B300000D095E03B685B78002B46D07A683B68D4
:106B40001B789B00D21810217B1812881A807B18A2
:106B50001B884022134016D07A683B681B789B0044
:106B6000D3181B889AB20E203B1840490A401A805D
:106B70007A683B681B789B00D3183A1812883C4906
:106B80000A4392B21A803B68DB78012B68D07A689E
:106B90003B681B789B00D3181B889AB20C203B18CB
:106BA00034490A401A803B183A18128820214A407A
:106BB0001A807A683B681B789B00D3183A181288B1
:106BC0002D490A4392B21A804AE07A683B681B78E2
:106BD0009B00D21816217B1812881A807B181A88FD
:106BE0008023DB01134016D07A683B681B789B003A
:106BF000D3181B889AB214203B181C490A401A80EB
:106C00007A683B681B789B00D3183A1812881B4996
:106C10000A4392B21A807A683B681B789B00D318AB
:106C20001B889AB212203B1815490A401A803B185B
:106C30003A181288802149014A401A803B183A18B4
:106C40001288802189014A401A807A683B681B7843
:106C50009B00D3183A18128807490A4392B21A8047
:106C600000231800BD4606B080BDC0468F8FFFFFD1
:106C7000C080FFFFBF8FFFFF8080FFFF80C0FFFF4E
:106C80008FBFFFFF80B582B000AF78600A00FB1CA9
:106C90001A70FB1C1B78002B03D17B684C228021CF
:106CA000995200231800BD4602B080BD80B582B065
:106CB00000AF78607B6858229B5A9BB2054A134309
:106CC00099B27B685822995200231800BD4602B041
:106CD00080BDC0460080FFFF80B584B000AF786003
:106CE0007B6844229B5A9BB2FB60FB681800BD4640
:106CF00004B080BD80B58AB000AFF860B9601900FB
:106D0000BB1D1A803B1D0A1C1A803B1D1B880133CA
:106D10005B08BB61FB687B61BB68FB61BB1D1A88BC
:106D20007B69D3188022D200944663443B62BB69DE
:106D30007B6221E0FB691A7812217B181A80FB69BB
:106D400001331B781BB21B021AB27B1800201B5E9A
:106D500013431AB27B181A803B6A7A1812881A8079
:106D60003B6A02333B62FB690133FB61FB69013320
:106D7000FB617B6A013B7B627B6A002BDAD1C046F8
:106D8000C046BD460AB080BD80B58AB000AFF8608D
:106D9000B9601900BB1D1A803B1D0A1C1A803B1DDF
:106DA0001B885B089BB2BB61FB687B61BB68FB61B6
:106DB000BB1D1A887B69D3188022D2009446634495
:106DC0003B62BB697B6218E03B6A1B889BB23B61FC
:106DD0003B6A02333B623B69DAB2FB691A70FB69BA
:106DE0000133FB613B691B0ADAB2FB691A70FB696C
:106DF0000133FB617B6A013B7B627B6A002BE3D141
:106E00003B1D1B88012213409BB2002B07D03B6A1D
:106E10001B889BB23B613B69DAB2FB691A70C046C2
:106E2000BD460AB080BD80B582B000AF78600A0070
:106E3000FB1C1A70786804230322812101F05FFE95
:106E40007B680122DA62102001F0DAFF01007A6823
:106E5000AE239B00D1507A68AE239B00D358002B01
:106E600001D1022306E07A68AE239B00D3580022AA
:106E70001A7300231800BD4602B080BD80B582B0F1
:106E800000AF78600A00FB1C1A707B688121180033
:106E900001F06CFE7B680022DA627A68AE239B0008
:106EA000D358002B0BD07A68AE239B00D358180020
:106EB00001F0B2FF7A68AE239B000021D15000237D
:106EC0001800BD4602B080BD80B588B000AF7860C4
:106ED00039607A68AE239B00D3583B611E23FB18B0
:106EE00000221A800023BB610E23FB1800221A80A7
:106EF0001723FB1800221A703B681B781A006023C6
:106F000013403AD0202B00D0D6E03B685B780B2BA7
:106F100008D026DC0A2B13D023DC022B19D0032B3C
:106F200007D01EE03B685B88DBB21A003B691A6041
:106F300022E039697B680122180001F0BCFA1BE0ED
:106F40003B685B881B0A9BB2DBB21A003B695A6044
:106F500012E03B69191D7B680122180001F0ABFAB1
:106F60000AE03A687B681100180001F026FA17233E
:106F7000FB1802221A70C046A9E03B685B780B2B15
:106F800000D175E000DD8BE00A2B57D000DD87E0F3
:106F9000002B02D0062B19D082E07A68A7239B0031
:106FA000D35C032B07D10E23F9187B68022218004B
:106FB00001F081FA7FE03A687B681100180001F067
:106FC000FCF91723FB1802221A7074E03B685B88F7
:106FD0001B0A9BB2222B0BD13B68DB881E22BA18FE
:106FE00099B23F2900D93F2313803C4BBB611CE081
:106FF0003B685B881B0A9BB2212B0BD1384BBB61D2
:107000003B68DB881E22BA1899B2092900D90923E6
:1070100013800AE03A687B681100180001F0CDF98E
:107020001723FB1802221A7045E01E23FB181A884A
:10703000B9697B68180001F03EFA3CE07A68A72342
:107040009B00D35C032B08D13B69083319007B6894
:107050000122180001F02FFA2DE03A687B68110038
:10706000180001F0AAF91723FB1802221A7022E077
:107070007A68A7239B00D35C032B06D13B685B880F
:10708000DBB21A003B699A6015E03A687B68110030
:10709000180001F092F91723FB1802221A700AE077
:1070A0003A687B681100180001F087F91723FB1874
:1070B00002221A70C0460AE03A687B681100180084
:1070C00001F07BF91723FB1802221A70C046172320
:1070D000FB181B781800BD4608B080BDC800002012
:1070E000B000002080B586B000AFF860B960BB1D6D
:1070F0001A80FA68AE239B00D3587B61FA68A723F5
:107100009B00D35C032B0DD17B691B7B002B09D12A
:107110007B6901221A73BB1D1B88BA68F86881213C
:1071200001F000FE00231800BD4606B080BD00003F
:1071300080B582B000AF78607B6822221A80024B53
:107140001800BD4602B080BD4400002080B582B06A
:1071500000AF78607B6822221A80024B1800BD467F
:1071600002B080BD6800002080B582B000AF7860BA
:107170007B6822221A80024B1800BD4602B080BDF7
:107180008C00002080B582B000AF78600A00FB1C44
:107190001A707A68AE239B00D35800221A7300231A
:1071A0001800BD4602B080BD80B582B000AF7860E7
:1071B0007B680A221A80024B1800BD4602B080BDCF
:1071C000BC00002080B584B000AFF860B960FB1D42
:1071D0001A70FB68002B01D1022320E0FA68AD236E
:1071E0009B00D358002B04D0FA68AD239B000021EC
:1071F000D150BB68002B04D0FA68AC239B00B9685F
:10720000D150FA68A7239B000121D154FB68FA1DD5
:1072100012781A70FB68180001F0FCFB00231800BC
:10722000BD4604B080BD80B584B000AF78603960E1
:107230000F203B1800221A703B68002B08D07A6898
:10724000AD239B003968D1503B1800221A7003E02F
:107250000F23FB1802221A700F23FB181B7818004B
:10726000BD4604B080BD80B582B000AF78607B6859
:10727000180001F01FFC00231800BD4602B080BDBD
:1072800080B582B000AF786000231800BD4602B020
:1072900080BD90B585B000AF78600A00FB1C1A7005
:1072A0000F243B1902221A707A68AD239B00D35831
:1072B000002B0ED07A68AD239B00D3581B68FA1CB4
:1072C00011787A6810009847031E02D13B190022FA
:1072D0001A700F23FB181B781800BD4605B090BD2F
:1072E00080B582B000AF78600A00FB1C1A707A6823
:1072F000AD239B00D3585B68FA1C11787A681000A4
:10730000984700231800BD4602B080BD80B582B00A
:1073100000AF786039607B68AA229200944663448B
:107320003A681100180001F010F87A68A5239B0054
:107330000121D1507B68234A9B5A19007A68A62301
:107340009B00D1507A68AA239B00D35C1A001F23AC
:107350001340022B19D022D8002B02D0012B0AD0C7
:107360001DE07B68AA2292009A187B681100180021
:1073700000F010FA20E07B68AA2292009A187B683D
:107380001100180000F078FA16E07B68AA2292003B
:107390009A187B681100180000F0C5FA0CE07A68B2
:1073A000AA239B00D35C7F229343DAB27B6811004F
:1073B000180001F006FCC04600231800BD4602B0CC
:1073C00080BDC046AE02000080B586B000AFF86058
:1073D0007A600B203B180A1C1A703B181B78002B94
:1073E00054D1FB685533FF337B61FA68A5239B00BA
:1073F000D358032B39D17B69DA687B691B699A42C0
:1074000019D97B69DA687B691B69D21A7B69DA60F2
:107410007B69DA687B691B699A4203D27B69DB6806
:107420009BB202E07B691B699BB27968F8681A001D
:1074300001F074F845E0FA68AD239B00D3581B694E
:10744000002B0DD0FA68A7239B00D35C032B07D138
:10745000FA68AD239B00D3581B69FA68100098475F
:10746000FB68180001F06DF82BE0FA68A5239B007B
:10747000D358052B25D1FA68A5239B000021D150B4
:10748000FB680021180001F09CFB1AE0FA68AD23AC
:107490009B00D3589B69002B11D0FA68A7239B004F
:1074A000D35C032B0BD1FA68AD239B00D3589B69A7
:1074B0000B22BA181178FA681000984701E00223ED
:1074C00000E000231800BD4606B080BD80B586B040
:1074D00000AFF8607A600B203B180A1C1A703B184A
:1074E0001B78002B00D08EE0FB6814337B61FA68B8
:1074F000A5239B00D358022B64D17B69DA687B6992
:107500001B699A4215D97B69DA687B691B69D21AB3
:107510007B69DA607B69DB689AB27968FB6818007E
:1075200000F0E9FFF86800230022002101F031FC9F
:1075300059E07B699A687B691B6919001000F8F7AC
:1075400069FE0B1E1FD17B699A687B691B699A4291
:1075500019D37B699A68F968A6239B00CB589A4295
:1075600011D2FB6800220021180000F0C4FFFA6865
:10757000A6239B000021D150F8680023002200219F
:1075800001F007FC2FE0FA68AD239B00D358DB68BD
:10759000002B0DD0FA68A7239B00D35C032B07D1E7
:1075A000FA68AD239B00D358DB68FA68100098474F
:1075B000FB688021180001F004FBFB68180000F054
:1075C000D4FF10E0FA68A5239B00D358042B05D004
:1075D000FA68A5239B00D358002B04D1FB688021B7
:1075E000180001F0EEFAFA68A8239B00D35C012B87
:1075F00024D1FB681800FFF743FEFA68A8239B001C
:107600000021D1541AE0FA68AD239B00D3585B697E
:10761000002B11D0FA68A7239B00D35C032B0BD15E
:10762000FA68AD239B00D3585B690B22BA18117816
:10763000FA681000984701E0022300E000231800D8
:10764000BD4606B080BD80B582B000AF7860786876
:1076500040230022002101F052FA7A68AC235B003B
:107660000121D1507A68B2235B004021D150786863
:1076700040230022802101F042FA7B6801229A61B6
:107680007B6840225A627A68A7239B000121D1546B
:107690007A68A5239B000021D1507B6800225A60A4
:1076A0007A68A9239B000021D1507A68AE239B0001
:1076B000D358002B0AD07A68AD239B00D3585A6860
:1076C0007B685B68D9B27B6818009047002318007C
:1076D000BD4602B080BD80B582B000AF78600A00C0
:1076E000FB1C1A707B68FA1C12781A7400231800AD
:1076F000BD4602B080BD000080B582B000AF7860AA
:107700007A68A7239B00D15C7B68064A99547A6803
:10771000A7239B000421D15400231800BD4602B0CA
:1077200080BDC0469D02000080B582B000AF786089
:107730007A68A7239B00D35C042B06D17B68054A9B
:10774000995C7A68A7239B00D15400231800BD469A
:1077500002B080BD9D02000080B582B000AF7860AD
:107760007A68A7239B00D35C032B0ED17A68AD23E4
:107770009B00D358DB69002B07D07A68AD239B00B0
:10778000D358DB697A681000984700231800BD467B
:1077900002B080BD80B584B000AF786039600F233F
:1077A000FB1800221A703B681B781A0060231340F4
:1077B000402B04D04FD8002B0BD0202B4BD17A6814
:1077C000AD239B00D3589B6839687A6810009847AE
:1077D00048E03B685B78092B35D89A00254BD318D5
:1077E0001B689F463A687B681100180000F052FA47
:1077F00030E03A687B681100180000F0FDFB29E0DA
:107800003A687B681100180000F04AFC22E03A68F0
:107810007B681100180000F0E7FC1BE03A687B6809
:107820001100180000F01BFD14E03A687B6811009D
:10783000180000F04EFD0DE03A687B68110018005A
:1078400000F05DFD06E03A687B681100180000F06A
:10785000B4FDC04606E03A687B681100180000F0ED
:10786000ACFDC0460F23FB181B781800BD4604B0C2
:1078700080BDC0468C8F0008B0B584B000AF786082
:1078800039600F23FB1800221A703B681B781A001E
:1078900060231340402B04D039D8002B01D0202B7B
:1078A00035D17A68A7239B00D35C013B022B25D8F6
:1078B0003B689B88DBB2012B19D87A68AD239B000B
:1078C000D3589B680F257C1939687A68100098474F
:1078D000030023703B68DB88002B16D17B191B78D3
:1078E000002B12D17B68180000F02BFE0DE03A68E7
:1078F0007B681100180000F060FD06E03A687B68C4
:107900001100180000F059FD00E0C04606E03A689A
:107910007B681100180000F050FDC04600231800DD
:10792000BD4604B0B0BDB0B584B000AF786039607A
:107930000F23FB1800221A703B689A880E23FB184D
:107940001A703B681B781A0060231340402B06D046
:1079500000D990E1002B0CD0202B00D08BE17A686D
:10796000AD239B00D3589B6839687A68100098470C
:1079700088E13B681B781A0060231340202B0FD14D
:107980007A68AD239B00D3589B680F257C19396812
:107990007A6810009847030023707B191B7874E104
:1079A0003B685B78032B07D000DD5CE1002B00D146
:1079B00092E0012B4BD056E17A68A7239B00D35C61
:1079C000022B02D0032B1DD039E00E22BB181B78EE
:1079D000002B10D0BB181B78802B0CD0BB181A784A
:1079E0007B681100180001F0ECF87B68802118001A
:1079F00001F0E7F82AE03A687B681100180000F00F
:107A0000DCFC23E03B685B88002B13D10E22BB1803
:107A10001B78002B0ED0BB181B78802B0AD03B683C
:107A2000DB88002B06D1BB181A787B681100180080
:107A300001F0C7F87B68180000F083FD06E03A68A3
:107A40007B681100180000F0B8FCC04612E17A68AB
:107A5000A7239B00D35C022B02D0032B1DD032E066
:107A60000E22BB181B78002B10D0BB181B78802B64
:107A70000CD0BB181A787B681100180001F0A1F82F
:107A80007B688021180001F09CF824E03A687B684C
:107A90001100180000F091FC1DE03B685B88002B92
:107AA00018D10E217B181B787F22134006D07B183B
:107AB0001A787B681100180001F0AEF87B68180096
:107AC00000F03FFD06E03A687B681100180000F006
:107AD00074FC00E0C046CDE07A68A7239B00D35C2D
:107AE000022B02D0032B3CD0B5E00E22BB181B7832
:107AF000002B0AD0BB181B78802B06D03A687B6815
:107B00001100180000F059FCACE00E22BB181B78E5
:107B10005BB2002B0CDABB181B787F221A401300D3
:107B20009B009B189B0010337A68D31804330DE038
:107B30000E23FB181B787F221A4013009B009B1812
:107B40009B005133FF337A68D3180433BB60BB68A2
:107B500000221A60B9687B680222180000F0ABFCB2
:107B600080E00E22BB181B785BB2002B14DABB1826
:107B70001B780F221A40796813009B009B189B000A
:107B8000CB1818331B68002B1ED13A687B68110094
:107B9000180000F012FC65E00E23FB181B780F2282
:107BA0001A407868AC23590013009B009B189B0077
:107BB000C3185B181B68002B06D13A687B6811005C
:107BC000180000F0FAFB4DE00E22BB181B785BB2E8
:107BD000002B0CDABB181B787F221A4013009B0085
:107BE0009B189B0010337A68D31804330DE00E23E2
:107BF000FB181B787F221A4013009B009B189B00E8
:107C00005133FF337A68D3180433BB600E22BB189C
:107C10001B78002B03D0BB181B78802B03D1BB68CB
:107C200000221A6010E00E23FB181A787B681100FE
:107C3000180001F01CF8031E03D0BB6801221A6073
:107C400002E0BB6800221A60B9687B680222180053
:107C500000F031FC06E03A687B681100180000F083
:107C6000ACFBC04606E03A687B681100180000F0E3
:107C7000A4FBC04606E03A687B681100180000F0DB
:107C80009CFBC0460F23FB181B781800BD4604B0B0
:107C9000B0BD000080B584B000AF786039600823C3
:107CA000FB1800221A800023FB600B23FB18002224
:107CB0001A703B685B881B0A9BB2072B00D959E1FD
:107CC0009A00CB4BD3181B689F467A68AC239B0065
:107CD000D3581B687A68127C0821791810009847DD
:107CE0000300FB6053E17B681B7C002B0FD17A689B
:107CF000AD239B00D3589B6A0822BA1810009847FE
:107D00000300FB60FB68013302221A703FE17A68CE
:107D1000AD239B00D358DB6A0822BA18100098479D
:107D20000300FB60FB68013302221A702FE13B68FD
:107D30005B88DBB2052B00D9D0E09A00AD4BD3189D
:107D40001B689F467A68AC239B00D3585B68002B66
:107D50000DD07A68AC239B00D3585B687A68127C9C
:107D600008217918100098470300FB60C3E03A68C7
:107D70007B681100180000F020FB0B217B181A789B
:107D80007B1801321A70B6E07A68AC239B00D35896
:107D90009B68002B0DD07A68AC239B00D3589B685E
:107DA0007A68127C08217918100098470300FB605C
:107DB000A1E03A687B681100180000F0FEFA0B2180
:107DC0007B181A787B1801321A7094E07A68AC2319
:107DD0009B00D358DB68002B0DD07A68AC239B0046
:107DE000D358DB687A68127C08217918100098470C
:107DF0000300FB607FE03A687B681100180000F028
:107E0000DCFA0B217B181A787B1801321A7072E0A9
:107E10007A68AC239B00D3581B69002B0DD07A687D
:107E2000AC239B00D3581B697A68127C082179180F
:107E3000100098470300FB605DE03A687B68110022
:107E4000180000F0BAFA0B217B181A787B1801325F
:107E50001A7050E07A68AC239B00D3585B69002B02
:107E60000DD07A68AC239B00D3585B697A68127C8A
:107E700008217918100098470300FB603BE03A683E
:107E80007B681100180000F098FA0B217B181A7813
:107E90007B1801321A702EE07A68AC239B00D3580D
:107EA0009B69002B0DD07A68AC239B00D3589B694B
:107EB0007A68127C08217918100098470300FB604B
:107EC00019E03A687B681100180000F076FA0B217F
:107ED0007B181A787B1801321A700CE03A687B68BC
:107EE0001100180000F069FA0B217B181A787B1832
:107EF00001321A704BE04AE07B681B7C002B0BD1EF
:107F00007A68AD239B00D3585B6B0822BA18100027
:107F100098470300FB603AE03A687B68110018005C
:107F200000F04BFA0B217B181A787B1801321A707B
:107F30002DE07B681B7C002B0FD17A68AD239B0062
:107F4000D3581B6B0822BA18100098470300FB6037
:107F5000FB68013307221A7019E03A687B68110048
:107F6000180000F02AFA0B217B181A787B180132CE
:107F70001A700CE03A687B681100180000F01DFAD6
:107F80000B217B181A787B1801321A70C0460B231C
:107F9000FB181B78002B27D108217B181B88002B8E
:107FA00019D03B68DB88002B15D03B68DA887B183A
:107FB0001B88181C111C8AB283B29A4200D9011C7A
:107FC0008AB208217B181A807B181A88F9687B68A6
:107FD000180000F070FA3B68DB88002B05D17B6845
:107FE000180000F0AEFA00E0C046BD4604B080BD07
:107FF000B48F0008D48F000890B585B000AF7860CA
:1080000039603B689B88002B3DD13B68DB88002BA7
:1080100039D13B685B887F2B35D83B685B88DAB207
:108020000F23FB187F210A401A707A68A7239B0050
:10803000D35C032B06D13A687B681100180000F06E
:10804000BCF927E07B680F243A19144912785A5476
:108050003B191A787B681100180000F038FE7B6825
:10806000180000F06EFA3B191B78002B05D07A68D7
:10807000A7239B000221D1540CE07A68A7239B0020
:108080000121D15406E03A687B681100180000F025
:1080900094F9C046C046BD4605B090BD9E020000A2
:1080A00080B582B000AF786039603B685B88DAB237
:1080B0004C4B1A704B4B1B78012B06D93A687B68E6
:1080C0001100180000F079F988E07A68A7239B0076
:1080D000D35C022B02D0032B29D071E0414B1B78DB
:1080E000002B1FD03F4B1B781A007B685A607A68C0
:1080F000A7239B000321D1543A4B1A787B681100C7
:108100001800FFF7C6F80300022B06D13A687B6817
:108110001100180000F051F960E07B68180000F0D1
:1081200010FA5BE07B68180000F00BFA56E02D4B6C
:108130001B78002B15D17A68A7239B000221D1540C
:10814000284B1B781A007B685A60264B1A787B688C
:1081500011001800FFF7C4F87B68180000F0F1F96F
:108160003CE0204B1B781A007B685B689A4222D067
:108170007B685B68DAB27B6811001800FFF7B0F823
:10818000184B1B781A007B685A60164B1A787B686C
:1081900011001800FFF77DF80300022B06D13A68A2
:1081A0007B681100180000F008F917E07B681800E0
:1081B00000F0C7F912E07B68180000F0C2F90DE08A
:1081C0003A687B681100180000F0F7F8054B1A7840
:1081D0007B6811001800FFF783F8C046BD4602B067
:1081E00080BDC046F401002080B582B000AF786049
:1081F00039603B68DB88012B06D03A687B68110048
:10820000180000F0DAF826E07A68A7239B00D35C18
:10821000022B02DC002B03DC16E0032B0CD013E056
:108220007B6800229A607B68083319007B68012212
:10823000180000F040F90EE07B68191D7B680122F0
:10824000180000F038F906E03A687B681100180061
:1082500000F0B3F8C046C046BD4602B080BD80B550
:1082600082B000AF786039607A68A7239B00D35C46
:10827000013B022B22D83B68DB88022B06D03A68F0
:108280007B681100180000F098F81EE07B6801225E
:10829000DA607A68A9239B00D358002B05D07B684D
:1082A000DB6802221A437B68DA607B680C331900B2
:1082B0007B680222180000F0FEF806E03A687B684E
:1082C0001100180000F079F8C046C046BD4602B063
:1082D00080BD80B582B000AF786039603B685B8854
:1082E000012B08D17A68A9239B000121D1507B681A
:1082F000180000F026F9C046BD4602B080BD80B52A
:1083000082B000AF786039607A68A7239B00D35CA5
:10831000013B022B0DD83B685B88012B10D17A689A
:10832000A9239B000021D1507B68180000F009F9B7
:1083300006E03A687B681100180000F03EF800E0A3
:10834000C046C046BD4602B080BD80B582B000AF19
:10835000786039603B681A787B681A703B685A7895
:108360007B685A703B6802331B781A003B68033302
:108370001B781B029BB2D3189AB27B685A803B6869
:1083800004331B781A003B6805331B781B029BB231
:10839000D3189AB27B689A803B6806331B781A0020
:1083A0003B6807331B781B029BB2D3189AB27B68D9
:1083B000DA80C046BD4602B080BD80B582B000AF55
:1083C000786039607B688021180000F0FAFB7B68D8
:1083D0000021180000F0F5FBC046BD4602B080BD8C
:1083E00090B587B000AFF860B9607A6017243B1988
:1083F00000221A70FB68002B3CD0FB68180000F0CC
:108400003DF8030001339BB2DB189AB27B681A80F7
:108410003B191B783A19591C11701A00BB689B183C
:108420007A6812781A703B191B783A19591C117026
:108430001A00BB689B1803221A7017E0FB685A1CCD
:10844000FA6017243A1912783919501C0870110073
:10845000BA6852181B7813703B191B783A19591CCB
:1084600011701A00BB689B1800221A70FB681B78F9
:10847000002BE3D1C046BD4607B090BD80B584B0A7
:1084800000AF78600F23FB1800221A7008E00F215C
:108490007B181A787B1801321A707B6801337B6075
:1084A0007B681B78002BF2D10F23FB181B78180078
:1084B000BD4604B080BD80B584B000AFF860B9603F
:1084C000BB1D1A80FA68A5239B000221D150BB1D59
:1084D0001A88FB68DA61BB1D1A88FB681A62BB1D2B
:1084E0001B88BA68F868002100F01CFC0023180003
:1084F000BD4604B080BD80B584B000AFF860B960FF
:10850000BB1D1A80BB1D1B88BA68F868002100F0EB
:1085100009FC00231800BD4604B080BD80B584B0BE
:1085200000AFF860B960BB1D1A80BB1D1B88BA681C
:10853000F868002100F02DFC00231800BD4604B0AF
:1085400080BD80B582B000AF78607A68A5239B00BB
:108550000421D150786800230022002100F0E2FBC2
:1085600000231800BD4602B080BD80B582B000AFC8
:1085700078607A68A5239B000521D1507868002394
:108580000022002100F005FC00231800BD4602B0C7
:1085900080BD000080B500AF0F49104B00221800CD
:1085A000FEF710FE031E01D0F8F7F2FC0C4A0B4B4D
:1085B00011001800FEF737FE031E01D0F8F7E8FCA3
:1085C000064B1800FEF74FFE031E01D0F8F7E0FC43
:1085D000C046BD4680BDC04608010020F80100200D
:1085E0000C00002080B582B000AF02003960FB1D96
:1085F0001A703B6812221A80024B1800BD4602B066
:1086000080BDC0462401002080B582B000AF0200CA
:108610003960FB1D1A703B6804221A80024B180057
:10862000BD4602B080BDC0463801002080B582B092
:1086300000AF02003960FB1D1A70FB1D1B78002B78
:1086400006D13A680849094B1800FFF7C9FE05E052
:108650003A680549054B1800FFF7C2FE024B1800A7
:10866000BD4602B080BDC046BC040020148F000887
:1086700080B582B000AF02003960FB1D1A703A6805
:108680000449054B1800FFF7ABFE024B1800BD462E
:1086900002B080BDBC0400202C8F000880B582B0E1
:1086A00000AF02003960FB1D1A703B681A221A8065
:1086B00000F04CF8024B1800BD4602B080BDC04629
:1086C0003C01002080B582B000AF02003960FB1D84
:1086D0001A70FB1D1B78002B06D13A680849094B1C
:1086E0001800FFF77DFE05E03A680549054B1800C4
:1086F000FFF776FE024B1800BD4602B080BDC046B3
:10870000BC040020408F000880B582B000AF02009A
:108710003960FB1D1A70FB1D1B78002B06D13A68CF
:108720000849094B1800FFF75BFE05E03A68054968
:10873000054B1800FFF754FE024B1800BD4602B06F
:1087400080BDC046BC0400204C8F000880B584B0BA
:1087500000AF104B1B68FB600F4B1B68BB600F4BDF
:108760001B687B60FA687B68D318FB60FB68002B92
:108770000BD00B49FB680822180000F015F80949D6
:10878000BB680422180000F00FF8C046BD4604B0D4
:1087900080BDC046ACF7FF1FB0F7FF1FB4F7FF1F47
:1087A0003E0100204E01002080B586B000AFF86089
:1087B000B960FB1D1A7017217B1800221A707B18F4
:1087C00000221A702FE0FB681B0F092B0DD8FB68E5
:1087D0001B0FDAB21723FB181B785B001900BB686C
:1087E0005B183032D2B21A700CE0FB681B0FDAB2A1
:1087F0001723FB181B785B001900BB685B18373226
:10880000D2B21A70FB681B01FB6017217B181B7822
:108810005B000133BA68D31800221A707B181A78EB
:108820007B1801321A701723FA18FB1D12781B7877
:108830009A42C8D3C046C046BD4606B080BD0000BF
:1088400080B584B000AF78607B681B680E4A9342A5
:1088500015D10E4BDA690D4B802109040A43DA6108
:108860000A4BDA6980231B041340FB60FB6800227B
:1088700000211F20F9F744FC1F20F9F756FCC046E1
:10888000BD4604B080BDC046005C00400010024000
:1088900080B582B000AF78607A68B6239B00D2586A
:1088A0007B68A62189008C46634419001000FEF7FE
:1088B0002DFDC046BD4602B080BD90B583B000AF6F
:1088C00078600A00FB1C1A707A68B6239B00D458A3
:1088D000FB1C1A787868B223590013009B009B1880
:1088E000DB00C3185B181A68FB1C1B7819002000FA
:1088F000FEF76AFDC046BD4603B090BD80B582B0AC
:1089000000AF78600A00FB1C1A707A68B6239B00DF
:10891000D058FB1C1A78796813009B009B18DB0069
:10892000CB1824331A68FB1C1B781900FEF7CEFD08
:10893000C046BD4602B080BD80B582B000AF786051
:108940007A68B6239B00D3581800FEF705FFC0468F
:10895000BD4602B080BD80B584B000AF78600F2303
:10896000FB1801221A707B685B79022B01D0F8F7A3
:108970000FFB7A68B6239B00D2580F23FB181B7895
:1089800019001000FEF7A7FE7A68B6239B00D358A3
:108990001800FEF758FEC046BD4604B080BD00007A
:1089A00080B582B000AF78607A68B6239B00D35858
:1089B0001800FEF7A1FE7B685B7A002B05D0054B03
:1089C0001A69044B06210A431A61C046BD4602B02B
:1089D00080BDC04600ED00E080B582B000AF786099
:1089E0007B685B7A002B07D0094B1A69084B06217C
:1089F0008A431A6100F018FA7A68B6239B00D358AC
:108A00001800FEF791FEC046BD4602B080BDC046CC
:108A100000ED00E080B582B000AF7860234AB62355
:108A20009B007968D1507A68B0239B001F49D150D0
:108A30001E4B1F4A1A601D4B08221A711B4B022243
:108A40005A711A4B0222DA71184B00225A72174BD4
:108A500000229A72154B0022DA72144B1800F9F7B3
:108A600031FD031E01D0F8F793FA7A68B0239B001A
:108A7000D058182300220021FBF7CAFA7A68B023E5
:108A80009B00D058582300228021FBF7C1FA7A6856
:108A9000B0239B00D05880235B0000228121FBF78C
:108AA000B7FA00231800BD4602B080BDBC06002006
:108AB000005C0040F0B585B000AF78600F217B18F6
:108AC00000221A700E26BB1900221A707A68B02391
:108AD0009B00D3580D007C181800F9F7E7FD030040
:108AE0002370BC197B191B78180000F0A4F903004F
:108AF0002370BB191B781800BD4605B0F0BDF0B55A
:108B000085B000AF78600C0010001900FB1C221C1F
:108B10001A70BB1C021C1A703B000A1C1A800F261C
:108B2000BB1900221A700E257B1900221A707A6870
:108B3000B0239B00D058BC19BB1C1D783B001A8881
:108B4000FB1C19782B00F9F745FF030023700E2555
:108B50007C19BB191B78180000F06DF90300237015
:108B60007B191B781800BD4605B0F0BDF0B585B087
:108B700000AF78600A00FB1C1A700F217B180022DE
:108B80001A700E26BB1900221A707A68B0239B0057
:108B9000D2580D007C18FB1C1B7819001000F9F747
:108BA00088FF03002370BC197B191B78180000F0A4
:108BB00042F903002370BB191B781800BD4605B0AD
:108BC000F0BDF0B585B000AF78600A00FB1C1A70EC
:108BD0000F217B1800221A700E26BB1900221A7072
:108BE0007A68B0239B00D2580D007C18FB1C1B78C0
:108BF00019001000FAF721F803002370BC197B1943
:108C00001B78180000F017F903002370BB191B78BC
:108C10001800BD4605B0F0BDF0B585B000AF786076
:108C20000A00FB1C1A700F217B1800221A700E26F6
:108C3000BB1900221A707A68B0239B00D2580D002D
:108C40007C18FB1C1B7819001000FAF752F803007F
:108C50002370BC197B191B78180000F0ECF8030096
:108C60002370BB191B781800BD4605B0F0BD80B558
:108C700084B000AF78600A00FB1C1A707A68B023D9
:108C80009B00D358FB60FB1C1B785BB2002B0CDAFB
:108C9000FB1C1B787F221A40F96813009B009B186D
:108CA000DB00CB1812331B780DE0FB1C1B787F22F6
:108CB0001A40F868A923590013009B009B18DB0099
:108CC000C3185B181B781800BD4604B080BDF0B512
:108CD00085B000AF78600A00FB1C1A700F217B186A
:108CE00000221A700E26BB1900221A707A68B0236F
:108CF0009B00D2580D007C18FB1C1B78190010003B
:108D0000F9F73EFE03002370BC197B191B7818008D
:108D100000F091F803002370BB191B781800BD46C2
:108D200005B0F0BDF0B587B000AFF86008007A601C
:108D300019000B23FB18021C1A7008243B190A1C8B
:108D40001A8017217B1800221A7016257B19002221
:108D50001A70FA68B0239B00D0583B191D880E008A
:108D60007C187A680B23FB1819782B00F9F729FF78
:108D70000300237016257C19BB191B78180000F01E
:108D80005AF8030023707B191B781800BD4607B002
:108D9000F0BDF0B587B000AFF86008007A60190048
:108DA0000B23FB18021C1A7008243B190A1C1A809A
:108DB00017217B1800221A7016257B1900221A70C1
:108DC000FA68B0239B00D0583B191D880E007C1810
:108DD0007A680B23FB1819782B00F9F7BBFE030008
:108DE000237016257C19BB191B78180000F023F896
:108DF000030023707B191B781800BD4607B0F0BD37
:108E000080B582B000AF7860024B1800BD4602B05A
:108E100080BDC0469809002080B582B000AF786060
:108E2000C046BD4602B080BD80B500AFF7F7B4FFC5
:108E3000C046BD4680BD80B584B000AF0200FB1DBA
:108E40001A700F23FB1800221A70FB1D1B78032BCE
:108E500017D01BDC022B0FD018DC002B02D0012B0B
:108E600005D013E00F23FB1800221A7013E00F2324
:108E7000FB1802221A700EE00F23FB1801221A7051
:108E800009E00F23FB1802221A7004E00F23FB18DD
:108E900002221A70C0460F23FB181B781800BD462B
:108EA00004B080BD03008218934200D1704719704E
:108EB0000133F9E770B500260C4C0D4D641BA4106E
:108EC000A64209D1002600F019F80A4C0A4D641B8D
:108ED000A410A64205D170BDB300EB5898470136E7
:108EE000EEE7B300EB5898470136F2E7EC8F000845
:108EF000EC8F0008F08F0008EC8F0008F8B5C04632
:108F0000F8BC08BC9E467047F8B5C046F8BC08BC23
:048F10009E467047C2
:108F140053544D33322048756D616E20696E74650B
:108F2400726661636500000053544D6963726F6536
:108F34006C656374726F6E69637300004849442002
:108F4400436F6E666967000048494420496E746542
:108F5400726661636500000000000000000000000C
:108F640001020304060708090203040506070809A9
:108F74000A0B0C0D0E0F101001020304050607085E
:108F8400090A0B0C0D0E0F101C7800083878000825
:108F9400467800082A78000846780008F277000826
:108FA400E4770008467800080E7800080078000886
:108FB400747F0008CA7C0008E67C00082E7D000847
:108FC400747F0008747F0008F87E0008327F000870
:108FD400447D0008887D0008CC7D0008107E0008D0
:088FE400547E0008987E00088D
:048FEC00E900000890
:048FF000C1000008B4
:108FF40000127A000400000001000000276E00083F
:109004007D6E0008C96E000800000000000000002A
:10901400857100080000000000000000000000004E
:10902400000000004D7100083171000869710008EA
:10903400A971000809022200010100E032090400BC
:10904400000103010100092111010001223F000771
:1090540005810304000A000009022200010100E066
:109064003209040000010301020009211101000179
:10907400223F0007058103040007000009022200C3
:10908400010100E03209040000010301020009218A
:1090940011010001223F000705810304000A0000BA
:1090A400092111010001223F000000000A0600020C
:1090B400000000400100000005010906A1010507A8
:1090C40019E029E71500250175019508810295012C
:1090D4007508810395057501050819012905910293
:1090E4009501750391039506750815002565050717
:1090F400190029658100C000E5850008098600087B
:10910400718600082D8600089D860008C586000823
:1091140009870008120100020000004083042B5755
:109124000002010203010000040309041A03000001
:10913400000000000000000000000000000000002B
:08914400000000000000000023
:0400000508001101DD
:00000001FF
